Copyright 1986-2022 Xilinx, Inc. All Rights Reserved. Copyright 2022-2026 Advanced Micro Devices, Inc. All Rights Reserved.
---------------------------------------------------------------------------------------------------------------------------------------------------------------------------------------------------------------
| Tool Version : Vivado v.2026.1 (win64) Build 6511674 Tue Jun 16 11:02:23 MDT 2026
| Date         : Mon Oct  5 20:36:33 2026
| Host         : DESKTOP-4GB7DVJ running 64-bit major release  (build 9200)
| Command      : report_timing -delay_type max -path_type full_clock_expanded -input_pins -max_paths 25 -nworst 1 -file C:/FPGA/kan56-timing-sweep/reports/kan56/p1070/timing/post_route_worst_setup_paths.rpt
| Design       : fpga_top_pipeline_dot4acc_memopt_h13b_timingopt_t2
| Device       : 7a35t-cpg236
| Speed File   : -1  PRODUCTION 1.23 2018-06-13
| Design State : Routed
---------------------------------------------------------------------------------------------------------------------------------------------------------------------------------------------------------------

Timing Report

Slack (VIOLATED) :        -0.157ns  (required time - arrival time)
  Source:                 cpu_inst/data_mem_inst/mem_reg/CLKARDCLK
                            (rising edge-triggered cell RAMB18E1 clocked by sys_clk_pin  {rise@0.000ns fall@5.350ns period=10.700ns})
  Destination:            cpu_inst/id_ex_reg_reg[operand_a][13]/R
                            (rising edge-triggered cell FDRE clocked by sys_clk_pin  {rise@0.000ns fall@5.350ns period=10.700ns})
  Path Group:             sys_clk_pin
  Path Type:              Setup (Max at Slow Process Corner)
  Requirement:            10.700ns  (sys_clk_pin rise@10.700ns - sys_clk_pin rise@0.000ns)
  Data Path Delay:        10.222ns  (logic 4.491ns (43.935%)  route 5.731ns (56.065%))
  Logic Levels:           11  (CARRY4=3 LUT3=1 LUT4=2 LUT5=3 LUT6=2)
  Clock Path Skew:        -0.075ns (DCD - SCD + CPR)
    Destination Clock Delay (DCD):    4.792ns = ( 15.492 - 10.700 ) 
    Source Clock Delay      (SCD):    5.128ns
    Clock Pessimism Removal (CPR):    0.260ns
  Clock Uncertainty:      0.035ns  ((TSJ^2 + TIJ^2)^1/2 + DJ) / 2 + PE
    Total System Jitter     (TSJ):    0.071ns
    Total Input Jitter      (TIJ):    0.000ns
    Discrete Jitter          (DJ):    0.000ns
    Phase Error              (PE):    0.000ns

    Location             Delay type                Incr(ns)  Path(ns)    Netlist Resource(s)
  -------------------------------------------------------------------    -------------------
                         (clock sys_clk_pin rise edge)
                                                      0.000     0.000 r  <hidden>
    W5                                                0.000     0.000 r  clk
                         net (fo=0)                   0.000     0.000    clk
    W5                                                                r  clk_IBUF_inst/I
    W5                   IBUF (Prop_ibuf_I_O)         1.458     1.458 r  clk_IBUF_inst/O
                         net (fo=1, routed)           1.967     3.425    clk_IBUF
    BUFGCTRL_X0Y0                                                     r  clk_IBUF_BUFG_inst/I
    BUFGCTRL_X0Y0        BUFG (Prop_bufg_I_O)         0.096     3.521 r  clk_IBUF_BUFG_inst/O
                         net (fo=1820, routed)        1.607     5.128    cpu_inst/data_mem_inst/clk_IBUF_BUFG
    RAMB18_X0Y4          RAMB18E1                                     r  cpu_inst/data_mem_inst/mem_reg/CLKARDCLK
  -------------------------------------------------------------------    -------------------
    RAMB18_X0Y4          RAMB18E1 (Prop_ramb18e1_CLKARDCLK_DOADO[1])
                                                      2.454     7.582 f  cpu_inst/data_mem_inst/mem_reg/DOADO[1]
                         net (fo=6, routed)           0.982     8.564    cpu_inst/data_mem_inst/read_data[1]
    SLICE_X9Y7                                                        f  cpu_inst/data_mem_inst/product0_reg_reg_i_39/I2
    SLICE_X9Y7           LUT5 (Prop_lut5_I2_O)        0.124     8.688 f  cpu_inst/data_mem_inst/product0_reg_reg_i_39/O
                         net (fo=1, routed)           0.640     9.328    cpu_inst/data_mem_inst/product0_reg_reg_i_39_n_0
    SLICE_X9Y7                                                        f  cpu_inst/data_mem_inst/product0_reg_reg_i_26/I2
    SLICE_X9Y7           LUT5 (Prop_lut5_I2_O)        0.124     9.452 r  cpu_inst/data_mem_inst/product0_reg_reg_i_26/O
                         net (fo=3, routed)           1.098    10.549    cpu_inst/dot4acc_pipeline_inst/redirect_pending_target_reg[31]_i_16_2
    SLICE_X8Y11                                                       r  cpu_inst/dot4acc_pipeline_inst/redirect_pending_target[31]_i_24/I2
    SLICE_X8Y11          LUT6 (Prop_lut6_I2_O)        0.124    10.673 r  cpu_inst/dot4acc_pipeline_inst/redirect_pending_target[31]_i_24/O
                         net (fo=1, routed)           0.000    10.673    cpu_inst/dot4acc_pipeline_inst/redirect_pending_target[31]_i_24_n_0
    SLICE_X8Y11                                                       r  cpu_inst/dot4acc_pipeline_inst/redirect_pending_target_reg[31]_i_16/S[0]
    SLICE_X8Y11          CARRY4 (Prop_carry4_S[0]_CO[3])
                                                      0.513    11.186 r  cpu_inst/dot4acc_pipeline_inst/redirect_pending_target_reg[31]_i_16/CO[3]
                         net (fo=1, routed)           0.000    11.186    cpu_inst/dot4acc_pipeline_inst/redirect_pending_target_reg[31]_i_16_n_0
    SLICE_X8Y12                                                       r  cpu_inst/dot4acc_pipeline_inst/redirect_pending_target_reg[31]_i_12/CI
    SLICE_X8Y12          CARRY4 (Prop_carry4_CI_CO[3])
                                                      0.117    11.303 r  cpu_inst/dot4acc_pipeline_inst/redirect_pending_target_reg[31]_i_12/CO[3]
                         net (fo=1, routed)           0.000    11.303    cpu_inst/dot4acc_pipeline_inst/redirect_pending_target_reg[31]_i_12_n_0
    SLICE_X8Y13                                                       r  cpu_inst/dot4acc_pipeline_inst/redirect_pending_target_reg[31]_i_5/CI
    SLICE_X8Y13          CARRY4 (Prop_carry4_CI_CO[2])
                                                      0.229    11.532 r  cpu_inst/dot4acc_pipeline_inst/redirect_pending_target_reg[31]_i_5/CO[2]
                         net (fo=18, routed)          0.515    12.047    cpu_inst/dot4acc_pipeline_inst/ex_branch_taken0
    SLICE_X8Y10                                                       r  cpu_inst/dot4acc_pipeline_inst/led_OBUF[12]_inst_i_6/I3
    SLICE_X8Y10          LUT4 (Prop_lut4_I3_O)        0.310    12.357 r  cpu_inst/dot4acc_pipeline_inst/led_OBUF[12]_inst_i_6/O
                         net (fo=42, routed)          0.365    12.722    cpu_inst/dot4acc_pipeline_inst/led_OBUF[12]_inst_i_6_n_0
    SLICE_X9Y8                                                        r  cpu_inst/dot4acc_pipeline_inst/id_ex_reg[pc][31]_i_11/I0
    SLICE_X9Y8           LUT4 (Prop_lut4_I0_O)        0.124    12.846 f  cpu_inst/dot4acc_pipeline_inst/id_ex_reg[pc][31]_i_11/O
                         net (fo=1, routed)           0.154    13.000    cpu_inst/dot4acc_pipeline_inst/id_ex_reg[pc][31]_i_11_n_0
    SLICE_X9Y8                                                        f  cpu_inst/dot4acc_pipeline_inst/id_ex_reg[pc][31]_i_3/I5
    SLICE_X9Y8           LUT6 (Prop_lut6_I5_O)        0.124    13.124 r  cpu_inst/dot4acc_pipeline_inst/id_ex_reg[pc][31]_i_3/O
                         net (fo=13, routed)          0.626    13.751    cpu_inst/dot4acc_pipeline_inst/id_ex_reg[pc][31]_i_3_n_0
    SLICE_X8Y6                                                        r  cpu_inst/dot4acc_pipeline_inst/id_ex_reg[operand_b][31]_i_4/I2
    SLICE_X8Y6           LUT5 (Prop_lut5_I2_O)        0.124    13.875 r  cpu_inst/dot4acc_pipeline_inst/id_ex_reg[operand_b][31]_i_4/O
                         net (fo=3, routed)           0.517    14.391    cpu_inst/dot4acc_pipeline_inst/id_ex_reg[operand_b][31]_i_4_n_0
    SLICE_X8Y6                                                        r  cpu_inst/dot4acc_pipeline_inst/id_ex_reg[operand_a][31]_i_1/I1
    SLICE_X8Y6           LUT3 (Prop_lut3_I1_O)        0.124    14.515 r  cpu_inst/dot4acc_pipeline_inst/id_ex_reg[operand_a][31]_i_1/O
                         net (fo=32, routed)          0.834    15.350    cpu_inst/dot4acc_pipeline_inst_n_4
    SLICE_X10Y5          FDRE                                         r  cpu_inst/id_ex_reg_reg[operand_a][13]/R
  -------------------------------------------------------------------    -------------------

                         (clock sys_clk_pin rise edge)
                                                     10.700    10.700 r  <hidden>
    W5                                                0.000    10.700 r  clk
                         net (fo=0)                   0.000    10.700    clk
    W5                                                                r  clk_IBUF_inst/I
    W5                   IBUF (Prop_ibuf_I_O)         1.388    12.088 r  clk_IBUF_inst/O
                         net (fo=1, routed)           1.862    13.950    clk_IBUF
    BUFGCTRL_X0Y0                                                     r  clk_IBUF_BUFG_inst/I
    BUFGCTRL_X0Y0        BUFG (Prop_bufg_I_O)         0.091    14.041 r  clk_IBUF_BUFG_inst/O
                         net (fo=1820, routed)        1.451    15.492    cpu_inst/clk_IBUF_BUFG
    SLICE_X10Y5          FDRE                                         r  cpu_inst/id_ex_reg_reg[operand_a][13]/C
                         clock pessimism              0.260    15.752    <hidden>
                         clock uncertainty           -0.035    15.717    <hidden>
    SLICE_X10Y5          FDRE (Setup_fdre_C_R)       -0.524    15.193    cpu_inst/id_ex_reg_reg[operand_a][13]
  -------------------------------------------------------------------
                         required time                         15.193    <hidden>
                         arrival time                         -15.350    <hidden>
  -------------------------------------------------------------------
                         slack                                 -0.157    <hidden>

Slack (VIOLATED) :        -0.157ns  (required time - arrival time)
  Source:                 cpu_inst/data_mem_inst/mem_reg/CLKARDCLK
                            (rising edge-triggered cell RAMB18E1 clocked by sys_clk_pin  {rise@0.000ns fall@5.350ns period=10.700ns})
  Destination:            cpu_inst/id_ex_reg_reg[operand_a][14]/R
                            (rising edge-triggered cell FDRE clocked by sys_clk_pin  {rise@0.000ns fall@5.350ns period=10.700ns})
  Path Group:             sys_clk_pin
  Path Type:              Setup (Max at Slow Process Corner)
  Requirement:            10.700ns  (sys_clk_pin rise@10.700ns - sys_clk_pin rise@0.000ns)
  Data Path Delay:        10.222ns  (logic 4.491ns (43.935%)  route 5.731ns (56.065%))
  Logic Levels:           11  (CARRY4=3 LUT3=1 LUT4=2 LUT5=3 LUT6=2)
  Clock Path Skew:        -0.075ns (DCD - SCD + CPR)
    Destination Clock Delay (DCD):    4.792ns = ( 15.492 - 10.700 ) 
    Source Clock Delay      (SCD):    5.128ns
    Clock Pessimism Removal (CPR):    0.260ns
  Clock Uncertainty:      0.035ns  ((TSJ^2 + TIJ^2)^1/2 + DJ) / 2 + PE
    Total System Jitter     (TSJ):    0.071ns
    Total Input Jitter      (TIJ):    0.000ns
    Discrete Jitter          (DJ):    0.000ns
    Phase Error              (PE):    0.000ns

    Location             Delay type                Incr(ns)  Path(ns)    Netlist Resource(s)
  -------------------------------------------------------------------    -------------------
                         (clock sys_clk_pin rise edge)
                                                      0.000     0.000 r  <hidden>
    W5                                                0.000     0.000 r  clk
                         net (fo=0)                   0.000     0.000    clk
    W5                                                                r  clk_IBUF_inst/I
    W5                   IBUF (Prop_ibuf_I_O)         1.458     1.458 r  clk_IBUF_inst/O
                         net (fo=1, routed)           1.967     3.425    clk_IBUF
    BUFGCTRL_X0Y0                                                     r  clk_IBUF_BUFG_inst/I
    BUFGCTRL_X0Y0        BUFG (Prop_bufg_I_O)         0.096     3.521 r  clk_IBUF_BUFG_inst/O
                         net (fo=1820, routed)        1.607     5.128    cpu_inst/data_mem_inst/clk_IBUF_BUFG
    RAMB18_X0Y4          RAMB18E1                                     r  cpu_inst/data_mem_inst/mem_reg/CLKARDCLK
  -------------------------------------------------------------------    -------------------
    RAMB18_X0Y4          RAMB18E1 (Prop_ramb18e1_CLKARDCLK_DOADO[1])
                                                      2.454     7.582 f  cpu_inst/data_mem_inst/mem_reg/DOADO[1]
                         net (fo=6, routed)           0.982     8.564    cpu_inst/data_mem_inst/read_data[1]
    SLICE_X9Y7                                                        f  cpu_inst/data_mem_inst/product0_reg_reg_i_39/I2
    SLICE_X9Y7           LUT5 (Prop_lut5_I2_O)        0.124     8.688 f  cpu_inst/data_mem_inst/product0_reg_reg_i_39/O
                         net (fo=1, routed)           0.640     9.328    cpu_inst/data_mem_inst/product0_reg_reg_i_39_n_0
    SLICE_X9Y7                                                        f  cpu_inst/data_mem_inst/product0_reg_reg_i_26/I2
    SLICE_X9Y7           LUT5 (Prop_lut5_I2_O)        0.124     9.452 r  cpu_inst/data_mem_inst/product0_reg_reg_i_26/O
                         net (fo=3, routed)           1.098    10.549    cpu_inst/dot4acc_pipeline_inst/redirect_pending_target_reg[31]_i_16_2
    SLICE_X8Y11                                                       r  cpu_inst/dot4acc_pipeline_inst/redirect_pending_target[31]_i_24/I2
    SLICE_X8Y11          LUT6 (Prop_lut6_I2_O)        0.124    10.673 r  cpu_inst/dot4acc_pipeline_inst/redirect_pending_target[31]_i_24/O
                         net (fo=1, routed)           0.000    10.673    cpu_inst/dot4acc_pipeline_inst/redirect_pending_target[31]_i_24_n_0
    SLICE_X8Y11                                                       r  cpu_inst/dot4acc_pipeline_inst/redirect_pending_target_reg[31]_i_16/S[0]
    SLICE_X8Y11          CARRY4 (Prop_carry4_S[0]_CO[3])
                                                      0.513    11.186 r  cpu_inst/dot4acc_pipeline_inst/redirect_pending_target_reg[31]_i_16/CO[3]
                         net (fo=1, routed)           0.000    11.186    cpu_inst/dot4acc_pipeline_inst/redirect_pending_target_reg[31]_i_16_n_0
    SLICE_X8Y12                                                       r  cpu_inst/dot4acc_pipeline_inst/redirect_pending_target_reg[31]_i_12/CI
    SLICE_X8Y12          CARRY4 (Prop_carry4_CI_CO[3])
                                                      0.117    11.303 r  cpu_inst/dot4acc_pipeline_inst/redirect_pending_target_reg[31]_i_12/CO[3]
                         net (fo=1, routed)           0.000    11.303    cpu_inst/dot4acc_pipeline_inst/redirect_pending_target_reg[31]_i_12_n_0
    SLICE_X8Y13                                                       r  cpu_inst/dot4acc_pipeline_inst/redirect_pending_target_reg[31]_i_5/CI
    SLICE_X8Y13          CARRY4 (Prop_carry4_CI_CO[2])
                                                      0.229    11.532 r  cpu_inst/dot4acc_pipeline_inst/redirect_pending_target_reg[31]_i_5/CO[2]
                         net (fo=18, routed)          0.515    12.047    cpu_inst/dot4acc_pipeline_inst/ex_branch_taken0
    SLICE_X8Y10                                                       r  cpu_inst/dot4acc_pipeline_inst/led_OBUF[12]_inst_i_6/I3
    SLICE_X8Y10          LUT4 (Prop_lut4_I3_O)        0.310    12.357 r  cpu_inst/dot4acc_pipeline_inst/led_OBUF[12]_inst_i_6/O
                         net (fo=42, routed)          0.365    12.722    cpu_inst/dot4acc_pipeline_inst/led_OBUF[12]_inst_i_6_n_0
    SLICE_X9Y8                                                        r  cpu_inst/dot4acc_pipeline_inst/id_ex_reg[pc][31]_i_11/I0
    SLICE_X9Y8           LUT4 (Prop_lut4_I0_O)        0.124    12.846 f  cpu_inst/dot4acc_pipeline_inst/id_ex_reg[pc][31]_i_11/O
                         net (fo=1, routed)           0.154    13.000    cpu_inst/dot4acc_pipeline_inst/id_ex_reg[pc][31]_i_11_n_0
    SLICE_X9Y8                                                        f  cpu_inst/dot4acc_pipeline_inst/id_ex_reg[pc][31]_i_3/I5
    SLICE_X9Y8           LUT6 (Prop_lut6_I5_O)        0.124    13.124 r  cpu_inst/dot4acc_pipeline_inst/id_ex_reg[pc][31]_i_3/O
                         net (fo=13, routed)          0.626    13.751    cpu_inst/dot4acc_pipeline_inst/id_ex_reg[pc][31]_i_3_n_0
    SLICE_X8Y6                                                        r  cpu_inst/dot4acc_pipeline_inst/id_ex_reg[operand_b][31]_i_4/I2
    SLICE_X8Y6           LUT5 (Prop_lut5_I2_O)        0.124    13.875 r  cpu_inst/dot4acc_pipeline_inst/id_ex_reg[operand_b][31]_i_4/O
                         net (fo=3, routed)           0.517    14.391    cpu_inst/dot4acc_pipeline_inst/id_ex_reg[operand_b][31]_i_4_n_0
    SLICE_X8Y6                                                        r  cpu_inst/dot4acc_pipeline_inst/id_ex_reg[operand_a][31]_i_1/I1
    SLICE_X8Y6           LUT3 (Prop_lut3_I1_O)        0.124    14.515 r  cpu_inst/dot4acc_pipeline_inst/id_ex_reg[operand_a][31]_i_1/O
                         net (fo=32, routed)          0.834    15.350    cpu_inst/dot4acc_pipeline_inst_n_4
    SLICE_X10Y5          FDRE                                         r  cpu_inst/id_ex_reg_reg[operand_a][14]/R
  -------------------------------------------------------------------    -------------------

                         (clock sys_clk_pin rise edge)
                                                     10.700    10.700 r  <hidden>
    W5                                                0.000    10.700 r  clk
                         net (fo=0)                   0.000    10.700    clk
    W5                                                                r  clk_IBUF_inst/I
    W5                   IBUF (Prop_ibuf_I_O)         1.388    12.088 r  clk_IBUF_inst/O
                         net (fo=1, routed)           1.862    13.950    clk_IBUF
    BUFGCTRL_X0Y0                                                     r  clk_IBUF_BUFG_inst/I
    BUFGCTRL_X0Y0        BUFG (Prop_bufg_I_O)         0.091    14.041 r  clk_IBUF_BUFG_inst/O
                         net (fo=1820, routed)        1.451    15.492    cpu_inst/clk_IBUF_BUFG
    SLICE_X10Y5          FDRE                                         r  cpu_inst/id_ex_reg_reg[operand_a][14]/C
                         clock pessimism              0.260    15.752    <hidden>
                         clock uncertainty           -0.035    15.717    <hidden>
    SLICE_X10Y5          FDRE (Setup_fdre_C_R)       -0.524    15.193    cpu_inst/id_ex_reg_reg[operand_a][14]
  -------------------------------------------------------------------
                         required time                         15.193    <hidden>
                         arrival time                         -15.350    <hidden>
  -------------------------------------------------------------------
                         slack                                 -0.157    <hidden>

Slack (VIOLATED) :        -0.157ns  (required time - arrival time)
  Source:                 cpu_inst/data_mem_inst/mem_reg/CLKARDCLK
                            (rising edge-triggered cell RAMB18E1 clocked by sys_clk_pin  {rise@0.000ns fall@5.350ns period=10.700ns})
  Destination:            cpu_inst/id_ex_reg_reg[operand_a][31]/R
                            (rising edge-triggered cell FDRE clocked by sys_clk_pin  {rise@0.000ns fall@5.350ns period=10.700ns})
  Path Group:             sys_clk_pin
  Path Type:              Setup (Max at Slow Process Corner)
  Requirement:            10.700ns  (sys_clk_pin rise@10.700ns - sys_clk_pin rise@0.000ns)
  Data Path Delay:        10.222ns  (logic 4.491ns (43.935%)  route 5.731ns (56.065%))
  Logic Levels:           11  (CARRY4=3 LUT3=1 LUT4=2 LUT5=3 LUT6=2)
  Clock Path Skew:        -0.075ns (DCD - SCD + CPR)
    Destination Clock Delay (DCD):    4.792ns = ( 15.492 - 10.700 ) 
    Source Clock Delay      (SCD):    5.128ns
    Clock Pessimism Removal (CPR):    0.260ns
  Clock Uncertainty:      0.035ns  ((TSJ^2 + TIJ^2)^1/2 + DJ) / 2 + PE
    Total System Jitter     (TSJ):    0.071ns
    Total Input Jitter      (TIJ):    0.000ns
    Discrete Jitter          (DJ):    0.000ns
    Phase Error              (PE):    0.000ns

    Location             Delay type                Incr(ns)  Path(ns)    Netlist Resource(s)
  -------------------------------------------------------------------    -------------------
                         (clock sys_clk_pin rise edge)
                                                      0.000     0.000 r  <hidden>
    W5                                                0.000     0.000 r  clk
                         net (fo=0)                   0.000     0.000    clk
    W5                                                                r  clk_IBUF_inst/I
    W5                   IBUF (Prop_ibuf_I_O)         1.458     1.458 r  clk_IBUF_inst/O
                         net (fo=1, routed)           1.967     3.425    clk_IBUF
    BUFGCTRL_X0Y0                                                     r  clk_IBUF_BUFG_inst/I
    BUFGCTRL_X0Y0        BUFG (Prop_bufg_I_O)         0.096     3.521 r  clk_IBUF_BUFG_inst/O
                         net (fo=1820, routed)        1.607     5.128    cpu_inst/data_mem_inst/clk_IBUF_BUFG
    RAMB18_X0Y4          RAMB18E1                                     r  cpu_inst/data_mem_inst/mem_reg/CLKARDCLK
  -------------------------------------------------------------------    -------------------
    RAMB18_X0Y4          RAMB18E1 (Prop_ramb18e1_CLKARDCLK_DOADO[1])
                                                      2.454     7.582 f  cpu_inst/data_mem_inst/mem_reg/DOADO[1]
                         net (fo=6, routed)           0.982     8.564    cpu_inst/data_mem_inst/read_data[1]
    SLICE_X9Y7                                                        f  cpu_inst/data_mem_inst/product0_reg_reg_i_39/I2
    SLICE_X9Y7           LUT5 (Prop_lut5_I2_O)        0.124     8.688 f  cpu_inst/data_mem_inst/product0_reg_reg_i_39/O
                         net (fo=1, routed)           0.640     9.328    cpu_inst/data_mem_inst/product0_reg_reg_i_39_n_0
    SLICE_X9Y7                                                        f  cpu_inst/data_mem_inst/product0_reg_reg_i_26/I2
    SLICE_X9Y7           LUT5 (Prop_lut5_I2_O)        0.124     9.452 r  cpu_inst/data_mem_inst/product0_reg_reg_i_26/O
                         net (fo=3, routed)           1.098    10.549    cpu_inst/dot4acc_pipeline_inst/redirect_pending_target_reg[31]_i_16_2
    SLICE_X8Y11                                                       r  cpu_inst/dot4acc_pipeline_inst/redirect_pending_target[31]_i_24/I2
    SLICE_X8Y11          LUT6 (Prop_lut6_I2_O)        0.124    10.673 r  cpu_inst/dot4acc_pipeline_inst/redirect_pending_target[31]_i_24/O
                         net (fo=1, routed)           0.000    10.673    cpu_inst/dot4acc_pipeline_inst/redirect_pending_target[31]_i_24_n_0
    SLICE_X8Y11                                                       r  cpu_inst/dot4acc_pipeline_inst/redirect_pending_target_reg[31]_i_16/S[0]
    SLICE_X8Y11          CARRY4 (Prop_carry4_S[0]_CO[3])
                                                      0.513    11.186 r  cpu_inst/dot4acc_pipeline_inst/redirect_pending_target_reg[31]_i_16/CO[3]
                         net (fo=1, routed)           0.000    11.186    cpu_inst/dot4acc_pipeline_inst/redirect_pending_target_reg[31]_i_16_n_0
    SLICE_X8Y12                                                       r  cpu_inst/dot4acc_pipeline_inst/redirect_pending_target_reg[31]_i_12/CI
    SLICE_X8Y12          CARRY4 (Prop_carry4_CI_CO[3])
                                                      0.117    11.303 r  cpu_inst/dot4acc_pipeline_inst/redirect_pending_target_reg[31]_i_12/CO[3]
                         net (fo=1, routed)           0.000    11.303    cpu_inst/dot4acc_pipeline_inst/redirect_pending_target_reg[31]_i_12_n_0
    SLICE_X8Y13                                                       r  cpu_inst/dot4acc_pipeline_inst/redirect_pending_target_reg[31]_i_5/CI
    SLICE_X8Y13          CARRY4 (Prop_carry4_CI_CO[2])
                                                      0.229    11.532 r  cpu_inst/dot4acc_pipeline_inst/redirect_pending_target_reg[31]_i_5/CO[2]
                         net (fo=18, routed)          0.515    12.047    cpu_inst/dot4acc_pipeline_inst/ex_branch_taken0
    SLICE_X8Y10                                                       r  cpu_inst/dot4acc_pipeline_inst/led_OBUF[12]_inst_i_6/I3
    SLICE_X8Y10          LUT4 (Prop_lut4_I3_O)        0.310    12.357 r  cpu_inst/dot4acc_pipeline_inst/led_OBUF[12]_inst_i_6/O
                         net (fo=42, routed)          0.365    12.722    cpu_inst/dot4acc_pipeline_inst/led_OBUF[12]_inst_i_6_n_0
    SLICE_X9Y8                                                        r  cpu_inst/dot4acc_pipeline_inst/id_ex_reg[pc][31]_i_11/I0
    SLICE_X9Y8           LUT4 (Prop_lut4_I0_O)        0.124    12.846 f  cpu_inst/dot4acc_pipeline_inst/id_ex_reg[pc][31]_i_11/O
                         net (fo=1, routed)           0.154    13.000    cpu_inst/dot4acc_pipeline_inst/id_ex_reg[pc][31]_i_11_n_0
    SLICE_X9Y8                                                        f  cpu_inst/dot4acc_pipeline_inst/id_ex_reg[pc][31]_i_3/I5
    SLICE_X9Y8           LUT6 (Prop_lut6_I5_O)        0.124    13.124 r  cpu_inst/dot4acc_pipeline_inst/id_ex_reg[pc][31]_i_3/O
                         net (fo=13, routed)          0.626    13.751    cpu_inst/dot4acc_pipeline_inst/id_ex_reg[pc][31]_i_3_n_0
    SLICE_X8Y6                                                        r  cpu_inst/dot4acc_pipeline_inst/id_ex_reg[operand_b][31]_i_4/I2
    SLICE_X8Y6           LUT5 (Prop_lut5_I2_O)        0.124    13.875 r  cpu_inst/dot4acc_pipeline_inst/id_ex_reg[operand_b][31]_i_4/O
                         net (fo=3, routed)           0.517    14.391    cpu_inst/dot4acc_pipeline_inst/id_ex_reg[operand_b][31]_i_4_n_0
    SLICE_X8Y6                                                        r  cpu_inst/dot4acc_pipeline_inst/id_ex_reg[operand_a][31]_i_1/I1
    SLICE_X8Y6           LUT3 (Prop_lut3_I1_O)        0.124    14.515 r  cpu_inst/dot4acc_pipeline_inst/id_ex_reg[operand_a][31]_i_1/O
                         net (fo=32, routed)          0.834    15.350    cpu_inst/dot4acc_pipeline_inst_n_4
    SLICE_X10Y5          FDRE                                         r  cpu_inst/id_ex_reg_reg[operand_a][31]/R
  -------------------------------------------------------------------    -------------------

                         (clock sys_clk_pin rise edge)
                                                     10.700    10.700 r  <hidden>
    W5                                                0.000    10.700 r  clk
                         net (fo=0)                   0.000    10.700    clk
    W5                                                                r  clk_IBUF_inst/I
    W5                   IBUF (Prop_ibuf_I_O)         1.388    12.088 r  clk_IBUF_inst/O
                         net (fo=1, routed)           1.862    13.950    clk_IBUF
    BUFGCTRL_X0Y0                                                     r  clk_IBUF_BUFG_inst/I
    BUFGCTRL_X0Y0        BUFG (Prop_bufg_I_O)         0.091    14.041 r  clk_IBUF_BUFG_inst/O
                         net (fo=1820, routed)        1.451    15.492    cpu_inst/clk_IBUF_BUFG
    SLICE_X10Y5          FDRE                                         r  cpu_inst/id_ex_reg_reg[operand_a][31]/C
                         clock pessimism              0.260    15.752    <hidden>
                         clock uncertainty           -0.035    15.717    <hidden>
    SLICE_X10Y5          FDRE (Setup_fdre_C_R)       -0.524    15.193    cpu_inst/id_ex_reg_reg[operand_a][31]
  -------------------------------------------------------------------
                         required time                         15.193    <hidden>
                         arrival time                         -15.350    <hidden>
  -------------------------------------------------------------------
                         slack                                 -0.157    <hidden>

Slack (VIOLATED) :        -0.104ns  (required time - arrival time)
  Source:                 cpu_inst/data_mem_inst/mem_reg/CLKARDCLK
                            (rising edge-triggered cell RAMB18E1 clocked by sys_clk_pin  {rise@0.000ns fall@5.350ns period=10.700ns})
  Destination:            cpu_inst/id_ex_reg_reg[accumulator][14]/R
                            (rising edge-triggered cell FDRE clocked by sys_clk_pin  {rise@0.000ns fall@5.350ns period=10.700ns})
  Path Group:             sys_clk_pin
  Path Type:              Setup (Max at Slow Process Corner)
  Requirement:            10.700ns  (sys_clk_pin rise@10.700ns - sys_clk_pin rise@0.000ns)
  Data Path Delay:        10.333ns  (logic 4.491ns (43.462%)  route 5.842ns (56.538%))
  Logic Levels:           11  (CARRY4=3 LUT3=1 LUT4=2 LUT5=3 LUT6=2)
  Clock Path Skew:        -0.006ns (DCD - SCD + CPR)
    Destination Clock Delay (DCD):    4.861ns = ( 15.561 - 10.700 ) 
    Source Clock Delay      (SCD):    5.128ns
    Clock Pessimism Removal (CPR):    0.260ns
  Clock Uncertainty:      0.035ns  ((TSJ^2 + TIJ^2)^1/2 + DJ) / 2 + PE
    Total System Jitter     (TSJ):    0.071ns
    Total Input Jitter      (TIJ):    0.000ns
    Discrete Jitter          (DJ):    0.000ns
    Phase Error              (PE):    0.000ns

    Location             Delay type                Incr(ns)  Path(ns)    Netlist Resource(s)
  -------------------------------------------------------------------    -------------------
                         (clock sys_clk_pin rise edge)
                                                      0.000     0.000 r  <hidden>
    W5                                                0.000     0.000 r  clk
                         net (fo=0)                   0.000     0.000    clk
    W5                                                                r  clk_IBUF_inst/I
    W5                   IBUF (Prop_ibuf_I_O)         1.458     1.458 r  clk_IBUF_inst/O
                         net (fo=1, routed)           1.967     3.425    clk_IBUF
    BUFGCTRL_X0Y0                                                     r  clk_IBUF_BUFG_inst/I
    BUFGCTRL_X0Y0        BUFG (Prop_bufg_I_O)         0.096     3.521 r  clk_IBUF_BUFG_inst/O
                         net (fo=1820, routed)        1.607     5.128    cpu_inst/data_mem_inst/clk_IBUF_BUFG
    RAMB18_X0Y4          RAMB18E1                                     r  cpu_inst/data_mem_inst/mem_reg/CLKARDCLK
  -------------------------------------------------------------------    -------------------
    RAMB18_X0Y4          RAMB18E1 (Prop_ramb18e1_CLKARDCLK_DOADO[1])
                                                      2.454     7.582 f  cpu_inst/data_mem_inst/mem_reg/DOADO[1]
                         net (fo=6, routed)           0.982     8.564    cpu_inst/data_mem_inst/read_data[1]
    SLICE_X9Y7                                                        f  cpu_inst/data_mem_inst/product0_reg_reg_i_39/I2
    SLICE_X9Y7           LUT5 (Prop_lut5_I2_O)        0.124     8.688 f  cpu_inst/data_mem_inst/product0_reg_reg_i_39/O
                         net (fo=1, routed)           0.640     9.328    cpu_inst/data_mem_inst/product0_reg_reg_i_39_n_0
    SLICE_X9Y7                                                        f  cpu_inst/data_mem_inst/product0_reg_reg_i_26/I2
    SLICE_X9Y7           LUT5 (Prop_lut5_I2_O)        0.124     9.452 r  cpu_inst/data_mem_inst/product0_reg_reg_i_26/O
                         net (fo=3, routed)           1.098    10.549    cpu_inst/dot4acc_pipeline_inst/redirect_pending_target_reg[31]_i_16_2
    SLICE_X8Y11                                                       r  cpu_inst/dot4acc_pipeline_inst/redirect_pending_target[31]_i_24/I2
    SLICE_X8Y11          LUT6 (Prop_lut6_I2_O)        0.124    10.673 r  cpu_inst/dot4acc_pipeline_inst/redirect_pending_target[31]_i_24/O
                         net (fo=1, routed)           0.000    10.673    cpu_inst/dot4acc_pipeline_inst/redirect_pending_target[31]_i_24_n_0
    SLICE_X8Y11                                                       r  cpu_inst/dot4acc_pipeline_inst/redirect_pending_target_reg[31]_i_16/S[0]
    SLICE_X8Y11          CARRY4 (Prop_carry4_S[0]_CO[3])
                                                      0.513    11.186 r  cpu_inst/dot4acc_pipeline_inst/redirect_pending_target_reg[31]_i_16/CO[3]
                         net (fo=1, routed)           0.000    11.186    cpu_inst/dot4acc_pipeline_inst/redirect_pending_target_reg[31]_i_16_n_0
    SLICE_X8Y12                                                       r  cpu_inst/dot4acc_pipeline_inst/redirect_pending_target_reg[31]_i_12/CI
    SLICE_X8Y12          CARRY4 (Prop_carry4_CI_CO[3])
                                                      0.117    11.303 r  cpu_inst/dot4acc_pipeline_inst/redirect_pending_target_reg[31]_i_12/CO[3]
                         net (fo=1, routed)           0.000    11.303    cpu_inst/dot4acc_pipeline_inst/redirect_pending_target_reg[31]_i_12_n_0
    SLICE_X8Y13                                                       r  cpu_inst/dot4acc_pipeline_inst/redirect_pending_target_reg[31]_i_5/CI
    SLICE_X8Y13          CARRY4 (Prop_carry4_CI_CO[2])
                                                      0.229    11.532 r  cpu_inst/dot4acc_pipeline_inst/redirect_pending_target_reg[31]_i_5/CO[2]
                         net (fo=18, routed)          0.515    12.047    cpu_inst/dot4acc_pipeline_inst/ex_branch_taken0
    SLICE_X8Y10                                                       r  cpu_inst/dot4acc_pipeline_inst/led_OBUF[12]_inst_i_6/I3
    SLICE_X8Y10          LUT4 (Prop_lut4_I3_O)        0.310    12.357 r  cpu_inst/dot4acc_pipeline_inst/led_OBUF[12]_inst_i_6/O
                         net (fo=42, routed)          0.365    12.722    cpu_inst/dot4acc_pipeline_inst/led_OBUF[12]_inst_i_6_n_0
    SLICE_X9Y8                                                        r  cpu_inst/dot4acc_pipeline_inst/id_ex_reg[pc][31]_i_11/I0
    SLICE_X9Y8           LUT4 (Prop_lut4_I0_O)        0.124    12.846 f  cpu_inst/dot4acc_pipeline_inst/id_ex_reg[pc][31]_i_11/O
                         net (fo=1, routed)           0.154    13.000    cpu_inst/dot4acc_pipeline_inst/id_ex_reg[pc][31]_i_11_n_0
    SLICE_X9Y8                                                        f  cpu_inst/dot4acc_pipeline_inst/id_ex_reg[pc][31]_i_3/I5
    SLICE_X9Y8           LUT6 (Prop_lut6_I5_O)        0.124    13.124 r  cpu_inst/dot4acc_pipeline_inst/id_ex_reg[pc][31]_i_3/O
                         net (fo=13, routed)          0.626    13.751    cpu_inst/dot4acc_pipeline_inst/id_ex_reg[pc][31]_i_3_n_0
    SLICE_X8Y6                                                        r  cpu_inst/dot4acc_pipeline_inst/id_ex_reg[operand_b][31]_i_4/I2
    SLICE_X8Y6           LUT5 (Prop_lut5_I2_O)        0.124    13.875 r  cpu_inst/dot4acc_pipeline_inst/id_ex_reg[operand_b][31]_i_4/O
                         net (fo=3, routed)           0.687    14.562    cpu_inst/dot4acc_pipeline_inst/id_ex_reg[operand_b][31]_i_4_n_0
    SLICE_X4Y6                                                        r  cpu_inst/dot4acc_pipeline_inst/id_ex_reg[accumulator][31]_i_1/I1
    SLICE_X4Y6           LUT3 (Prop_lut3_I1_O)        0.124    14.686 r  cpu_inst/dot4acc_pipeline_inst/id_ex_reg[accumulator][31]_i_1/O
                         net (fo=32, routed)          0.775    15.461    cpu_inst/dot4acc_pipeline_inst_n_3
    SLICE_X1Y0           FDRE                                         r  cpu_inst/id_ex_reg_reg[accumulator][14]/R
  -------------------------------------------------------------------    -------------------

                         (clock sys_clk_pin rise edge)
                                                     10.700    10.700 r  <hidden>
    W5                                                0.000    10.700 r  clk
                         net (fo=0)                   0.000    10.700    clk
    W5                                                                r  clk_IBUF_inst/I
    W5                   IBUF (Prop_ibuf_I_O)         1.388    12.088 r  clk_IBUF_inst/O
                         net (fo=1, routed)           1.862    13.950    clk_IBUF
    BUFGCTRL_X0Y0                                                     r  clk_IBUF_BUFG_inst/I
    BUFGCTRL_X0Y0        BUFG (Prop_bufg_I_O)         0.091    14.041 r  clk_IBUF_BUFG_inst/O
                         net (fo=1820, routed)        1.520    15.561    cpu_inst/clk_IBUF_BUFG
    SLICE_X1Y0           FDRE                                         r  cpu_inst/id_ex_reg_reg[accumulator][14]/C
                         clock pessimism              0.260    15.821    <hidden>
                         clock uncertainty           -0.035    15.786    <hidden>
    SLICE_X1Y0           FDRE (Setup_fdre_C_R)       -0.429    15.357    cpu_inst/id_ex_reg_reg[accumulator][14]
  -------------------------------------------------------------------
                         required time                         15.357    <hidden>
                         arrival time                         -15.461    <hidden>
  -------------------------------------------------------------------
                         slack                                 -0.104    <hidden>

Slack (VIOLATED) :        -0.104ns  (required time - arrival time)
  Source:                 cpu_inst/data_mem_inst/mem_reg/CLKARDCLK
                            (rising edge-triggered cell RAMB18E1 clocked by sys_clk_pin  {rise@0.000ns fall@5.350ns period=10.700ns})
  Destination:            cpu_inst/id_ex_reg_reg[accumulator][19]/R
                            (rising edge-triggered cell FDRE clocked by sys_clk_pin  {rise@0.000ns fall@5.350ns period=10.700ns})
  Path Group:             sys_clk_pin
  Path Type:              Setup (Max at Slow Process Corner)
  Requirement:            10.700ns  (sys_clk_pin rise@10.700ns - sys_clk_pin rise@0.000ns)
  Data Path Delay:        10.333ns  (logic 4.491ns (43.462%)  route 5.842ns (56.538%))
  Logic Levels:           11  (CARRY4=3 LUT3=1 LUT4=2 LUT5=3 LUT6=2)
  Clock Path Skew:        -0.006ns (DCD - SCD + CPR)
    Destination Clock Delay (DCD):    4.861ns = ( 15.561 - 10.700 ) 
    Source Clock Delay      (SCD):    5.128ns
    Clock Pessimism Removal (CPR):    0.260ns
  Clock Uncertainty:      0.035ns  ((TSJ^2 + TIJ^2)^1/2 + DJ) / 2 + PE
    Total System Jitter     (TSJ):    0.071ns
    Total Input Jitter      (TIJ):    0.000ns
    Discrete Jitter          (DJ):    0.000ns
    Phase Error              (PE):    0.000ns

    Location             Delay type                Incr(ns)  Path(ns)    Netlist Resource(s)
  -------------------------------------------------------------------    -------------------
                         (clock sys_clk_pin rise edge)
                                                      0.000     0.000 r  <hidden>
    W5                                                0.000     0.000 r  clk
                         net (fo=0)                   0.000     0.000    clk
    W5                                                                r  clk_IBUF_inst/I
    W5                   IBUF (Prop_ibuf_I_O)         1.458     1.458 r  clk_IBUF_inst/O
                         net (fo=1, routed)           1.967     3.425    clk_IBUF
    BUFGCTRL_X0Y0                                                     r  clk_IBUF_BUFG_inst/I
    BUFGCTRL_X0Y0        BUFG (Prop_bufg_I_O)         0.096     3.521 r  clk_IBUF_BUFG_inst/O
                         net (fo=1820, routed)        1.607     5.128    cpu_inst/data_mem_inst/clk_IBUF_BUFG
    RAMB18_X0Y4          RAMB18E1                                     r  cpu_inst/data_mem_inst/mem_reg/CLKARDCLK
  -------------------------------------------------------------------    -------------------
    RAMB18_X0Y4          RAMB18E1 (Prop_ramb18e1_CLKARDCLK_DOADO[1])
                                                      2.454     7.582 f  cpu_inst/data_mem_inst/mem_reg/DOADO[1]
                         net (fo=6, routed)           0.982     8.564    cpu_inst/data_mem_inst/read_data[1]
    SLICE_X9Y7                                                        f  cpu_inst/data_mem_inst/product0_reg_reg_i_39/I2
    SLICE_X9Y7           LUT5 (Prop_lut5_I2_O)        0.124     8.688 f  cpu_inst/data_mem_inst/product0_reg_reg_i_39/O
                         net (fo=1, routed)           0.640     9.328    cpu_inst/data_mem_inst/product0_reg_reg_i_39_n_0
    SLICE_X9Y7                                                        f  cpu_inst/data_mem_inst/product0_reg_reg_i_26/I2
    SLICE_X9Y7           LUT5 (Prop_lut5_I2_O)        0.124     9.452 r  cpu_inst/data_mem_inst/product0_reg_reg_i_26/O
                         net (fo=3, routed)           1.098    10.549    cpu_inst/dot4acc_pipeline_inst/redirect_pending_target_reg[31]_i_16_2
    SLICE_X8Y11                                                       r  cpu_inst/dot4acc_pipeline_inst/redirect_pending_target[31]_i_24/I2
    SLICE_X8Y11          LUT6 (Prop_lut6_I2_O)        0.124    10.673 r  cpu_inst/dot4acc_pipeline_inst/redirect_pending_target[31]_i_24/O
                         net (fo=1, routed)           0.000    10.673    cpu_inst/dot4acc_pipeline_inst/redirect_pending_target[31]_i_24_n_0
    SLICE_X8Y11                                                       r  cpu_inst/dot4acc_pipeline_inst/redirect_pending_target_reg[31]_i_16/S[0]
    SLICE_X8Y11          CARRY4 (Prop_carry4_S[0]_CO[3])
                                                      0.513    11.186 r  cpu_inst/dot4acc_pipeline_inst/redirect_pending_target_reg[31]_i_16/CO[3]
                         net (fo=1, routed)           0.000    11.186    cpu_inst/dot4acc_pipeline_inst/redirect_pending_target_reg[31]_i_16_n_0
    SLICE_X8Y12                                                       r  cpu_inst/dot4acc_pipeline_inst/redirect_pending_target_reg[31]_i_12/CI
    SLICE_X8Y12          CARRY4 (Prop_carry4_CI_CO[3])
                                                      0.117    11.303 r  cpu_inst/dot4acc_pipeline_inst/redirect_pending_target_reg[31]_i_12/CO[3]
                         net (fo=1, routed)           0.000    11.303    cpu_inst/dot4acc_pipeline_inst/redirect_pending_target_reg[31]_i_12_n_0
    SLICE_X8Y13                                                       r  cpu_inst/dot4acc_pipeline_inst/redirect_pending_target_reg[31]_i_5/CI
    SLICE_X8Y13          CARRY4 (Prop_carry4_CI_CO[2])
                                                      0.229    11.532 r  cpu_inst/dot4acc_pipeline_inst/redirect_pending_target_reg[31]_i_5/CO[2]
                         net (fo=18, routed)          0.515    12.047    cpu_inst/dot4acc_pipeline_inst/ex_branch_taken0
    SLICE_X8Y10                                                       r  cpu_inst/dot4acc_pipeline_inst/led_OBUF[12]_inst_i_6/I3
    SLICE_X8Y10          LUT4 (Prop_lut4_I3_O)        0.310    12.357 r  cpu_inst/dot4acc_pipeline_inst/led_OBUF[12]_inst_i_6/O
                         net (fo=42, routed)          0.365    12.722    cpu_inst/dot4acc_pipeline_inst/led_OBUF[12]_inst_i_6_n_0
    SLICE_X9Y8                                                        r  cpu_inst/dot4acc_pipeline_inst/id_ex_reg[pc][31]_i_11/I0
    SLICE_X9Y8           LUT4 (Prop_lut4_I0_O)        0.124    12.846 f  cpu_inst/dot4acc_pipeline_inst/id_ex_reg[pc][31]_i_11/O
                         net (fo=1, routed)           0.154    13.000    cpu_inst/dot4acc_pipeline_inst/id_ex_reg[pc][31]_i_11_n_0
    SLICE_X9Y8                                                        f  cpu_inst/dot4acc_pipeline_inst/id_ex_reg[pc][31]_i_3/I5
    SLICE_X9Y8           LUT6 (Prop_lut6_I5_O)        0.124    13.124 r  cpu_inst/dot4acc_pipeline_inst/id_ex_reg[pc][31]_i_3/O
                         net (fo=13, routed)          0.626    13.751    cpu_inst/dot4acc_pipeline_inst/id_ex_reg[pc][31]_i_3_n_0
    SLICE_X8Y6                                                        r  cpu_inst/dot4acc_pipeline_inst/id_ex_reg[operand_b][31]_i_4/I2
    SLICE_X8Y6           LUT5 (Prop_lut5_I2_O)        0.124    13.875 r  cpu_inst/dot4acc_pipeline_inst/id_ex_reg[operand_b][31]_i_4/O
                         net (fo=3, routed)           0.687    14.562    cpu_inst/dot4acc_pipeline_inst/id_ex_reg[operand_b][31]_i_4_n_0
    SLICE_X4Y6                                                        r  cpu_inst/dot4acc_pipeline_inst/id_ex_reg[accumulator][31]_i_1/I1
    SLICE_X4Y6           LUT3 (Prop_lut3_I1_O)        0.124    14.686 r  cpu_inst/dot4acc_pipeline_inst/id_ex_reg[accumulator][31]_i_1/O
                         net (fo=32, routed)          0.775    15.461    cpu_inst/dot4acc_pipeline_inst_n_3
    SLICE_X1Y0           FDRE                                         r  cpu_inst/id_ex_reg_reg[accumulator][19]/R
  -------------------------------------------------------------------    -------------------

                         (clock sys_clk_pin rise edge)
                                                     10.700    10.700 r  <hidden>
    W5                                                0.000    10.700 r  clk
                         net (fo=0)                   0.000    10.700    clk
    W5                                                                r  clk_IBUF_inst/I
    W5                   IBUF (Prop_ibuf_I_O)         1.388    12.088 r  clk_IBUF_inst/O
                         net (fo=1, routed)           1.862    13.950    clk_IBUF
    BUFGCTRL_X0Y0                                                     r  clk_IBUF_BUFG_inst/I
    BUFGCTRL_X0Y0        BUFG (Prop_bufg_I_O)         0.091    14.041 r  clk_IBUF_BUFG_inst/O
                         net (fo=1820, routed)        1.520    15.561    cpu_inst/clk_IBUF_BUFG
    SLICE_X1Y0           FDRE                                         r  cpu_inst/id_ex_reg_reg[accumulator][19]/C
                         clock pessimism              0.260    15.821    <hidden>
                         clock uncertainty           -0.035    15.786    <hidden>
    SLICE_X1Y0           FDRE (Setup_fdre_C_R)       -0.429    15.357    cpu_inst/id_ex_reg_reg[accumulator][19]
  -------------------------------------------------------------------
                         required time                         15.357    <hidden>
                         arrival time                         -15.461    <hidden>
  -------------------------------------------------------------------
                         slack                                 -0.104    <hidden>

Slack (VIOLATED) :        -0.104ns  (required time - arrival time)
  Source:                 cpu_inst/data_mem_inst/mem_reg/CLKARDCLK
                            (rising edge-triggered cell RAMB18E1 clocked by sys_clk_pin  {rise@0.000ns fall@5.350ns period=10.700ns})
  Destination:            cpu_inst/id_ex_reg_reg[accumulator][21]/R
                            (rising edge-triggered cell FDRE clocked by sys_clk_pin  {rise@0.000ns fall@5.350ns period=10.700ns})
  Path Group:             sys_clk_pin
  Path Type:              Setup (Max at Slow Process Corner)
  Requirement:            10.700ns  (sys_clk_pin rise@10.700ns - sys_clk_pin rise@0.000ns)
  Data Path Delay:        10.333ns  (logic 4.491ns (43.462%)  route 5.842ns (56.538%))
  Logic Levels:           11  (CARRY4=3 LUT3=1 LUT4=2 LUT5=3 LUT6=2)
  Clock Path Skew:        -0.006ns (DCD - SCD + CPR)
    Destination Clock Delay (DCD):    4.861ns = ( 15.561 - 10.700 ) 
    Source Clock Delay      (SCD):    5.128ns
    Clock Pessimism Removal (CPR):    0.260ns
  Clock Uncertainty:      0.035ns  ((TSJ^2 + TIJ^2)^1/2 + DJ) / 2 + PE
    Total System Jitter     (TSJ):    0.071ns
    Total Input Jitter      (TIJ):    0.000ns
    Discrete Jitter          (DJ):    0.000ns
    Phase Error              (PE):    0.000ns

    Location             Delay type                Incr(ns)  Path(ns)    Netlist Resource(s)
  -------------------------------------------------------------------    -------------------
                         (clock sys_clk_pin rise edge)
                                                      0.000     0.000 r  <hidden>
    W5                                                0.000     0.000 r  clk
                         net (fo=0)                   0.000     0.000    clk
    W5                                                                r  clk_IBUF_inst/I
    W5                   IBUF (Prop_ibuf_I_O)         1.458     1.458 r  clk_IBUF_inst/O
                         net (fo=1, routed)           1.967     3.425    clk_IBUF
    BUFGCTRL_X0Y0                                                     r  clk_IBUF_BUFG_inst/I
    BUFGCTRL_X0Y0        BUFG (Prop_bufg_I_O)         0.096     3.521 r  clk_IBUF_BUFG_inst/O
                         net (fo=1820, routed)        1.607     5.128    cpu_inst/data_mem_inst/clk_IBUF_BUFG
    RAMB18_X0Y4          RAMB18E1                                     r  cpu_inst/data_mem_inst/mem_reg/CLKARDCLK
  -------------------------------------------------------------------    -------------------
    RAMB18_X0Y4          RAMB18E1 (Prop_ramb18e1_CLKARDCLK_DOADO[1])
                                                      2.454     7.582 f  cpu_inst/data_mem_inst/mem_reg/DOADO[1]
                         net (fo=6, routed)           0.982     8.564    cpu_inst/data_mem_inst/read_data[1]
    SLICE_X9Y7                                                        f  cpu_inst/data_mem_inst/product0_reg_reg_i_39/I2
    SLICE_X9Y7           LUT5 (Prop_lut5_I2_O)        0.124     8.688 f  cpu_inst/data_mem_inst/product0_reg_reg_i_39/O
                         net (fo=1, routed)           0.640     9.328    cpu_inst/data_mem_inst/product0_reg_reg_i_39_n_0
    SLICE_X9Y7                                                        f  cpu_inst/data_mem_inst/product0_reg_reg_i_26/I2
    SLICE_X9Y7           LUT5 (Prop_lut5_I2_O)        0.124     9.452 r  cpu_inst/data_mem_inst/product0_reg_reg_i_26/O
                         net (fo=3, routed)           1.098    10.549    cpu_inst/dot4acc_pipeline_inst/redirect_pending_target_reg[31]_i_16_2
    SLICE_X8Y11                                                       r  cpu_inst/dot4acc_pipeline_inst/redirect_pending_target[31]_i_24/I2
    SLICE_X8Y11          LUT6 (Prop_lut6_I2_O)        0.124    10.673 r  cpu_inst/dot4acc_pipeline_inst/redirect_pending_target[31]_i_24/O
                         net (fo=1, routed)           0.000    10.673    cpu_inst/dot4acc_pipeline_inst/redirect_pending_target[31]_i_24_n_0
    SLICE_X8Y11                                                       r  cpu_inst/dot4acc_pipeline_inst/redirect_pending_target_reg[31]_i_16/S[0]
    SLICE_X8Y11          CARRY4 (Prop_carry4_S[0]_CO[3])
                                                      0.513    11.186 r  cpu_inst/dot4acc_pipeline_inst/redirect_pending_target_reg[31]_i_16/CO[3]
                         net (fo=1, routed)           0.000    11.186    cpu_inst/dot4acc_pipeline_inst/redirect_pending_target_reg[31]_i_16_n_0
    SLICE_X8Y12                                                       r  cpu_inst/dot4acc_pipeline_inst/redirect_pending_target_reg[31]_i_12/CI
    SLICE_X8Y12          CARRY4 (Prop_carry4_CI_CO[3])
                                                      0.117    11.303 r  cpu_inst/dot4acc_pipeline_inst/redirect_pending_target_reg[31]_i_12/CO[3]
                         net (fo=1, routed)           0.000    11.303    cpu_inst/dot4acc_pipeline_inst/redirect_pending_target_reg[31]_i_12_n_0
    SLICE_X8Y13                                                       r  cpu_inst/dot4acc_pipeline_inst/redirect_pending_target_reg[31]_i_5/CI
    SLICE_X8Y13          CARRY4 (Prop_carry4_CI_CO[2])
                                                      0.229    11.532 r  cpu_inst/dot4acc_pipeline_inst/redirect_pending_target_reg[31]_i_5/CO[2]
                         net (fo=18, routed)          0.515    12.047    cpu_inst/dot4acc_pipeline_inst/ex_branch_taken0
    SLICE_X8Y10                                                       r  cpu_inst/dot4acc_pipeline_inst/led_OBUF[12]_inst_i_6/I3
    SLICE_X8Y10          LUT4 (Prop_lut4_I3_O)        0.310    12.357 r  cpu_inst/dot4acc_pipeline_inst/led_OBUF[12]_inst_i_6/O
                         net (fo=42, routed)          0.365    12.722    cpu_inst/dot4acc_pipeline_inst/led_OBUF[12]_inst_i_6_n_0
    SLICE_X9Y8                                                        r  cpu_inst/dot4acc_pipeline_inst/id_ex_reg[pc][31]_i_11/I0
    SLICE_X9Y8           LUT4 (Prop_lut4_I0_O)        0.124    12.846 f  cpu_inst/dot4acc_pipeline_inst/id_ex_reg[pc][31]_i_11/O
                         net (fo=1, routed)           0.154    13.000    cpu_inst/dot4acc_pipeline_inst/id_ex_reg[pc][31]_i_11_n_0
    SLICE_X9Y8                                                        f  cpu_inst/dot4acc_pipeline_inst/id_ex_reg[pc][31]_i_3/I5
    SLICE_X9Y8           LUT6 (Prop_lut6_I5_O)        0.124    13.124 r  cpu_inst/dot4acc_pipeline_inst/id_ex_reg[pc][31]_i_3/O
                         net (fo=13, routed)          0.626    13.751    cpu_inst/dot4acc_pipeline_inst/id_ex_reg[pc][31]_i_3_n_0
    SLICE_X8Y6                                                        r  cpu_inst/dot4acc_pipeline_inst/id_ex_reg[operand_b][31]_i_4/I2
    SLICE_X8Y6           LUT5 (Prop_lut5_I2_O)        0.124    13.875 r  cpu_inst/dot4acc_pipeline_inst/id_ex_reg[operand_b][31]_i_4/O
                         net (fo=3, routed)           0.687    14.562    cpu_inst/dot4acc_pipeline_inst/id_ex_reg[operand_b][31]_i_4_n_0
    SLICE_X4Y6                                                        r  cpu_inst/dot4acc_pipeline_inst/id_ex_reg[accumulator][31]_i_1/I1
    SLICE_X4Y6           LUT3 (Prop_lut3_I1_O)        0.124    14.686 r  cpu_inst/dot4acc_pipeline_inst/id_ex_reg[accumulator][31]_i_1/O
                         net (fo=32, routed)          0.775    15.461    cpu_inst/dot4acc_pipeline_inst_n_3
    SLICE_X1Y0           FDRE                                         r  cpu_inst/id_ex_reg_reg[accumulator][21]/R
  -------------------------------------------------------------------    -------------------

                         (clock sys_clk_pin rise edge)
                                                     10.700    10.700 r  <hidden>
    W5                                                0.000    10.700 r  clk
                         net (fo=0)                   0.000    10.700    clk
    W5                                                                r  clk_IBUF_inst/I
    W5                   IBUF (Prop_ibuf_I_O)         1.388    12.088 r  clk_IBUF_inst/O
                         net (fo=1, routed)           1.862    13.950    clk_IBUF
    BUFGCTRL_X0Y0                                                     r  clk_IBUF_BUFG_inst/I
    BUFGCTRL_X0Y0        BUFG (Prop_bufg_I_O)         0.091    14.041 r  clk_IBUF_BUFG_inst/O
                         net (fo=1820, routed)        1.520    15.561    cpu_inst/clk_IBUF_BUFG
    SLICE_X1Y0           FDRE                                         r  cpu_inst/id_ex_reg_reg[accumulator][21]/C
                         clock pessimism              0.260    15.821    <hidden>
                         clock uncertainty           -0.035    15.786    <hidden>
    SLICE_X1Y0           FDRE (Setup_fdre_C_R)       -0.429    15.357    cpu_inst/id_ex_reg_reg[accumulator][21]
  -------------------------------------------------------------------
                         required time                         15.357    <hidden>
                         arrival time                         -15.461    <hidden>
  -------------------------------------------------------------------
                         slack                                 -0.104    <hidden>

Slack (VIOLATED) :        -0.104ns  (required time - arrival time)
  Source:                 cpu_inst/data_mem_inst/mem_reg/CLKARDCLK
                            (rising edge-triggered cell RAMB18E1 clocked by sys_clk_pin  {rise@0.000ns fall@5.350ns period=10.700ns})
  Destination:            cpu_inst/id_ex_reg_reg[accumulator][7]/R
                            (rising edge-triggered cell FDRE clocked by sys_clk_pin  {rise@0.000ns fall@5.350ns period=10.700ns})
  Path Group:             sys_clk_pin
  Path Type:              Setup (Max at Slow Process Corner)
  Requirement:            10.700ns  (sys_clk_pin rise@10.700ns - sys_clk_pin rise@0.000ns)
  Data Path Delay:        10.333ns  (logic 4.491ns (43.462%)  route 5.842ns (56.538%))
  Logic Levels:           11  (CARRY4=3 LUT3=1 LUT4=2 LUT5=3 LUT6=2)
  Clock Path Skew:        -0.006ns (DCD - SCD + CPR)
    Destination Clock Delay (DCD):    4.861ns = ( 15.561 - 10.700 ) 
    Source Clock Delay      (SCD):    5.128ns
    Clock Pessimism Removal (CPR):    0.260ns
  Clock Uncertainty:      0.035ns  ((TSJ^2 + TIJ^2)^1/2 + DJ) / 2 + PE
    Total System Jitter     (TSJ):    0.071ns
    Total Input Jitter      (TIJ):    0.000ns
    Discrete Jitter          (DJ):    0.000ns
    Phase Error              (PE):    0.000ns

    Location             Delay type                Incr(ns)  Path(ns)    Netlist Resource(s)
  -------------------------------------------------------------------    -------------------
                         (clock sys_clk_pin rise edge)
                                                      0.000     0.000 r  <hidden>
    W5                                                0.000     0.000 r  clk
                         net (fo=0)                   0.000     0.000    clk
    W5                                                                r  clk_IBUF_inst/I
    W5                   IBUF (Prop_ibuf_I_O)         1.458     1.458 r  clk_IBUF_inst/O
                         net (fo=1, routed)           1.967     3.425    clk_IBUF
    BUFGCTRL_X0Y0                                                     r  clk_IBUF_BUFG_inst/I
    BUFGCTRL_X0Y0        BUFG (Prop_bufg_I_O)         0.096     3.521 r  clk_IBUF_BUFG_inst/O
                         net (fo=1820, routed)        1.607     5.128    cpu_inst/data_mem_inst/clk_IBUF_BUFG
    RAMB18_X0Y4          RAMB18E1                                     r  cpu_inst/data_mem_inst/mem_reg/CLKARDCLK
  -------------------------------------------------------------------    -------------------
    RAMB18_X0Y4          RAMB18E1 (Prop_ramb18e1_CLKARDCLK_DOADO[1])
                                                      2.454     7.582 f  cpu_inst/data_mem_inst/mem_reg/DOADO[1]
                         net (fo=6, routed)           0.982     8.564    cpu_inst/data_mem_inst/read_data[1]
    SLICE_X9Y7                                                        f  cpu_inst/data_mem_inst/product0_reg_reg_i_39/I2
    SLICE_X9Y7           LUT5 (Prop_lut5_I2_O)        0.124     8.688 f  cpu_inst/data_mem_inst/product0_reg_reg_i_39/O
                         net (fo=1, routed)           0.640     9.328    cpu_inst/data_mem_inst/product0_reg_reg_i_39_n_0
    SLICE_X9Y7                                                        f  cpu_inst/data_mem_inst/product0_reg_reg_i_26/I2
    SLICE_X9Y7           LUT5 (Prop_lut5_I2_O)        0.124     9.452 r  cpu_inst/data_mem_inst/product0_reg_reg_i_26/O
                         net (fo=3, routed)           1.098    10.549    cpu_inst/dot4acc_pipeline_inst/redirect_pending_target_reg[31]_i_16_2
    SLICE_X8Y11                                                       r  cpu_inst/dot4acc_pipeline_inst/redirect_pending_target[31]_i_24/I2
    SLICE_X8Y11          LUT6 (Prop_lut6_I2_O)        0.124    10.673 r  cpu_inst/dot4acc_pipeline_inst/redirect_pending_target[31]_i_24/O
                         net (fo=1, routed)           0.000    10.673    cpu_inst/dot4acc_pipeline_inst/redirect_pending_target[31]_i_24_n_0
    SLICE_X8Y11                                                       r  cpu_inst/dot4acc_pipeline_inst/redirect_pending_target_reg[31]_i_16/S[0]
    SLICE_X8Y11          CARRY4 (Prop_carry4_S[0]_CO[3])
                                                      0.513    11.186 r  cpu_inst/dot4acc_pipeline_inst/redirect_pending_target_reg[31]_i_16/CO[3]
                         net (fo=1, routed)           0.000    11.186    cpu_inst/dot4acc_pipeline_inst/redirect_pending_target_reg[31]_i_16_n_0
    SLICE_X8Y12                                                       r  cpu_inst/dot4acc_pipeline_inst/redirect_pending_target_reg[31]_i_12/CI
    SLICE_X8Y12          CARRY4 (Prop_carry4_CI_CO[3])
                                                      0.117    11.303 r  cpu_inst/dot4acc_pipeline_inst/redirect_pending_target_reg[31]_i_12/CO[3]
                         net (fo=1, routed)           0.000    11.303    cpu_inst/dot4acc_pipeline_inst/redirect_pending_target_reg[31]_i_12_n_0
    SLICE_X8Y13                                                       r  cpu_inst/dot4acc_pipeline_inst/redirect_pending_target_reg[31]_i_5/CI
    SLICE_X8Y13          CARRY4 (Prop_carry4_CI_CO[2])
                                                      0.229    11.532 r  cpu_inst/dot4acc_pipeline_inst/redirect_pending_target_reg[31]_i_5/CO[2]
                         net (fo=18, routed)          0.515    12.047    cpu_inst/dot4acc_pipeline_inst/ex_branch_taken0
    SLICE_X8Y10                                                       r  cpu_inst/dot4acc_pipeline_inst/led_OBUF[12]_inst_i_6/I3
    SLICE_X8Y10          LUT4 (Prop_lut4_I3_O)        0.310    12.357 r  cpu_inst/dot4acc_pipeline_inst/led_OBUF[12]_inst_i_6/O
                         net (fo=42, routed)          0.365    12.722    cpu_inst/dot4acc_pipeline_inst/led_OBUF[12]_inst_i_6_n_0
    SLICE_X9Y8                                                        r  cpu_inst/dot4acc_pipeline_inst/id_ex_reg[pc][31]_i_11/I0
    SLICE_X9Y8           LUT4 (Prop_lut4_I0_O)        0.124    12.846 f  cpu_inst/dot4acc_pipeline_inst/id_ex_reg[pc][31]_i_11/O
                         net (fo=1, routed)           0.154    13.000    cpu_inst/dot4acc_pipeline_inst/id_ex_reg[pc][31]_i_11_n_0
    SLICE_X9Y8                                                        f  cpu_inst/dot4acc_pipeline_inst/id_ex_reg[pc][31]_i_3/I5
    SLICE_X9Y8           LUT6 (Prop_lut6_I5_O)        0.124    13.124 r  cpu_inst/dot4acc_pipeline_inst/id_ex_reg[pc][31]_i_3/O
                         net (fo=13, routed)          0.626    13.751    cpu_inst/dot4acc_pipeline_inst/id_ex_reg[pc][31]_i_3_n_0
    SLICE_X8Y6                                                        r  cpu_inst/dot4acc_pipeline_inst/id_ex_reg[operand_b][31]_i_4/I2
    SLICE_X8Y6           LUT5 (Prop_lut5_I2_O)        0.124    13.875 r  cpu_inst/dot4acc_pipeline_inst/id_ex_reg[operand_b][31]_i_4/O
                         net (fo=3, routed)           0.687    14.562    cpu_inst/dot4acc_pipeline_inst/id_ex_reg[operand_b][31]_i_4_n_0
    SLICE_X4Y6                                                        r  cpu_inst/dot4acc_pipeline_inst/id_ex_reg[accumulator][31]_i_1/I1
    SLICE_X4Y6           LUT3 (Prop_lut3_I1_O)        0.124    14.686 r  cpu_inst/dot4acc_pipeline_inst/id_ex_reg[accumulator][31]_i_1/O
                         net (fo=32, routed)          0.775    15.461    cpu_inst/dot4acc_pipeline_inst_n_3
    SLICE_X1Y0           FDRE                                         r  cpu_inst/id_ex_reg_reg[accumulator][7]/R
  -------------------------------------------------------------------    -------------------

                         (clock sys_clk_pin rise edge)
                                                     10.700    10.700 r  <hidden>
    W5                                                0.000    10.700 r  clk
                         net (fo=0)                   0.000    10.700    clk
    W5                                                                r  clk_IBUF_inst/I
    W5                   IBUF (Prop_ibuf_I_O)         1.388    12.088 r  clk_IBUF_inst/O
                         net (fo=1, routed)           1.862    13.950    clk_IBUF
    BUFGCTRL_X0Y0                                                     r  clk_IBUF_BUFG_inst/I
    BUFGCTRL_X0Y0        BUFG (Prop_bufg_I_O)         0.091    14.041 r  clk_IBUF_BUFG_inst/O
                         net (fo=1820, routed)        1.520    15.561    cpu_inst/clk_IBUF_BUFG
    SLICE_X1Y0           FDRE                                         r  cpu_inst/id_ex_reg_reg[accumulator][7]/C
                         clock pessimism              0.260    15.821    <hidden>
                         clock uncertainty           -0.035    15.786    <hidden>
    SLICE_X1Y0           FDRE (Setup_fdre_C_R)       -0.429    15.357    cpu_inst/id_ex_reg_reg[accumulator][7]
  -------------------------------------------------------------------
                         required time                         15.357    <hidden>
                         arrival time                         -15.461    <hidden>
  -------------------------------------------------------------------
                         slack                                 -0.104    <hidden>

Slack (VIOLATED) :        -0.064ns  (required time - arrival time)
  Source:                 cpu_inst/data_mem_inst/mem_reg/CLKARDCLK
                            (rising edge-triggered cell RAMB18E1 clocked by sys_clk_pin  {rise@0.000ns fall@5.350ns period=10.700ns})
  Destination:            cpu_inst/id_ex_reg_reg[accumulator][12]/R
                            (rising edge-triggered cell FDRE clocked by sys_clk_pin  {rise@0.000ns fall@5.350ns period=10.700ns})
  Path Group:             sys_clk_pin
  Path Type:              Setup (Max at Slow Process Corner)
  Requirement:            10.700ns  (sys_clk_pin rise@10.700ns - sys_clk_pin rise@0.000ns)
  Data Path Delay:        10.290ns  (logic 4.491ns (43.644%)  route 5.799ns (56.356%))
  Logic Levels:           11  (CARRY4=3 LUT3=1 LUT4=2 LUT5=3 LUT6=2)
  Clock Path Skew:        -0.009ns (DCD - SCD + CPR)
    Destination Clock Delay (DCD):    4.858ns = ( 15.558 - 10.700 ) 
    Source Clock Delay      (SCD):    5.128ns
    Clock Pessimism Removal (CPR):    0.260ns
  Clock Uncertainty:      0.035ns  ((TSJ^2 + TIJ^2)^1/2 + DJ) / 2 + PE
    Total System Jitter     (TSJ):    0.071ns
    Total Input Jitter      (TIJ):    0.000ns
    Discrete Jitter          (DJ):    0.000ns
    Phase Error              (PE):    0.000ns

    Location             Delay type                Incr(ns)  Path(ns)    Netlist Resource(s)
  -------------------------------------------------------------------    -------------------
                         (clock sys_clk_pin rise edge)
                                                      0.000     0.000 r  <hidden>
    W5                                                0.000     0.000 r  clk
                         net (fo=0)                   0.000     0.000    clk
    W5                                                                r  clk_IBUF_inst/I
    W5                   IBUF (Prop_ibuf_I_O)         1.458     1.458 r  clk_IBUF_inst/O
                         net (fo=1, routed)           1.967     3.425    clk_IBUF
    BUFGCTRL_X0Y0                                                     r  clk_IBUF_BUFG_inst/I
    BUFGCTRL_X0Y0        BUFG (Prop_bufg_I_O)         0.096     3.521 r  clk_IBUF_BUFG_inst/O
                         net (fo=1820, routed)        1.607     5.128    cpu_inst/data_mem_inst/clk_IBUF_BUFG
    RAMB18_X0Y4          RAMB18E1                                     r  cpu_inst/data_mem_inst/mem_reg/CLKARDCLK
  -------------------------------------------------------------------    -------------------
    RAMB18_X0Y4          RAMB18E1 (Prop_ramb18e1_CLKARDCLK_DOADO[1])
                                                      2.454     7.582 f  cpu_inst/data_mem_inst/mem_reg/DOADO[1]
                         net (fo=6, routed)           0.982     8.564    cpu_inst/data_mem_inst/read_data[1]
    SLICE_X9Y7                                                        f  cpu_inst/data_mem_inst/product0_reg_reg_i_39/I2
    SLICE_X9Y7           LUT5 (Prop_lut5_I2_O)        0.124     8.688 f  cpu_inst/data_mem_inst/product0_reg_reg_i_39/O
                         net (fo=1, routed)           0.640     9.328    cpu_inst/data_mem_inst/product0_reg_reg_i_39_n_0
    SLICE_X9Y7                                                        f  cpu_inst/data_mem_inst/product0_reg_reg_i_26/I2
    SLICE_X9Y7           LUT5 (Prop_lut5_I2_O)        0.124     9.452 r  cpu_inst/data_mem_inst/product0_reg_reg_i_26/O
                         net (fo=3, routed)           1.098    10.549    cpu_inst/dot4acc_pipeline_inst/redirect_pending_target_reg[31]_i_16_2
    SLICE_X8Y11                                                       r  cpu_inst/dot4acc_pipeline_inst/redirect_pending_target[31]_i_24/I2
    SLICE_X8Y11          LUT6 (Prop_lut6_I2_O)        0.124    10.673 r  cpu_inst/dot4acc_pipeline_inst/redirect_pending_target[31]_i_24/O
                         net (fo=1, routed)           0.000    10.673    cpu_inst/dot4acc_pipeline_inst/redirect_pending_target[31]_i_24_n_0
    SLICE_X8Y11                                                       r  cpu_inst/dot4acc_pipeline_inst/redirect_pending_target_reg[31]_i_16/S[0]
    SLICE_X8Y11          CARRY4 (Prop_carry4_S[0]_CO[3])
                                                      0.513    11.186 r  cpu_inst/dot4acc_pipeline_inst/redirect_pending_target_reg[31]_i_16/CO[3]
                         net (fo=1, routed)           0.000    11.186    cpu_inst/dot4acc_pipeline_inst/redirect_pending_target_reg[31]_i_16_n_0
    SLICE_X8Y12                                                       r  cpu_inst/dot4acc_pipeline_inst/redirect_pending_target_reg[31]_i_12/CI
    SLICE_X8Y12          CARRY4 (Prop_carry4_CI_CO[3])
                                                      0.117    11.303 r  cpu_inst/dot4acc_pipeline_inst/redirect_pending_target_reg[31]_i_12/CO[3]
                         net (fo=1, routed)           0.000    11.303    cpu_inst/dot4acc_pipeline_inst/redirect_pending_target_reg[31]_i_12_n_0
    SLICE_X8Y13                                                       r  cpu_inst/dot4acc_pipeline_inst/redirect_pending_target_reg[31]_i_5/CI
    SLICE_X8Y13          CARRY4 (Prop_carry4_CI_CO[2])
                                                      0.229    11.532 r  cpu_inst/dot4acc_pipeline_inst/redirect_pending_target_reg[31]_i_5/CO[2]
                         net (fo=18, routed)          0.515    12.047    cpu_inst/dot4acc_pipeline_inst/ex_branch_taken0
    SLICE_X8Y10                                                       r  cpu_inst/dot4acc_pipeline_inst/led_OBUF[12]_inst_i_6/I3
    SLICE_X8Y10          LUT4 (Prop_lut4_I3_O)        0.310    12.357 r  cpu_inst/dot4acc_pipeline_inst/led_OBUF[12]_inst_i_6/O
                         net (fo=42, routed)          0.365    12.722    cpu_inst/dot4acc_pipeline_inst/led_OBUF[12]_inst_i_6_n_0
    SLICE_X9Y8                                                        r  cpu_inst/dot4acc_pipeline_inst/id_ex_reg[pc][31]_i_11/I0
    SLICE_X9Y8           LUT4 (Prop_lut4_I0_O)        0.124    12.846 f  cpu_inst/dot4acc_pipeline_inst/id_ex_reg[pc][31]_i_11/O
                         net (fo=1, routed)           0.154    13.000    cpu_inst/dot4acc_pipeline_inst/id_ex_reg[pc][31]_i_11_n_0
    SLICE_X9Y8                                                        f  cpu_inst/dot4acc_pipeline_inst/id_ex_reg[pc][31]_i_3/I5
    SLICE_X9Y8           LUT6 (Prop_lut6_I5_O)        0.124    13.124 r  cpu_inst/dot4acc_pipeline_inst/id_ex_reg[pc][31]_i_3/O
                         net (fo=13, routed)          0.626    13.751    cpu_inst/dot4acc_pipeline_inst/id_ex_reg[pc][31]_i_3_n_0
    SLICE_X8Y6                                                        r  cpu_inst/dot4acc_pipeline_inst/id_ex_reg[operand_b][31]_i_4/I2
    SLICE_X8Y6           LUT5 (Prop_lut5_I2_O)        0.124    13.875 r  cpu_inst/dot4acc_pipeline_inst/id_ex_reg[operand_b][31]_i_4/O
                         net (fo=3, routed)           0.687    14.562    cpu_inst/dot4acc_pipeline_inst/id_ex_reg[operand_b][31]_i_4_n_0
    SLICE_X4Y6                                                        r  cpu_inst/dot4acc_pipeline_inst/id_ex_reg[accumulator][31]_i_1/I1
    SLICE_X4Y6           LUT3 (Prop_lut3_I1_O)        0.124    14.686 r  cpu_inst/dot4acc_pipeline_inst/id_ex_reg[accumulator][31]_i_1/O
                         net (fo=32, routed)          0.732    15.418    cpu_inst/dot4acc_pipeline_inst_n_3
    SLICE_X5Y5           FDRE                                         r  cpu_inst/id_ex_reg_reg[accumulator][12]/R
  -------------------------------------------------------------------    -------------------

                         (clock sys_clk_pin rise edge)
                                                     10.700    10.700 r  <hidden>
    W5                                                0.000    10.700 r  clk
                         net (fo=0)                   0.000    10.700    clk
    W5                                                                r  clk_IBUF_inst/I
    W5                   IBUF (Prop_ibuf_I_O)         1.388    12.088 r  clk_IBUF_inst/O
                         net (fo=1, routed)           1.862    13.950    clk_IBUF
    BUFGCTRL_X0Y0                                                     r  clk_IBUF_BUFG_inst/I
    BUFGCTRL_X0Y0        BUFG (Prop_bufg_I_O)         0.091    14.041 r  clk_IBUF_BUFG_inst/O
                         net (fo=1820, routed)        1.517    15.558    cpu_inst/clk_IBUF_BUFG
    SLICE_X5Y5           FDRE                                         r  cpu_inst/id_ex_reg_reg[accumulator][12]/C
                         clock pessimism              0.260    15.818    <hidden>
                         clock uncertainty           -0.035    15.783    <hidden>
    SLICE_X5Y5           FDRE (Setup_fdre_C_R)       -0.429    15.354    cpu_inst/id_ex_reg_reg[accumulator][12]
  -------------------------------------------------------------------
                         required time                         15.354    <hidden>
                         arrival time                         -15.418    <hidden>
  -------------------------------------------------------------------
                         slack                                 -0.064    <hidden>

Slack (VIOLATED) :        -0.064ns  (required time - arrival time)
  Source:                 cpu_inst/data_mem_inst/mem_reg/CLKARDCLK
                            (rising edge-triggered cell RAMB18E1 clocked by sys_clk_pin  {rise@0.000ns fall@5.350ns period=10.700ns})
  Destination:            cpu_inst/id_ex_reg_reg[accumulator][4]/R
                            (rising edge-triggered cell FDRE clocked by sys_clk_pin  {rise@0.000ns fall@5.350ns period=10.700ns})
  Path Group:             sys_clk_pin
  Path Type:              Setup (Max at Slow Process Corner)
  Requirement:            10.700ns  (sys_clk_pin rise@10.700ns - sys_clk_pin rise@0.000ns)
  Data Path Delay:        10.290ns  (logic 4.491ns (43.644%)  route 5.799ns (56.356%))
  Logic Levels:           11  (CARRY4=3 LUT3=1 LUT4=2 LUT5=3 LUT6=2)
  Clock Path Skew:        -0.009ns (DCD - SCD + CPR)
    Destination Clock Delay (DCD):    4.858ns = ( 15.558 - 10.700 ) 
    Source Clock Delay      (SCD):    5.128ns
    Clock Pessimism Removal (CPR):    0.260ns
  Clock Uncertainty:      0.035ns  ((TSJ^2 + TIJ^2)^1/2 + DJ) / 2 + PE
    Total System Jitter     (TSJ):    0.071ns
    Total Input Jitter      (TIJ):    0.000ns
    Discrete Jitter          (DJ):    0.000ns
    Phase Error              (PE):    0.000ns

    Location             Delay type                Incr(ns)  Path(ns)    Netlist Resource(s)
  -------------------------------------------------------------------    -------------------
                         (clock sys_clk_pin rise edge)
                                                      0.000     0.000 r  <hidden>
    W5                                                0.000     0.000 r  clk
                         net (fo=0)                   0.000     0.000    clk
    W5                                                                r  clk_IBUF_inst/I
    W5                   IBUF (Prop_ibuf_I_O)         1.458     1.458 r  clk_IBUF_inst/O
                         net (fo=1, routed)           1.967     3.425    clk_IBUF
    BUFGCTRL_X0Y0                                                     r  clk_IBUF_BUFG_inst/I
    BUFGCTRL_X0Y0        BUFG (Prop_bufg_I_O)         0.096     3.521 r  clk_IBUF_BUFG_inst/O
                         net (fo=1820, routed)        1.607     5.128    cpu_inst/data_mem_inst/clk_IBUF_BUFG
    RAMB18_X0Y4          RAMB18E1                                     r  cpu_inst/data_mem_inst/mem_reg/CLKARDCLK
  -------------------------------------------------------------------    -------------------
    RAMB18_X0Y4          RAMB18E1 (Prop_ramb18e1_CLKARDCLK_DOADO[1])
                                                      2.454     7.582 f  cpu_inst/data_mem_inst/mem_reg/DOADO[1]
                         net (fo=6, routed)           0.982     8.564    cpu_inst/data_mem_inst/read_data[1]
    SLICE_X9Y7                                                        f  cpu_inst/data_mem_inst/product0_reg_reg_i_39/I2
    SLICE_X9Y7           LUT5 (Prop_lut5_I2_O)        0.124     8.688 f  cpu_inst/data_mem_inst/product0_reg_reg_i_39/O
                         net (fo=1, routed)           0.640     9.328    cpu_inst/data_mem_inst/product0_reg_reg_i_39_n_0
    SLICE_X9Y7                                                        f  cpu_inst/data_mem_inst/product0_reg_reg_i_26/I2
    SLICE_X9Y7           LUT5 (Prop_lut5_I2_O)        0.124     9.452 r  cpu_inst/data_mem_inst/product0_reg_reg_i_26/O
                         net (fo=3, routed)           1.098    10.549    cpu_inst/dot4acc_pipeline_inst/redirect_pending_target_reg[31]_i_16_2
    SLICE_X8Y11                                                       r  cpu_inst/dot4acc_pipeline_inst/redirect_pending_target[31]_i_24/I2
    SLICE_X8Y11          LUT6 (Prop_lut6_I2_O)        0.124    10.673 r  cpu_inst/dot4acc_pipeline_inst/redirect_pending_target[31]_i_24/O
                         net (fo=1, routed)           0.000    10.673    cpu_inst/dot4acc_pipeline_inst/redirect_pending_target[31]_i_24_n_0
    SLICE_X8Y11                                                       r  cpu_inst/dot4acc_pipeline_inst/redirect_pending_target_reg[31]_i_16/S[0]
    SLICE_X8Y11          CARRY4 (Prop_carry4_S[0]_CO[3])
                                                      0.513    11.186 r  cpu_inst/dot4acc_pipeline_inst/redirect_pending_target_reg[31]_i_16/CO[3]
                         net (fo=1, routed)           0.000    11.186    cpu_inst/dot4acc_pipeline_inst/redirect_pending_target_reg[31]_i_16_n_0
    SLICE_X8Y12                                                       r  cpu_inst/dot4acc_pipeline_inst/redirect_pending_target_reg[31]_i_12/CI
    SLICE_X8Y12          CARRY4 (Prop_carry4_CI_CO[3])
                                                      0.117    11.303 r  cpu_inst/dot4acc_pipeline_inst/redirect_pending_target_reg[31]_i_12/CO[3]
                         net (fo=1, routed)           0.000    11.303    cpu_inst/dot4acc_pipeline_inst/redirect_pending_target_reg[31]_i_12_n_0
    SLICE_X8Y13                                                       r  cpu_inst/dot4acc_pipeline_inst/redirect_pending_target_reg[31]_i_5/CI
    SLICE_X8Y13          CARRY4 (Prop_carry4_CI_CO[2])
                                                      0.229    11.532 r  cpu_inst/dot4acc_pipeline_inst/redirect_pending_target_reg[31]_i_5/CO[2]
                         net (fo=18, routed)          0.515    12.047    cpu_inst/dot4acc_pipeline_inst/ex_branch_taken0
    SLICE_X8Y10                                                       r  cpu_inst/dot4acc_pipeline_inst/led_OBUF[12]_inst_i_6/I3
    SLICE_X8Y10          LUT4 (Prop_lut4_I3_O)        0.310    12.357 r  cpu_inst/dot4acc_pipeline_inst/led_OBUF[12]_inst_i_6/O
                         net (fo=42, routed)          0.365    12.722    cpu_inst/dot4acc_pipeline_inst/led_OBUF[12]_inst_i_6_n_0
    SLICE_X9Y8                                                        r  cpu_inst/dot4acc_pipeline_inst/id_ex_reg[pc][31]_i_11/I0
    SLICE_X9Y8           LUT4 (Prop_lut4_I0_O)        0.124    12.846 f  cpu_inst/dot4acc_pipeline_inst/id_ex_reg[pc][31]_i_11/O
                         net (fo=1, routed)           0.154    13.000    cpu_inst/dot4acc_pipeline_inst/id_ex_reg[pc][31]_i_11_n_0
    SLICE_X9Y8                                                        f  cpu_inst/dot4acc_pipeline_inst/id_ex_reg[pc][31]_i_3/I5
    SLICE_X9Y8           LUT6 (Prop_lut6_I5_O)        0.124    13.124 r  cpu_inst/dot4acc_pipeline_inst/id_ex_reg[pc][31]_i_3/O
                         net (fo=13, routed)          0.626    13.751    cpu_inst/dot4acc_pipeline_inst/id_ex_reg[pc][31]_i_3_n_0
    SLICE_X8Y6                                                        r  cpu_inst/dot4acc_pipeline_inst/id_ex_reg[operand_b][31]_i_4/I2
    SLICE_X8Y6           LUT5 (Prop_lut5_I2_O)        0.124    13.875 r  cpu_inst/dot4acc_pipeline_inst/id_ex_reg[operand_b][31]_i_4/O
                         net (fo=3, routed)           0.687    14.562    cpu_inst/dot4acc_pipeline_inst/id_ex_reg[operand_b][31]_i_4_n_0
    SLICE_X4Y6                                                        r  cpu_inst/dot4acc_pipeline_inst/id_ex_reg[accumulator][31]_i_1/I1
    SLICE_X4Y6           LUT3 (Prop_lut3_I1_O)        0.124    14.686 r  cpu_inst/dot4acc_pipeline_inst/id_ex_reg[accumulator][31]_i_1/O
                         net (fo=32, routed)          0.732    15.418    cpu_inst/dot4acc_pipeline_inst_n_3
    SLICE_X5Y5           FDRE                                         r  cpu_inst/id_ex_reg_reg[accumulator][4]/R
  -------------------------------------------------------------------    -------------------

                         (clock sys_clk_pin rise edge)
                                                     10.700    10.700 r  <hidden>
    W5                                                0.000    10.700 r  clk
                         net (fo=0)                   0.000    10.700    clk
    W5                                                                r  clk_IBUF_inst/I
    W5                   IBUF (Prop_ibuf_I_O)         1.388    12.088 r  clk_IBUF_inst/O
                         net (fo=1, routed)           1.862    13.950    clk_IBUF
    BUFGCTRL_X0Y0                                                     r  clk_IBUF_BUFG_inst/I
    BUFGCTRL_X0Y0        BUFG (Prop_bufg_I_O)         0.091    14.041 r  clk_IBUF_BUFG_inst/O
                         net (fo=1820, routed)        1.517    15.558    cpu_inst/clk_IBUF_BUFG
    SLICE_X5Y5           FDRE                                         r  cpu_inst/id_ex_reg_reg[accumulator][4]/C
                         clock pessimism              0.260    15.818    <hidden>
                         clock uncertainty           -0.035    15.783    <hidden>
    SLICE_X5Y5           FDRE (Setup_fdre_C_R)       -0.429    15.354    cpu_inst/id_ex_reg_reg[accumulator][4]
  -------------------------------------------------------------------
                         required time                         15.354    <hidden>
                         arrival time                         -15.418    <hidden>
  -------------------------------------------------------------------
                         slack                                 -0.064    <hidden>

Slack (VIOLATED) :        -0.064ns  (required time - arrival time)
  Source:                 cpu_inst/data_mem_inst/mem_reg/CLKARDCLK
                            (rising edge-triggered cell RAMB18E1 clocked by sys_clk_pin  {rise@0.000ns fall@5.350ns period=10.700ns})
  Destination:            cpu_inst/id_ex_reg_reg[accumulator][8]/R
                            (rising edge-triggered cell FDRE clocked by sys_clk_pin  {rise@0.000ns fall@5.350ns period=10.700ns})
  Path Group:             sys_clk_pin
  Path Type:              Setup (Max at Slow Process Corner)
  Requirement:            10.700ns  (sys_clk_pin rise@10.700ns - sys_clk_pin rise@0.000ns)
  Data Path Delay:        10.290ns  (logic 4.491ns (43.644%)  route 5.799ns (56.356%))
  Logic Levels:           11  (CARRY4=3 LUT3=1 LUT4=2 LUT5=3 LUT6=2)
  Clock Path Skew:        -0.009ns (DCD - SCD + CPR)
    Destination Clock Delay (DCD):    4.858ns = ( 15.558 - 10.700 ) 
    Source Clock Delay      (SCD):    5.128ns
    Clock Pessimism Removal (CPR):    0.260ns
  Clock Uncertainty:      0.035ns  ((TSJ^2 + TIJ^2)^1/2 + DJ) / 2 + PE
    Total System Jitter     (TSJ):    0.071ns
    Total Input Jitter      (TIJ):    0.000ns
    Discrete Jitter          (DJ):    0.000ns
    Phase Error              (PE):    0.000ns

    Location             Delay type                Incr(ns)  Path(ns)    Netlist Resource(s)
  -------------------------------------------------------------------    -------------------
                         (clock sys_clk_pin rise edge)
                                                      0.000     0.000 r  <hidden>
    W5                                                0.000     0.000 r  clk
                         net (fo=0)                   0.000     0.000    clk
    W5                                                                r  clk_IBUF_inst/I
    W5                   IBUF (Prop_ibuf_I_O)         1.458     1.458 r  clk_IBUF_inst/O
                         net (fo=1, routed)           1.967     3.425    clk_IBUF
    BUFGCTRL_X0Y0                                                     r  clk_IBUF_BUFG_inst/I
    BUFGCTRL_X0Y0        BUFG (Prop_bufg_I_O)         0.096     3.521 r  clk_IBUF_BUFG_inst/O
                         net (fo=1820, routed)        1.607     5.128    cpu_inst/data_mem_inst/clk_IBUF_BUFG
    RAMB18_X0Y4          RAMB18E1                                     r  cpu_inst/data_mem_inst/mem_reg/CLKARDCLK
  -------------------------------------------------------------------    -------------------
    RAMB18_X0Y4          RAMB18E1 (Prop_ramb18e1_CLKARDCLK_DOADO[1])
                                                      2.454     7.582 f  cpu_inst/data_mem_inst/mem_reg/DOADO[1]
                         net (fo=6, routed)           0.982     8.564    cpu_inst/data_mem_inst/read_data[1]
    SLICE_X9Y7                                                        f  cpu_inst/data_mem_inst/product0_reg_reg_i_39/I2
    SLICE_X9Y7           LUT5 (Prop_lut5_I2_O)        0.124     8.688 f  cpu_inst/data_mem_inst/product0_reg_reg_i_39/O
                         net (fo=1, routed)           0.640     9.328    cpu_inst/data_mem_inst/product0_reg_reg_i_39_n_0
    SLICE_X9Y7                                                        f  cpu_inst/data_mem_inst/product0_reg_reg_i_26/I2
    SLICE_X9Y7           LUT5 (Prop_lut5_I2_O)        0.124     9.452 r  cpu_inst/data_mem_inst/product0_reg_reg_i_26/O
                         net (fo=3, routed)           1.098    10.549    cpu_inst/dot4acc_pipeline_inst/redirect_pending_target_reg[31]_i_16_2
    SLICE_X8Y11                                                       r  cpu_inst/dot4acc_pipeline_inst/redirect_pending_target[31]_i_24/I2
    SLICE_X8Y11          LUT6 (Prop_lut6_I2_O)        0.124    10.673 r  cpu_inst/dot4acc_pipeline_inst/redirect_pending_target[31]_i_24/O
                         net (fo=1, routed)           0.000    10.673    cpu_inst/dot4acc_pipeline_inst/redirect_pending_target[31]_i_24_n_0
    SLICE_X8Y11                                                       r  cpu_inst/dot4acc_pipeline_inst/redirect_pending_target_reg[31]_i_16/S[0]
    SLICE_X8Y11          CARRY4 (Prop_carry4_S[0]_CO[3])
                                                      0.513    11.186 r  cpu_inst/dot4acc_pipeline_inst/redirect_pending_target_reg[31]_i_16/CO[3]
                         net (fo=1, routed)           0.000    11.186    cpu_inst/dot4acc_pipeline_inst/redirect_pending_target_reg[31]_i_16_n_0
    SLICE_X8Y12                                                       r  cpu_inst/dot4acc_pipeline_inst/redirect_pending_target_reg[31]_i_12/CI
    SLICE_X8Y12          CARRY4 (Prop_carry4_CI_CO[3])
                                                      0.117    11.303 r  cpu_inst/dot4acc_pipeline_inst/redirect_pending_target_reg[31]_i_12/CO[3]
                         net (fo=1, routed)           0.000    11.303    cpu_inst/dot4acc_pipeline_inst/redirect_pending_target_reg[31]_i_12_n_0
    SLICE_X8Y13                                                       r  cpu_inst/dot4acc_pipeline_inst/redirect_pending_target_reg[31]_i_5/CI
    SLICE_X8Y13          CARRY4 (Prop_carry4_CI_CO[2])
                                                      0.229    11.532 r  cpu_inst/dot4acc_pipeline_inst/redirect_pending_target_reg[31]_i_5/CO[2]
                         net (fo=18, routed)          0.515    12.047    cpu_inst/dot4acc_pipeline_inst/ex_branch_taken0
    SLICE_X8Y10                                                       r  cpu_inst/dot4acc_pipeline_inst/led_OBUF[12]_inst_i_6/I3
    SLICE_X8Y10          LUT4 (Prop_lut4_I3_O)        0.310    12.357 r  cpu_inst/dot4acc_pipeline_inst/led_OBUF[12]_inst_i_6/O
                         net (fo=42, routed)          0.365    12.722    cpu_inst/dot4acc_pipeline_inst/led_OBUF[12]_inst_i_6_n_0
    SLICE_X9Y8                                                        r  cpu_inst/dot4acc_pipeline_inst/id_ex_reg[pc][31]_i_11/I0
    SLICE_X9Y8           LUT4 (Prop_lut4_I0_O)        0.124    12.846 f  cpu_inst/dot4acc_pipeline_inst/id_ex_reg[pc][31]_i_11/O
                         net (fo=1, routed)           0.154    13.000    cpu_inst/dot4acc_pipeline_inst/id_ex_reg[pc][31]_i_11_n_0
    SLICE_X9Y8                                                        f  cpu_inst/dot4acc_pipeline_inst/id_ex_reg[pc][31]_i_3/I5
    SLICE_X9Y8           LUT6 (Prop_lut6_I5_O)        0.124    13.124 r  cpu_inst/dot4acc_pipeline_inst/id_ex_reg[pc][31]_i_3/O
                         net (fo=13, routed)          0.626    13.751    cpu_inst/dot4acc_pipeline_inst/id_ex_reg[pc][31]_i_3_n_0
    SLICE_X8Y6                                                        r  cpu_inst/dot4acc_pipeline_inst/id_ex_reg[operand_b][31]_i_4/I2
    SLICE_X8Y6           LUT5 (Prop_lut5_I2_O)        0.124    13.875 r  cpu_inst/dot4acc_pipeline_inst/id_ex_reg[operand_b][31]_i_4/O
                         net (fo=3, routed)           0.687    14.562    cpu_inst/dot4acc_pipeline_inst/id_ex_reg[operand_b][31]_i_4_n_0
    SLICE_X4Y6                                                        r  cpu_inst/dot4acc_pipeline_inst/id_ex_reg[accumulator][31]_i_1/I1
    SLICE_X4Y6           LUT3 (Prop_lut3_I1_O)        0.124    14.686 r  cpu_inst/dot4acc_pipeline_inst/id_ex_reg[accumulator][31]_i_1/O
                         net (fo=32, routed)          0.732    15.418    cpu_inst/dot4acc_pipeline_inst_n_3
    SLICE_X5Y5           FDRE                                         r  cpu_inst/id_ex_reg_reg[accumulator][8]/R
  -------------------------------------------------------------------    -------------------

                         (clock sys_clk_pin rise edge)
                                                     10.700    10.700 r  <hidden>
    W5                                                0.000    10.700 r  clk
                         net (fo=0)                   0.000    10.700    clk
    W5                                                                r  clk_IBUF_inst/I
    W5                   IBUF (Prop_ibuf_I_O)         1.388    12.088 r  clk_IBUF_inst/O
                         net (fo=1, routed)           1.862    13.950    clk_IBUF
    BUFGCTRL_X0Y0                                                     r  clk_IBUF_BUFG_inst/I
    BUFGCTRL_X0Y0        BUFG (Prop_bufg_I_O)         0.091    14.041 r  clk_IBUF_BUFG_inst/O
                         net (fo=1820, routed)        1.517    15.558    cpu_inst/clk_IBUF_BUFG
    SLICE_X5Y5           FDRE                                         r  cpu_inst/id_ex_reg_reg[accumulator][8]/C
                         clock pessimism              0.260    15.818    <hidden>
                         clock uncertainty           -0.035    15.783    <hidden>
    SLICE_X5Y5           FDRE (Setup_fdre_C_R)       -0.429    15.354    cpu_inst/id_ex_reg_reg[accumulator][8]
  -------------------------------------------------------------------
                         required time                         15.354    <hidden>
                         arrival time                         -15.418    <hidden>
  -------------------------------------------------------------------
                         slack                                 -0.064    <hidden>

Slack (VIOLATED) :        -0.062ns  (required time - arrival time)
  Source:                 cpu_inst/data_mem_inst/mem_reg/CLKARDCLK
                            (rising edge-triggered cell RAMB18E1 clocked by sys_clk_pin  {rise@0.000ns fall@5.350ns period=10.700ns})
  Destination:            cpu_inst/id_ex_reg_reg[operand_a][12]/R
                            (rising edge-triggered cell FDRE clocked by sys_clk_pin  {rise@0.000ns fall@5.350ns period=10.700ns})
  Path Group:             sys_clk_pin
  Path Type:              Setup (Max at Slow Process Corner)
  Requirement:            10.700ns  (sys_clk_pin rise@10.700ns - sys_clk_pin rise@0.000ns)
  Data Path Delay:        10.222ns  (logic 4.491ns (43.935%)  route 5.731ns (56.065%))
  Logic Levels:           11  (CARRY4=3 LUT3=1 LUT4=2 LUT5=3 LUT6=2)
  Clock Path Skew:        -0.075ns (DCD - SCD + CPR)
    Destination Clock Delay (DCD):    4.792ns = ( 15.492 - 10.700 ) 
    Source Clock Delay      (SCD):    5.128ns
    Clock Pessimism Removal (CPR):    0.260ns
  Clock Uncertainty:      0.035ns  ((TSJ^2 + TIJ^2)^1/2 + DJ) / 2 + PE
    Total System Jitter     (TSJ):    0.071ns
    Total Input Jitter      (TIJ):    0.000ns
    Discrete Jitter          (DJ):    0.000ns
    Phase Error              (PE):    0.000ns

    Location             Delay type                Incr(ns)  Path(ns)    Netlist Resource(s)
  -------------------------------------------------------------------    -------------------
                         (clock sys_clk_pin rise edge)
                                                      0.000     0.000 r  <hidden>
    W5                                                0.000     0.000 r  clk
                         net (fo=0)                   0.000     0.000    clk
    W5                                                                r  clk_IBUF_inst/I
    W5                   IBUF (Prop_ibuf_I_O)         1.458     1.458 r  clk_IBUF_inst/O
                         net (fo=1, routed)           1.967     3.425    clk_IBUF
    BUFGCTRL_X0Y0                                                     r  clk_IBUF_BUFG_inst/I
    BUFGCTRL_X0Y0        BUFG (Prop_bufg_I_O)         0.096     3.521 r  clk_IBUF_BUFG_inst/O
                         net (fo=1820, routed)        1.607     5.128    cpu_inst/data_mem_inst/clk_IBUF_BUFG
    RAMB18_X0Y4          RAMB18E1                                     r  cpu_inst/data_mem_inst/mem_reg/CLKARDCLK
  -------------------------------------------------------------------    -------------------
    RAMB18_X0Y4          RAMB18E1 (Prop_ramb18e1_CLKARDCLK_DOADO[1])
                                                      2.454     7.582 f  cpu_inst/data_mem_inst/mem_reg/DOADO[1]
                         net (fo=6, routed)           0.982     8.564    cpu_inst/data_mem_inst/read_data[1]
    SLICE_X9Y7                                                        f  cpu_inst/data_mem_inst/product0_reg_reg_i_39/I2
    SLICE_X9Y7           LUT5 (Prop_lut5_I2_O)        0.124     8.688 f  cpu_inst/data_mem_inst/product0_reg_reg_i_39/O
                         net (fo=1, routed)           0.640     9.328    cpu_inst/data_mem_inst/product0_reg_reg_i_39_n_0
    SLICE_X9Y7                                                        f  cpu_inst/data_mem_inst/product0_reg_reg_i_26/I2
    SLICE_X9Y7           LUT5 (Prop_lut5_I2_O)        0.124     9.452 r  cpu_inst/data_mem_inst/product0_reg_reg_i_26/O
                         net (fo=3, routed)           1.098    10.549    cpu_inst/dot4acc_pipeline_inst/redirect_pending_target_reg[31]_i_16_2
    SLICE_X8Y11                                                       r  cpu_inst/dot4acc_pipeline_inst/redirect_pending_target[31]_i_24/I2
    SLICE_X8Y11          LUT6 (Prop_lut6_I2_O)        0.124    10.673 r  cpu_inst/dot4acc_pipeline_inst/redirect_pending_target[31]_i_24/O
                         net (fo=1, routed)           0.000    10.673    cpu_inst/dot4acc_pipeline_inst/redirect_pending_target[31]_i_24_n_0
    SLICE_X8Y11                                                       r  cpu_inst/dot4acc_pipeline_inst/redirect_pending_target_reg[31]_i_16/S[0]
    SLICE_X8Y11          CARRY4 (Prop_carry4_S[0]_CO[3])
                                                      0.513    11.186 r  cpu_inst/dot4acc_pipeline_inst/redirect_pending_target_reg[31]_i_16/CO[3]
                         net (fo=1, routed)           0.000    11.186    cpu_inst/dot4acc_pipeline_inst/redirect_pending_target_reg[31]_i_16_n_0
    SLICE_X8Y12                                                       r  cpu_inst/dot4acc_pipeline_inst/redirect_pending_target_reg[31]_i_12/CI
    SLICE_X8Y12          CARRY4 (Prop_carry4_CI_CO[3])
                                                      0.117    11.303 r  cpu_inst/dot4acc_pipeline_inst/redirect_pending_target_reg[31]_i_12/CO[3]
                         net (fo=1, routed)           0.000    11.303    cpu_inst/dot4acc_pipeline_inst/redirect_pending_target_reg[31]_i_12_n_0
    SLICE_X8Y13                                                       r  cpu_inst/dot4acc_pipeline_inst/redirect_pending_target_reg[31]_i_5/CI
    SLICE_X8Y13          CARRY4 (Prop_carry4_CI_CO[2])
                                                      0.229    11.532 r  cpu_inst/dot4acc_pipeline_inst/redirect_pending_target_reg[31]_i_5/CO[2]
                         net (fo=18, routed)          0.515    12.047    cpu_inst/dot4acc_pipeline_inst/ex_branch_taken0
    SLICE_X8Y10                                                       r  cpu_inst/dot4acc_pipeline_inst/led_OBUF[12]_inst_i_6/I3
    SLICE_X8Y10          LUT4 (Prop_lut4_I3_O)        0.310    12.357 r  cpu_inst/dot4acc_pipeline_inst/led_OBUF[12]_inst_i_6/O
                         net (fo=42, routed)          0.365    12.722    cpu_inst/dot4acc_pipeline_inst/led_OBUF[12]_inst_i_6_n_0
    SLICE_X9Y8                                                        r  cpu_inst/dot4acc_pipeline_inst/id_ex_reg[pc][31]_i_11/I0
    SLICE_X9Y8           LUT4 (Prop_lut4_I0_O)        0.124    12.846 f  cpu_inst/dot4acc_pipeline_inst/id_ex_reg[pc][31]_i_11/O
                         net (fo=1, routed)           0.154    13.000    cpu_inst/dot4acc_pipeline_inst/id_ex_reg[pc][31]_i_11_n_0
    SLICE_X9Y8                                                        f  cpu_inst/dot4acc_pipeline_inst/id_ex_reg[pc][31]_i_3/I5
    SLICE_X9Y8           LUT6 (Prop_lut6_I5_O)        0.124    13.124 r  cpu_inst/dot4acc_pipeline_inst/id_ex_reg[pc][31]_i_3/O
                         net (fo=13, routed)          0.626    13.751    cpu_inst/dot4acc_pipeline_inst/id_ex_reg[pc][31]_i_3_n_0
    SLICE_X8Y6                                                        r  cpu_inst/dot4acc_pipeline_inst/id_ex_reg[operand_b][31]_i_4/I2
    SLICE_X8Y6           LUT5 (Prop_lut5_I2_O)        0.124    13.875 r  cpu_inst/dot4acc_pipeline_inst/id_ex_reg[operand_b][31]_i_4/O
                         net (fo=3, routed)           0.517    14.391    cpu_inst/dot4acc_pipeline_inst/id_ex_reg[operand_b][31]_i_4_n_0
    SLICE_X8Y6                                                        r  cpu_inst/dot4acc_pipeline_inst/id_ex_reg[operand_a][31]_i_1/I1
    SLICE_X8Y6           LUT3 (Prop_lut3_I1_O)        0.124    14.515 r  cpu_inst/dot4acc_pipeline_inst/id_ex_reg[operand_a][31]_i_1/O
                         net (fo=32, routed)          0.834    15.350    cpu_inst/dot4acc_pipeline_inst_n_4
    SLICE_X11Y5          FDRE                                         r  cpu_inst/id_ex_reg_reg[operand_a][12]/R
  -------------------------------------------------------------------    -------------------

                         (clock sys_clk_pin rise edge)
                                                     10.700    10.700 r  <hidden>
    W5                                                0.000    10.700 r  clk
                         net (fo=0)                   0.000    10.700    clk
    W5                                                                r  clk_IBUF_inst/I
    W5                   IBUF (Prop_ibuf_I_O)         1.388    12.088 r  clk_IBUF_inst/O
                         net (fo=1, routed)           1.862    13.950    clk_IBUF
    BUFGCTRL_X0Y0                                                     r  clk_IBUF_BUFG_inst/I
    BUFGCTRL_X0Y0        BUFG (Prop_bufg_I_O)         0.091    14.041 r  clk_IBUF_BUFG_inst/O
                         net (fo=1820, routed)        1.451    15.492    cpu_inst/clk_IBUF_BUFG
    SLICE_X11Y5          FDRE                                         r  cpu_inst/id_ex_reg_reg[operand_a][12]/C
                         clock pessimism              0.260    15.752    <hidden>
                         clock uncertainty           -0.035    15.717    <hidden>
    SLICE_X11Y5          FDRE (Setup_fdre_C_R)       -0.429    15.288    cpu_inst/id_ex_reg_reg[operand_a][12]
  -------------------------------------------------------------------
                         required time                         15.288    <hidden>
                         arrival time                         -15.350    <hidden>
  -------------------------------------------------------------------
                         slack                                 -0.062    <hidden>

Slack (VIOLATED) :        -0.062ns  (required time - arrival time)
  Source:                 cpu_inst/data_mem_inst/mem_reg/CLKARDCLK
                            (rising edge-triggered cell RAMB18E1 clocked by sys_clk_pin  {rise@0.000ns fall@5.350ns period=10.700ns})
  Destination:            cpu_inst/id_ex_reg_reg[operand_a][6]/R
                            (rising edge-triggered cell FDRE clocked by sys_clk_pin  {rise@0.000ns fall@5.350ns period=10.700ns})
  Path Group:             sys_clk_pin
  Path Type:              Setup (Max at Slow Process Corner)
  Requirement:            10.700ns  (sys_clk_pin rise@10.700ns - sys_clk_pin rise@0.000ns)
  Data Path Delay:        10.222ns  (logic 4.491ns (43.935%)  route 5.731ns (56.065%))
  Logic Levels:           11  (CARRY4=3 LUT3=1 LUT4=2 LUT5=3 LUT6=2)
  Clock Path Skew:        -0.075ns (DCD - SCD + CPR)
    Destination Clock Delay (DCD):    4.792ns = ( 15.492 - 10.700 ) 
    Source Clock Delay      (SCD):    5.128ns
    Clock Pessimism Removal (CPR):    0.260ns
  Clock Uncertainty:      0.035ns  ((TSJ^2 + TIJ^2)^1/2 + DJ) / 2 + PE
    Total System Jitter     (TSJ):    0.071ns
    Total Input Jitter      (TIJ):    0.000ns
    Discrete Jitter          (DJ):    0.000ns
    Phase Error              (PE):    0.000ns

    Location             Delay type                Incr(ns)  Path(ns)    Netlist Resource(s)
  -------------------------------------------------------------------    -------------------
                         (clock sys_clk_pin rise edge)
                                                      0.000     0.000 r  <hidden>
    W5                                                0.000     0.000 r  clk
                         net (fo=0)                   0.000     0.000    clk
    W5                                                                r  clk_IBUF_inst/I
    W5                   IBUF (Prop_ibuf_I_O)         1.458     1.458 r  clk_IBUF_inst/O
                         net (fo=1, routed)           1.967     3.425    clk_IBUF
    BUFGCTRL_X0Y0                                                     r  clk_IBUF_BUFG_inst/I
    BUFGCTRL_X0Y0        BUFG (Prop_bufg_I_O)         0.096     3.521 r  clk_IBUF_BUFG_inst/O
                         net (fo=1820, routed)        1.607     5.128    cpu_inst/data_mem_inst/clk_IBUF_BUFG
    RAMB18_X0Y4          RAMB18E1                                     r  cpu_inst/data_mem_inst/mem_reg/CLKARDCLK
  -------------------------------------------------------------------    -------------------
    RAMB18_X0Y4          RAMB18E1 (Prop_ramb18e1_CLKARDCLK_DOADO[1])
                                                      2.454     7.582 f  cpu_inst/data_mem_inst/mem_reg/DOADO[1]
                         net (fo=6, routed)           0.982     8.564    cpu_inst/data_mem_inst/read_data[1]
    SLICE_X9Y7                                                        f  cpu_inst/data_mem_inst/product0_reg_reg_i_39/I2
    SLICE_X9Y7           LUT5 (Prop_lut5_I2_O)        0.124     8.688 f  cpu_inst/data_mem_inst/product0_reg_reg_i_39/O
                         net (fo=1, routed)           0.640     9.328    cpu_inst/data_mem_inst/product0_reg_reg_i_39_n_0
    SLICE_X9Y7                                                        f  cpu_inst/data_mem_inst/product0_reg_reg_i_26/I2
    SLICE_X9Y7           LUT5 (Prop_lut5_I2_O)        0.124     9.452 r  cpu_inst/data_mem_inst/product0_reg_reg_i_26/O
                         net (fo=3, routed)           1.098    10.549    cpu_inst/dot4acc_pipeline_inst/redirect_pending_target_reg[31]_i_16_2
    SLICE_X8Y11                                                       r  cpu_inst/dot4acc_pipeline_inst/redirect_pending_target[31]_i_24/I2
    SLICE_X8Y11          LUT6 (Prop_lut6_I2_O)        0.124    10.673 r  cpu_inst/dot4acc_pipeline_inst/redirect_pending_target[31]_i_24/O
                         net (fo=1, routed)           0.000    10.673    cpu_inst/dot4acc_pipeline_inst/redirect_pending_target[31]_i_24_n_0
    SLICE_X8Y11                                                       r  cpu_inst/dot4acc_pipeline_inst/redirect_pending_target_reg[31]_i_16/S[0]
    SLICE_X8Y11          CARRY4 (Prop_carry4_S[0]_CO[3])
                                                      0.513    11.186 r  cpu_inst/dot4acc_pipeline_inst/redirect_pending_target_reg[31]_i_16/CO[3]
                         net (fo=1, routed)           0.000    11.186    cpu_inst/dot4acc_pipeline_inst/redirect_pending_target_reg[31]_i_16_n_0
    SLICE_X8Y12                                                       r  cpu_inst/dot4acc_pipeline_inst/redirect_pending_target_reg[31]_i_12/CI
    SLICE_X8Y12          CARRY4 (Prop_carry4_CI_CO[3])
                                                      0.117    11.303 r  cpu_inst/dot4acc_pipeline_inst/redirect_pending_target_reg[31]_i_12/CO[3]
                         net (fo=1, routed)           0.000    11.303    cpu_inst/dot4acc_pipeline_inst/redirect_pending_target_reg[31]_i_12_n_0
    SLICE_X8Y13                                                       r  cpu_inst/dot4acc_pipeline_inst/redirect_pending_target_reg[31]_i_5/CI
    SLICE_X8Y13          CARRY4 (Prop_carry4_CI_CO[2])
                                                      0.229    11.532 r  cpu_inst/dot4acc_pipeline_inst/redirect_pending_target_reg[31]_i_5/CO[2]
                         net (fo=18, routed)          0.515    12.047    cpu_inst/dot4acc_pipeline_inst/ex_branch_taken0
    SLICE_X8Y10                                                       r  cpu_inst/dot4acc_pipeline_inst/led_OBUF[12]_inst_i_6/I3
    SLICE_X8Y10          LUT4 (Prop_lut4_I3_O)        0.310    12.357 r  cpu_inst/dot4acc_pipeline_inst/led_OBUF[12]_inst_i_6/O
                         net (fo=42, routed)          0.365    12.722    cpu_inst/dot4acc_pipeline_inst/led_OBUF[12]_inst_i_6_n_0
    SLICE_X9Y8                                                        r  cpu_inst/dot4acc_pipeline_inst/id_ex_reg[pc][31]_i_11/I0
    SLICE_X9Y8           LUT4 (Prop_lut4_I0_O)        0.124    12.846 f  cpu_inst/dot4acc_pipeline_inst/id_ex_reg[pc][31]_i_11/O
                         net (fo=1, routed)           0.154    13.000    cpu_inst/dot4acc_pipeline_inst/id_ex_reg[pc][31]_i_11_n_0
    SLICE_X9Y8                                                        f  cpu_inst/dot4acc_pipeline_inst/id_ex_reg[pc][31]_i_3/I5
    SLICE_X9Y8           LUT6 (Prop_lut6_I5_O)        0.124    13.124 r  cpu_inst/dot4acc_pipeline_inst/id_ex_reg[pc][31]_i_3/O
                         net (fo=13, routed)          0.626    13.751    cpu_inst/dot4acc_pipeline_inst/id_ex_reg[pc][31]_i_3_n_0
    SLICE_X8Y6                                                        r  cpu_inst/dot4acc_pipeline_inst/id_ex_reg[operand_b][31]_i_4/I2
    SLICE_X8Y6           LUT5 (Prop_lut5_I2_O)        0.124    13.875 r  cpu_inst/dot4acc_pipeline_inst/id_ex_reg[operand_b][31]_i_4/O
                         net (fo=3, routed)           0.517    14.391    cpu_inst/dot4acc_pipeline_inst/id_ex_reg[operand_b][31]_i_4_n_0
    SLICE_X8Y6                                                        r  cpu_inst/dot4acc_pipeline_inst/id_ex_reg[operand_a][31]_i_1/I1
    SLICE_X8Y6           LUT3 (Prop_lut3_I1_O)        0.124    14.515 r  cpu_inst/dot4acc_pipeline_inst/id_ex_reg[operand_a][31]_i_1/O
                         net (fo=32, routed)          0.834    15.350    cpu_inst/dot4acc_pipeline_inst_n_4
    SLICE_X11Y5          FDRE                                         r  cpu_inst/id_ex_reg_reg[operand_a][6]/R
  -------------------------------------------------------------------    -------------------

                         (clock sys_clk_pin rise edge)
                                                     10.700    10.700 r  <hidden>
    W5                                                0.000    10.700 r  clk
                         net (fo=0)                   0.000    10.700    clk
    W5                                                                r  clk_IBUF_inst/I
    W5                   IBUF (Prop_ibuf_I_O)         1.388    12.088 r  clk_IBUF_inst/O
                         net (fo=1, routed)           1.862    13.950    clk_IBUF
    BUFGCTRL_X0Y0                                                     r  clk_IBUF_BUFG_inst/I
    BUFGCTRL_X0Y0        BUFG (Prop_bufg_I_O)         0.091    14.041 r  clk_IBUF_BUFG_inst/O
                         net (fo=1820, routed)        1.451    15.492    cpu_inst/clk_IBUF_BUFG
    SLICE_X11Y5          FDRE                                         r  cpu_inst/id_ex_reg_reg[operand_a][6]/C
                         clock pessimism              0.260    15.752    <hidden>
                         clock uncertainty           -0.035    15.717    <hidden>
    SLICE_X11Y5          FDRE (Setup_fdre_C_R)       -0.429    15.288    cpu_inst/id_ex_reg_reg[operand_a][6]
  -------------------------------------------------------------------
                         required time                         15.288    <hidden>
                         arrival time                         -15.350    <hidden>
  -------------------------------------------------------------------
                         slack                                 -0.062    <hidden>

Slack (VIOLATED) :        -0.058ns  (required time - arrival time)
  Source:                 cpu_inst/data_mem_inst/mem_reg/CLKARDCLK
                            (rising edge-triggered cell RAMB18E1 clocked by sys_clk_pin  {rise@0.000ns fall@5.350ns period=10.700ns})
  Destination:            cpu_inst/id_ex_reg_reg[operand_a][10]/R
                            (rising edge-triggered cell FDRE clocked by sys_clk_pin  {rise@0.000ns fall@5.350ns period=10.700ns})
  Path Group:             sys_clk_pin
  Path Type:              Setup (Max at Slow Process Corner)
  Requirement:            10.700ns  (sys_clk_pin rise@10.700ns - sys_clk_pin rise@0.000ns)
  Data Path Delay:        10.123ns  (logic 4.491ns (44.365%)  route 5.632ns (55.635%))
  Logic Levels:           11  (CARRY4=3 LUT3=1 LUT4=2 LUT5=3 LUT6=2)
  Clock Path Skew:        -0.075ns (DCD - SCD + CPR)
    Destination Clock Delay (DCD):    4.792ns = ( 15.492 - 10.700 ) 
    Source Clock Delay      (SCD):    5.128ns
    Clock Pessimism Removal (CPR):    0.260ns
  Clock Uncertainty:      0.035ns  ((TSJ^2 + TIJ^2)^1/2 + DJ) / 2 + PE
    Total System Jitter     (TSJ):    0.071ns
    Total Input Jitter      (TIJ):    0.000ns
    Discrete Jitter          (DJ):    0.000ns
    Phase Error              (PE):    0.000ns

    Location             Delay type                Incr(ns)  Path(ns)    Netlist Resource(s)
  -------------------------------------------------------------------    -------------------
                         (clock sys_clk_pin rise edge)
                                                      0.000     0.000 r  <hidden>
    W5                                                0.000     0.000 r  clk
                         net (fo=0)                   0.000     0.000    clk
    W5                                                                r  clk_IBUF_inst/I
    W5                   IBUF (Prop_ibuf_I_O)         1.458     1.458 r  clk_IBUF_inst/O
                         net (fo=1, routed)           1.967     3.425    clk_IBUF
    BUFGCTRL_X0Y0                                                     r  clk_IBUF_BUFG_inst/I
    BUFGCTRL_X0Y0        BUFG (Prop_bufg_I_O)         0.096     3.521 r  clk_IBUF_BUFG_inst/O
                         net (fo=1820, routed)        1.607     5.128    cpu_inst/data_mem_inst/clk_IBUF_BUFG
    RAMB18_X0Y4          RAMB18E1                                     r  cpu_inst/data_mem_inst/mem_reg/CLKARDCLK
  -------------------------------------------------------------------    -------------------
    RAMB18_X0Y4          RAMB18E1 (Prop_ramb18e1_CLKARDCLK_DOADO[1])
                                                      2.454     7.582 f  cpu_inst/data_mem_inst/mem_reg/DOADO[1]
                         net (fo=6, routed)           0.982     8.564    cpu_inst/data_mem_inst/read_data[1]
    SLICE_X9Y7                                                        f  cpu_inst/data_mem_inst/product0_reg_reg_i_39/I2
    SLICE_X9Y7           LUT5 (Prop_lut5_I2_O)        0.124     8.688 f  cpu_inst/data_mem_inst/product0_reg_reg_i_39/O
                         net (fo=1, routed)           0.640     9.328    cpu_inst/data_mem_inst/product0_reg_reg_i_39_n_0
    SLICE_X9Y7                                                        f  cpu_inst/data_mem_inst/product0_reg_reg_i_26/I2
    SLICE_X9Y7           LUT5 (Prop_lut5_I2_O)        0.124     9.452 r  cpu_inst/data_mem_inst/product0_reg_reg_i_26/O
                         net (fo=3, routed)           1.098    10.549    cpu_inst/dot4acc_pipeline_inst/redirect_pending_target_reg[31]_i_16_2
    SLICE_X8Y11                                                       r  cpu_inst/dot4acc_pipeline_inst/redirect_pending_target[31]_i_24/I2
    SLICE_X8Y11          LUT6 (Prop_lut6_I2_O)        0.124    10.673 r  cpu_inst/dot4acc_pipeline_inst/redirect_pending_target[31]_i_24/O
                         net (fo=1, routed)           0.000    10.673    cpu_inst/dot4acc_pipeline_inst/redirect_pending_target[31]_i_24_n_0
    SLICE_X8Y11                                                       r  cpu_inst/dot4acc_pipeline_inst/redirect_pending_target_reg[31]_i_16/S[0]
    SLICE_X8Y11          CARRY4 (Prop_carry4_S[0]_CO[3])
                                                      0.513    11.186 r  cpu_inst/dot4acc_pipeline_inst/redirect_pending_target_reg[31]_i_16/CO[3]
                         net (fo=1, routed)           0.000    11.186    cpu_inst/dot4acc_pipeline_inst/redirect_pending_target_reg[31]_i_16_n_0
    SLICE_X8Y12                                                       r  cpu_inst/dot4acc_pipeline_inst/redirect_pending_target_reg[31]_i_12/CI
    SLICE_X8Y12          CARRY4 (Prop_carry4_CI_CO[3])
                                                      0.117    11.303 r  cpu_inst/dot4acc_pipeline_inst/redirect_pending_target_reg[31]_i_12/CO[3]
                         net (fo=1, routed)           0.000    11.303    cpu_inst/dot4acc_pipeline_inst/redirect_pending_target_reg[31]_i_12_n_0
    SLICE_X8Y13                                                       r  cpu_inst/dot4acc_pipeline_inst/redirect_pending_target_reg[31]_i_5/CI
    SLICE_X8Y13          CARRY4 (Prop_carry4_CI_CO[2])
                                                      0.229    11.532 r  cpu_inst/dot4acc_pipeline_inst/redirect_pending_target_reg[31]_i_5/CO[2]
                         net (fo=18, routed)          0.515    12.047    cpu_inst/dot4acc_pipeline_inst/ex_branch_taken0
    SLICE_X8Y10                                                       r  cpu_inst/dot4acc_pipeline_inst/led_OBUF[12]_inst_i_6/I3
    SLICE_X8Y10          LUT4 (Prop_lut4_I3_O)        0.310    12.357 r  cpu_inst/dot4acc_pipeline_inst/led_OBUF[12]_inst_i_6/O
                         net (fo=42, routed)          0.365    12.722    cpu_inst/dot4acc_pipeline_inst/led_OBUF[12]_inst_i_6_n_0
    SLICE_X9Y8                                                        r  cpu_inst/dot4acc_pipeline_inst/id_ex_reg[pc][31]_i_11/I0
    SLICE_X9Y8           LUT4 (Prop_lut4_I0_O)        0.124    12.846 f  cpu_inst/dot4acc_pipeline_inst/id_ex_reg[pc][31]_i_11/O
                         net (fo=1, routed)           0.154    13.000    cpu_inst/dot4acc_pipeline_inst/id_ex_reg[pc][31]_i_11_n_0
    SLICE_X9Y8                                                        f  cpu_inst/dot4acc_pipeline_inst/id_ex_reg[pc][31]_i_3/I5
    SLICE_X9Y8           LUT6 (Prop_lut6_I5_O)        0.124    13.124 r  cpu_inst/dot4acc_pipeline_inst/id_ex_reg[pc][31]_i_3/O
                         net (fo=13, routed)          0.626    13.751    cpu_inst/dot4acc_pipeline_inst/id_ex_reg[pc][31]_i_3_n_0
    SLICE_X8Y6                                                        r  cpu_inst/dot4acc_pipeline_inst/id_ex_reg[operand_b][31]_i_4/I2
    SLICE_X8Y6           LUT5 (Prop_lut5_I2_O)        0.124    13.875 r  cpu_inst/dot4acc_pipeline_inst/id_ex_reg[operand_b][31]_i_4/O
                         net (fo=3, routed)           0.517    14.391    cpu_inst/dot4acc_pipeline_inst/id_ex_reg[operand_b][31]_i_4_n_0
    SLICE_X8Y6                                                        r  cpu_inst/dot4acc_pipeline_inst/id_ex_reg[operand_a][31]_i_1/I1
    SLICE_X8Y6           LUT3 (Prop_lut3_I1_O)        0.124    14.515 r  cpu_inst/dot4acc_pipeline_inst/id_ex_reg[operand_a][31]_i_1/O
                         net (fo=32, routed)          0.735    15.251    cpu_inst/dot4acc_pipeline_inst_n_4
    SLICE_X10Y4          FDRE                                         r  cpu_inst/id_ex_reg_reg[operand_a][10]/R
  -------------------------------------------------------------------    -------------------

                         (clock sys_clk_pin rise edge)
                                                     10.700    10.700 r  <hidden>
    W5                                                0.000    10.700 r  clk
                         net (fo=0)                   0.000    10.700    clk
    W5                                                                r  clk_IBUF_inst/I
    W5                   IBUF (Prop_ibuf_I_O)         1.388    12.088 r  clk_IBUF_inst/O
                         net (fo=1, routed)           1.862    13.950    clk_IBUF
    BUFGCTRL_X0Y0                                                     r  clk_IBUF_BUFG_inst/I
    BUFGCTRL_X0Y0        BUFG (Prop_bufg_I_O)         0.091    14.041 r  clk_IBUF_BUFG_inst/O
                         net (fo=1820, routed)        1.451    15.492    cpu_inst/clk_IBUF_BUFG
    SLICE_X10Y4          FDRE                                         r  cpu_inst/id_ex_reg_reg[operand_a][10]/C
                         clock pessimism              0.260    15.752    <hidden>
                         clock uncertainty           -0.035    15.717    <hidden>
    SLICE_X10Y4          FDRE (Setup_fdre_C_R)       -0.524    15.193    cpu_inst/id_ex_reg_reg[operand_a][10]
  -------------------------------------------------------------------
                         required time                         15.193    <hidden>
                         arrival time                         -15.251    <hidden>
  -------------------------------------------------------------------
                         slack                                 -0.058    <hidden>

Slack (VIOLATED) :        -0.058ns  (required time - arrival time)
  Source:                 cpu_inst/data_mem_inst/mem_reg/CLKARDCLK
                            (rising edge-triggered cell RAMB18E1 clocked by sys_clk_pin  {rise@0.000ns fall@5.350ns period=10.700ns})
  Destination:            cpu_inst/id_ex_reg_reg[operand_a][1]/R
                            (rising edge-triggered cell FDRE clocked by sys_clk_pin  {rise@0.000ns fall@5.350ns period=10.700ns})
  Path Group:             sys_clk_pin
  Path Type:              Setup (Max at Slow Process Corner)
  Requirement:            10.700ns  (sys_clk_pin rise@10.700ns - sys_clk_pin rise@0.000ns)
  Data Path Delay:        10.123ns  (logic 4.491ns (44.365%)  route 5.632ns (55.635%))
  Logic Levels:           11  (CARRY4=3 LUT3=1 LUT4=2 LUT5=3 LUT6=2)
  Clock Path Skew:        -0.075ns (DCD - SCD + CPR)
    Destination Clock Delay (DCD):    4.792ns = ( 15.492 - 10.700 ) 
    Source Clock Delay      (SCD):    5.128ns
    Clock Pessimism Removal (CPR):    0.260ns
  Clock Uncertainty:      0.035ns  ((TSJ^2 + TIJ^2)^1/2 + DJ) / 2 + PE
    Total System Jitter     (TSJ):    0.071ns
    Total Input Jitter      (TIJ):    0.000ns
    Discrete Jitter          (DJ):    0.000ns
    Phase Error              (PE):    0.000ns

    Location             Delay type                Incr(ns)  Path(ns)    Netlist Resource(s)
  -------------------------------------------------------------------    -------------------
                         (clock sys_clk_pin rise edge)
                                                      0.000     0.000 r  <hidden>
    W5                                                0.000     0.000 r  clk
                         net (fo=0)                   0.000     0.000    clk
    W5                                                                r  clk_IBUF_inst/I
    W5                   IBUF (Prop_ibuf_I_O)         1.458     1.458 r  clk_IBUF_inst/O
                         net (fo=1, routed)           1.967     3.425    clk_IBUF
    BUFGCTRL_X0Y0                                                     r  clk_IBUF_BUFG_inst/I
    BUFGCTRL_X0Y0        BUFG (Prop_bufg_I_O)         0.096     3.521 r  clk_IBUF_BUFG_inst/O
                         net (fo=1820, routed)        1.607     5.128    cpu_inst/data_mem_inst/clk_IBUF_BUFG
    RAMB18_X0Y4          RAMB18E1                                     r  cpu_inst/data_mem_inst/mem_reg/CLKARDCLK
  -------------------------------------------------------------------    -------------------
    RAMB18_X0Y4          RAMB18E1 (Prop_ramb18e1_CLKARDCLK_DOADO[1])
                                                      2.454     7.582 f  cpu_inst/data_mem_inst/mem_reg/DOADO[1]
                         net (fo=6, routed)           0.982     8.564    cpu_inst/data_mem_inst/read_data[1]
    SLICE_X9Y7                                                        f  cpu_inst/data_mem_inst/product0_reg_reg_i_39/I2
    SLICE_X9Y7           LUT5 (Prop_lut5_I2_O)        0.124     8.688 f  cpu_inst/data_mem_inst/product0_reg_reg_i_39/O
                         net (fo=1, routed)           0.640     9.328    cpu_inst/data_mem_inst/product0_reg_reg_i_39_n_0
    SLICE_X9Y7                                                        f  cpu_inst/data_mem_inst/product0_reg_reg_i_26/I2
    SLICE_X9Y7           LUT5 (Prop_lut5_I2_O)        0.124     9.452 r  cpu_inst/data_mem_inst/product0_reg_reg_i_26/O
                         net (fo=3, routed)           1.098    10.549    cpu_inst/dot4acc_pipeline_inst/redirect_pending_target_reg[31]_i_16_2
    SLICE_X8Y11                                                       r  cpu_inst/dot4acc_pipeline_inst/redirect_pending_target[31]_i_24/I2
    SLICE_X8Y11          LUT6 (Prop_lut6_I2_O)        0.124    10.673 r  cpu_inst/dot4acc_pipeline_inst/redirect_pending_target[31]_i_24/O
                         net (fo=1, routed)           0.000    10.673    cpu_inst/dot4acc_pipeline_inst/redirect_pending_target[31]_i_24_n_0
    SLICE_X8Y11                                                       r  cpu_inst/dot4acc_pipeline_inst/redirect_pending_target_reg[31]_i_16/S[0]
    SLICE_X8Y11          CARRY4 (Prop_carry4_S[0]_CO[3])
                                                      0.513    11.186 r  cpu_inst/dot4acc_pipeline_inst/redirect_pending_target_reg[31]_i_16/CO[3]
                         net (fo=1, routed)           0.000    11.186    cpu_inst/dot4acc_pipeline_inst/redirect_pending_target_reg[31]_i_16_n_0
    SLICE_X8Y12                                                       r  cpu_inst/dot4acc_pipeline_inst/redirect_pending_target_reg[31]_i_12/CI
    SLICE_X8Y12          CARRY4 (Prop_carry4_CI_CO[3])
                                                      0.117    11.303 r  cpu_inst/dot4acc_pipeline_inst/redirect_pending_target_reg[31]_i_12/CO[3]
                         net (fo=1, routed)           0.000    11.303    cpu_inst/dot4acc_pipeline_inst/redirect_pending_target_reg[31]_i_12_n_0
    SLICE_X8Y13                                                       r  cpu_inst/dot4acc_pipeline_inst/redirect_pending_target_reg[31]_i_5/CI
    SLICE_X8Y13          CARRY4 (Prop_carry4_CI_CO[2])
                                                      0.229    11.532 r  cpu_inst/dot4acc_pipeline_inst/redirect_pending_target_reg[31]_i_5/CO[2]
                         net (fo=18, routed)          0.515    12.047    cpu_inst/dot4acc_pipeline_inst/ex_branch_taken0
    SLICE_X8Y10                                                       r  cpu_inst/dot4acc_pipeline_inst/led_OBUF[12]_inst_i_6/I3
    SLICE_X8Y10          LUT4 (Prop_lut4_I3_O)        0.310    12.357 r  cpu_inst/dot4acc_pipeline_inst/led_OBUF[12]_inst_i_6/O
                         net (fo=42, routed)          0.365    12.722    cpu_inst/dot4acc_pipeline_inst/led_OBUF[12]_inst_i_6_n_0
    SLICE_X9Y8                                                        r  cpu_inst/dot4acc_pipeline_inst/id_ex_reg[pc][31]_i_11/I0
    SLICE_X9Y8           LUT4 (Prop_lut4_I0_O)        0.124    12.846 f  cpu_inst/dot4acc_pipeline_inst/id_ex_reg[pc][31]_i_11/O
                         net (fo=1, routed)           0.154    13.000    cpu_inst/dot4acc_pipeline_inst/id_ex_reg[pc][31]_i_11_n_0
    SLICE_X9Y8                                                        f  cpu_inst/dot4acc_pipeline_inst/id_ex_reg[pc][31]_i_3/I5
    SLICE_X9Y8           LUT6 (Prop_lut6_I5_O)        0.124    13.124 r  cpu_inst/dot4acc_pipeline_inst/id_ex_reg[pc][31]_i_3/O
                         net (fo=13, routed)          0.626    13.751    cpu_inst/dot4acc_pipeline_inst/id_ex_reg[pc][31]_i_3_n_0
    SLICE_X8Y6                                                        r  cpu_inst/dot4acc_pipeline_inst/id_ex_reg[operand_b][31]_i_4/I2
    SLICE_X8Y6           LUT5 (Prop_lut5_I2_O)        0.124    13.875 r  cpu_inst/dot4acc_pipeline_inst/id_ex_reg[operand_b][31]_i_4/O
                         net (fo=3, routed)           0.517    14.391    cpu_inst/dot4acc_pipeline_inst/id_ex_reg[operand_b][31]_i_4_n_0
    SLICE_X8Y6                                                        r  cpu_inst/dot4acc_pipeline_inst/id_ex_reg[operand_a][31]_i_1/I1
    SLICE_X8Y6           LUT3 (Prop_lut3_I1_O)        0.124    14.515 r  cpu_inst/dot4acc_pipeline_inst/id_ex_reg[operand_a][31]_i_1/O
                         net (fo=32, routed)          0.735    15.251    cpu_inst/dot4acc_pipeline_inst_n_4
    SLICE_X10Y4          FDRE                                         r  cpu_inst/id_ex_reg_reg[operand_a][1]/R
  -------------------------------------------------------------------    -------------------

                         (clock sys_clk_pin rise edge)
                                                     10.700    10.700 r  <hidden>
    W5                                                0.000    10.700 r  clk
                         net (fo=0)                   0.000    10.700    clk
    W5                                                                r  clk_IBUF_inst/I
    W5                   IBUF (Prop_ibuf_I_O)         1.388    12.088 r  clk_IBUF_inst/O
                         net (fo=1, routed)           1.862    13.950    clk_IBUF
    BUFGCTRL_X0Y0                                                     r  clk_IBUF_BUFG_inst/I
    BUFGCTRL_X0Y0        BUFG (Prop_bufg_I_O)         0.091    14.041 r  clk_IBUF_BUFG_inst/O
                         net (fo=1820, routed)        1.451    15.492    cpu_inst/clk_IBUF_BUFG
    SLICE_X10Y4          FDRE                                         r  cpu_inst/id_ex_reg_reg[operand_a][1]/C
                         clock pessimism              0.260    15.752    <hidden>
                         clock uncertainty           -0.035    15.717    <hidden>
    SLICE_X10Y4          FDRE (Setup_fdre_C_R)       -0.524    15.193    cpu_inst/id_ex_reg_reg[operand_a][1]
  -------------------------------------------------------------------
                         required time                         15.193    <hidden>
                         arrival time                         -15.251    <hidden>
  -------------------------------------------------------------------
                         slack                                 -0.058    <hidden>

Slack (VIOLATED) :        -0.058ns  (required time - arrival time)
  Source:                 cpu_inst/data_mem_inst/mem_reg/CLKARDCLK
                            (rising edge-triggered cell RAMB18E1 clocked by sys_clk_pin  {rise@0.000ns fall@5.350ns period=10.700ns})
  Destination:            cpu_inst/id_ex_reg_reg[operand_a][25]/R
                            (rising edge-triggered cell FDRE clocked by sys_clk_pin  {rise@0.000ns fall@5.350ns period=10.700ns})
  Path Group:             sys_clk_pin
  Path Type:              Setup (Max at Slow Process Corner)
  Requirement:            10.700ns  (sys_clk_pin rise@10.700ns - sys_clk_pin rise@0.000ns)
  Data Path Delay:        10.123ns  (logic 4.491ns (44.365%)  route 5.632ns (55.635%))
  Logic Levels:           11  (CARRY4=3 LUT3=1 LUT4=2 LUT5=3 LUT6=2)
  Clock Path Skew:        -0.075ns (DCD - SCD + CPR)
    Destination Clock Delay (DCD):    4.792ns = ( 15.492 - 10.700 ) 
    Source Clock Delay      (SCD):    5.128ns
    Clock Pessimism Removal (CPR):    0.260ns
  Clock Uncertainty:      0.035ns  ((TSJ^2 + TIJ^2)^1/2 + DJ) / 2 + PE
    Total System Jitter     (TSJ):    0.071ns
    Total Input Jitter      (TIJ):    0.000ns
    Discrete Jitter          (DJ):    0.000ns
    Phase Error              (PE):    0.000ns

    Location             Delay type                Incr(ns)  Path(ns)    Netlist Resource(s)
  -------------------------------------------------------------------    -------------------
                         (clock sys_clk_pin rise edge)
                                                      0.000     0.000 r  <hidden>
    W5                                                0.000     0.000 r  clk
                         net (fo=0)                   0.000     0.000    clk
    W5                                                                r  clk_IBUF_inst/I
    W5                   IBUF (Prop_ibuf_I_O)         1.458     1.458 r  clk_IBUF_inst/O
                         net (fo=1, routed)           1.967     3.425    clk_IBUF
    BUFGCTRL_X0Y0                                                     r  clk_IBUF_BUFG_inst/I
    BUFGCTRL_X0Y0        BUFG (Prop_bufg_I_O)         0.096     3.521 r  clk_IBUF_BUFG_inst/O
                         net (fo=1820, routed)        1.607     5.128    cpu_inst/data_mem_inst/clk_IBUF_BUFG
    RAMB18_X0Y4          RAMB18E1                                     r  cpu_inst/data_mem_inst/mem_reg/CLKARDCLK
  -------------------------------------------------------------------    -------------------
    RAMB18_X0Y4          RAMB18E1 (Prop_ramb18e1_CLKARDCLK_DOADO[1])
                                                      2.454     7.582 f  cpu_inst/data_mem_inst/mem_reg/DOADO[1]
                         net (fo=6, routed)           0.982     8.564    cpu_inst/data_mem_inst/read_data[1]
    SLICE_X9Y7                                                        f  cpu_inst/data_mem_inst/product0_reg_reg_i_39/I2
    SLICE_X9Y7           LUT5 (Prop_lut5_I2_O)        0.124     8.688 f  cpu_inst/data_mem_inst/product0_reg_reg_i_39/O
                         net (fo=1, routed)           0.640     9.328    cpu_inst/data_mem_inst/product0_reg_reg_i_39_n_0
    SLICE_X9Y7                                                        f  cpu_inst/data_mem_inst/product0_reg_reg_i_26/I2
    SLICE_X9Y7           LUT5 (Prop_lut5_I2_O)        0.124     9.452 r  cpu_inst/data_mem_inst/product0_reg_reg_i_26/O
                         net (fo=3, routed)           1.098    10.549    cpu_inst/dot4acc_pipeline_inst/redirect_pending_target_reg[31]_i_16_2
    SLICE_X8Y11                                                       r  cpu_inst/dot4acc_pipeline_inst/redirect_pending_target[31]_i_24/I2
    SLICE_X8Y11          LUT6 (Prop_lut6_I2_O)        0.124    10.673 r  cpu_inst/dot4acc_pipeline_inst/redirect_pending_target[31]_i_24/O
                         net (fo=1, routed)           0.000    10.673    cpu_inst/dot4acc_pipeline_inst/redirect_pending_target[31]_i_24_n_0
    SLICE_X8Y11                                                       r  cpu_inst/dot4acc_pipeline_inst/redirect_pending_target_reg[31]_i_16/S[0]
    SLICE_X8Y11          CARRY4 (Prop_carry4_S[0]_CO[3])
                                                      0.513    11.186 r  cpu_inst/dot4acc_pipeline_inst/redirect_pending_target_reg[31]_i_16/CO[3]
                         net (fo=1, routed)           0.000    11.186    cpu_inst/dot4acc_pipeline_inst/redirect_pending_target_reg[31]_i_16_n_0
    SLICE_X8Y12                                                       r  cpu_inst/dot4acc_pipeline_inst/redirect_pending_target_reg[31]_i_12/CI
    SLICE_X8Y12          CARRY4 (Prop_carry4_CI_CO[3])
                                                      0.117    11.303 r  cpu_inst/dot4acc_pipeline_inst/redirect_pending_target_reg[31]_i_12/CO[3]
                         net (fo=1, routed)           0.000    11.303    cpu_inst/dot4acc_pipeline_inst/redirect_pending_target_reg[31]_i_12_n_0
    SLICE_X8Y13                                                       r  cpu_inst/dot4acc_pipeline_inst/redirect_pending_target_reg[31]_i_5/CI
    SLICE_X8Y13          CARRY4 (Prop_carry4_CI_CO[2])
                                                      0.229    11.532 r  cpu_inst/dot4acc_pipeline_inst/redirect_pending_target_reg[31]_i_5/CO[2]
                         net (fo=18, routed)          0.515    12.047    cpu_inst/dot4acc_pipeline_inst/ex_branch_taken0
    SLICE_X8Y10                                                       r  cpu_inst/dot4acc_pipeline_inst/led_OBUF[12]_inst_i_6/I3
    SLICE_X8Y10          LUT4 (Prop_lut4_I3_O)        0.310    12.357 r  cpu_inst/dot4acc_pipeline_inst/led_OBUF[12]_inst_i_6/O
                         net (fo=42, routed)          0.365    12.722    cpu_inst/dot4acc_pipeline_inst/led_OBUF[12]_inst_i_6_n_0
    SLICE_X9Y8                                                        r  cpu_inst/dot4acc_pipeline_inst/id_ex_reg[pc][31]_i_11/I0
    SLICE_X9Y8           LUT4 (Prop_lut4_I0_O)        0.124    12.846 f  cpu_inst/dot4acc_pipeline_inst/id_ex_reg[pc][31]_i_11/O
                         net (fo=1, routed)           0.154    13.000    cpu_inst/dot4acc_pipeline_inst/id_ex_reg[pc][31]_i_11_n_0
    SLICE_X9Y8                                                        f  cpu_inst/dot4acc_pipeline_inst/id_ex_reg[pc][31]_i_3/I5
    SLICE_X9Y8           LUT6 (Prop_lut6_I5_O)        0.124    13.124 r  cpu_inst/dot4acc_pipeline_inst/id_ex_reg[pc][31]_i_3/O
                         net (fo=13, routed)          0.626    13.751    cpu_inst/dot4acc_pipeline_inst/id_ex_reg[pc][31]_i_3_n_0
    SLICE_X8Y6                                                        r  cpu_inst/dot4acc_pipeline_inst/id_ex_reg[operand_b][31]_i_4/I2
    SLICE_X8Y6           LUT5 (Prop_lut5_I2_O)        0.124    13.875 r  cpu_inst/dot4acc_pipeline_inst/id_ex_reg[operand_b][31]_i_4/O
                         net (fo=3, routed)           0.517    14.391    cpu_inst/dot4acc_pipeline_inst/id_ex_reg[operand_b][31]_i_4_n_0
    SLICE_X8Y6                                                        r  cpu_inst/dot4acc_pipeline_inst/id_ex_reg[operand_a][31]_i_1/I1
    SLICE_X8Y6           LUT3 (Prop_lut3_I1_O)        0.124    14.515 r  cpu_inst/dot4acc_pipeline_inst/id_ex_reg[operand_a][31]_i_1/O
                         net (fo=32, routed)          0.735    15.251    cpu_inst/dot4acc_pipeline_inst_n_4
    SLICE_X10Y4          FDRE                                         r  cpu_inst/id_ex_reg_reg[operand_a][25]/R
  -------------------------------------------------------------------    -------------------

                         (clock sys_clk_pin rise edge)
                                                     10.700    10.700 r  <hidden>
    W5                                                0.000    10.700 r  clk
                         net (fo=0)                   0.000    10.700    clk
    W5                                                                r  clk_IBUF_inst/I
    W5                   IBUF (Prop_ibuf_I_O)         1.388    12.088 r  clk_IBUF_inst/O
                         net (fo=1, routed)           1.862    13.950    clk_IBUF
    BUFGCTRL_X0Y0                                                     r  clk_IBUF_BUFG_inst/I
    BUFGCTRL_X0Y0        BUFG (Prop_bufg_I_O)         0.091    14.041 r  clk_IBUF_BUFG_inst/O
                         net (fo=1820, routed)        1.451    15.492    cpu_inst/clk_IBUF_BUFG
    SLICE_X10Y4          FDRE                                         r  cpu_inst/id_ex_reg_reg[operand_a][25]/C
                         clock pessimism              0.260    15.752    <hidden>
                         clock uncertainty           -0.035    15.717    <hidden>
    SLICE_X10Y4          FDRE (Setup_fdre_C_R)       -0.524    15.193    cpu_inst/id_ex_reg_reg[operand_a][25]
  -------------------------------------------------------------------
                         required time                         15.193    <hidden>
                         arrival time                         -15.251    <hidden>
  -------------------------------------------------------------------
                         slack                                 -0.058    <hidden>

Slack (VIOLATED) :        -0.058ns  (required time - arrival time)
  Source:                 cpu_inst/data_mem_inst/mem_reg/CLKARDCLK
                            (rising edge-triggered cell RAMB18E1 clocked by sys_clk_pin  {rise@0.000ns fall@5.350ns period=10.700ns})
  Destination:            cpu_inst/id_ex_reg_reg[operand_a][29]/R
                            (rising edge-triggered cell FDRE clocked by sys_clk_pin  {rise@0.000ns fall@5.350ns period=10.700ns})
  Path Group:             sys_clk_pin
  Path Type:              Setup (Max at Slow Process Corner)
  Requirement:            10.700ns  (sys_clk_pin rise@10.700ns - sys_clk_pin rise@0.000ns)
  Data Path Delay:        10.123ns  (logic 4.491ns (44.365%)  route 5.632ns (55.635%))
  Logic Levels:           11  (CARRY4=3 LUT3=1 LUT4=2 LUT5=3 LUT6=2)
  Clock Path Skew:        -0.075ns (DCD - SCD + CPR)
    Destination Clock Delay (DCD):    4.792ns = ( 15.492 - 10.700 ) 
    Source Clock Delay      (SCD):    5.128ns
    Clock Pessimism Removal (CPR):    0.260ns
  Clock Uncertainty:      0.035ns  ((TSJ^2 + TIJ^2)^1/2 + DJ) / 2 + PE
    Total System Jitter     (TSJ):    0.071ns
    Total Input Jitter      (TIJ):    0.000ns
    Discrete Jitter          (DJ):    0.000ns
    Phase Error              (PE):    0.000ns

    Location             Delay type                Incr(ns)  Path(ns)    Netlist Resource(s)
  -------------------------------------------------------------------    -------------------
                         (clock sys_clk_pin rise edge)
                                                      0.000     0.000 r  <hidden>
    W5                                                0.000     0.000 r  clk
                         net (fo=0)                   0.000     0.000    clk
    W5                                                                r  clk_IBUF_inst/I
    W5                   IBUF (Prop_ibuf_I_O)         1.458     1.458 r  clk_IBUF_inst/O
                         net (fo=1, routed)           1.967     3.425    clk_IBUF
    BUFGCTRL_X0Y0                                                     r  clk_IBUF_BUFG_inst/I
    BUFGCTRL_X0Y0        BUFG (Prop_bufg_I_O)         0.096     3.521 r  clk_IBUF_BUFG_inst/O
                         net (fo=1820, routed)        1.607     5.128    cpu_inst/data_mem_inst/clk_IBUF_BUFG
    RAMB18_X0Y4          RAMB18E1                                     r  cpu_inst/data_mem_inst/mem_reg/CLKARDCLK
  -------------------------------------------------------------------    -------------------
    RAMB18_X0Y4          RAMB18E1 (Prop_ramb18e1_CLKARDCLK_DOADO[1])
                                                      2.454     7.582 f  cpu_inst/data_mem_inst/mem_reg/DOADO[1]
                         net (fo=6, routed)           0.982     8.564    cpu_inst/data_mem_inst/read_data[1]
    SLICE_X9Y7                                                        f  cpu_inst/data_mem_inst/product0_reg_reg_i_39/I2
    SLICE_X9Y7           LUT5 (Prop_lut5_I2_O)        0.124     8.688 f  cpu_inst/data_mem_inst/product0_reg_reg_i_39/O
                         net (fo=1, routed)           0.640     9.328    cpu_inst/data_mem_inst/product0_reg_reg_i_39_n_0
    SLICE_X9Y7                                                        f  cpu_inst/data_mem_inst/product0_reg_reg_i_26/I2
    SLICE_X9Y7           LUT5 (Prop_lut5_I2_O)        0.124     9.452 r  cpu_inst/data_mem_inst/product0_reg_reg_i_26/O
                         net (fo=3, routed)           1.098    10.549    cpu_inst/dot4acc_pipeline_inst/redirect_pending_target_reg[31]_i_16_2
    SLICE_X8Y11                                                       r  cpu_inst/dot4acc_pipeline_inst/redirect_pending_target[31]_i_24/I2
    SLICE_X8Y11          LUT6 (Prop_lut6_I2_O)        0.124    10.673 r  cpu_inst/dot4acc_pipeline_inst/redirect_pending_target[31]_i_24/O
                         net (fo=1, routed)           0.000    10.673    cpu_inst/dot4acc_pipeline_inst/redirect_pending_target[31]_i_24_n_0
    SLICE_X8Y11                                                       r  cpu_inst/dot4acc_pipeline_inst/redirect_pending_target_reg[31]_i_16/S[0]
    SLICE_X8Y11          CARRY4 (Prop_carry4_S[0]_CO[3])
                                                      0.513    11.186 r  cpu_inst/dot4acc_pipeline_inst/redirect_pending_target_reg[31]_i_16/CO[3]
                         net (fo=1, routed)           0.000    11.186    cpu_inst/dot4acc_pipeline_inst/redirect_pending_target_reg[31]_i_16_n_0
    SLICE_X8Y12                                                       r  cpu_inst/dot4acc_pipeline_inst/redirect_pending_target_reg[31]_i_12/CI
    SLICE_X8Y12          CARRY4 (Prop_carry4_CI_CO[3])
                                                      0.117    11.303 r  cpu_inst/dot4acc_pipeline_inst/redirect_pending_target_reg[31]_i_12/CO[3]
                         net (fo=1, routed)           0.000    11.303    cpu_inst/dot4acc_pipeline_inst/redirect_pending_target_reg[31]_i_12_n_0
    SLICE_X8Y13                                                       r  cpu_inst/dot4acc_pipeline_inst/redirect_pending_target_reg[31]_i_5/CI
    SLICE_X8Y13          CARRY4 (Prop_carry4_CI_CO[2])
                                                      0.229    11.532 r  cpu_inst/dot4acc_pipeline_inst/redirect_pending_target_reg[31]_i_5/CO[2]
                         net (fo=18, routed)          0.515    12.047    cpu_inst/dot4acc_pipeline_inst/ex_branch_taken0
    SLICE_X8Y10                                                       r  cpu_inst/dot4acc_pipeline_inst/led_OBUF[12]_inst_i_6/I3
    SLICE_X8Y10          LUT4 (Prop_lut4_I3_O)        0.310    12.357 r  cpu_inst/dot4acc_pipeline_inst/led_OBUF[12]_inst_i_6/O
                         net (fo=42, routed)          0.365    12.722    cpu_inst/dot4acc_pipeline_inst/led_OBUF[12]_inst_i_6_n_0
    SLICE_X9Y8                                                        r  cpu_inst/dot4acc_pipeline_inst/id_ex_reg[pc][31]_i_11/I0
    SLICE_X9Y8           LUT4 (Prop_lut4_I0_O)        0.124    12.846 f  cpu_inst/dot4acc_pipeline_inst/id_ex_reg[pc][31]_i_11/O
                         net (fo=1, routed)           0.154    13.000    cpu_inst/dot4acc_pipeline_inst/id_ex_reg[pc][31]_i_11_n_0
    SLICE_X9Y8                                                        f  cpu_inst/dot4acc_pipeline_inst/id_ex_reg[pc][31]_i_3/I5
    SLICE_X9Y8           LUT6 (Prop_lut6_I5_O)        0.124    13.124 r  cpu_inst/dot4acc_pipeline_inst/id_ex_reg[pc][31]_i_3/O
                         net (fo=13, routed)          0.626    13.751    cpu_inst/dot4acc_pipeline_inst/id_ex_reg[pc][31]_i_3_n_0
    SLICE_X8Y6                                                        r  cpu_inst/dot4acc_pipeline_inst/id_ex_reg[operand_b][31]_i_4/I2
    SLICE_X8Y6           LUT5 (Prop_lut5_I2_O)        0.124    13.875 r  cpu_inst/dot4acc_pipeline_inst/id_ex_reg[operand_b][31]_i_4/O
                         net (fo=3, routed)           0.517    14.391    cpu_inst/dot4acc_pipeline_inst/id_ex_reg[operand_b][31]_i_4_n_0
    SLICE_X8Y6                                                        r  cpu_inst/dot4acc_pipeline_inst/id_ex_reg[operand_a][31]_i_1/I1
    SLICE_X8Y6           LUT3 (Prop_lut3_I1_O)        0.124    14.515 r  cpu_inst/dot4acc_pipeline_inst/id_ex_reg[operand_a][31]_i_1/O
                         net (fo=32, routed)          0.735    15.251    cpu_inst/dot4acc_pipeline_inst_n_4
    SLICE_X10Y4          FDRE                                         r  cpu_inst/id_ex_reg_reg[operand_a][29]/R
  -------------------------------------------------------------------    -------------------

                         (clock sys_clk_pin rise edge)
                                                     10.700    10.700 r  <hidden>
    W5                                                0.000    10.700 r  clk
                         net (fo=0)                   0.000    10.700    clk
    W5                                                                r  clk_IBUF_inst/I
    W5                   IBUF (Prop_ibuf_I_O)         1.388    12.088 r  clk_IBUF_inst/O
                         net (fo=1, routed)           1.862    13.950    clk_IBUF
    BUFGCTRL_X0Y0                                                     r  clk_IBUF_BUFG_inst/I
    BUFGCTRL_X0Y0        BUFG (Prop_bufg_I_O)         0.091    14.041 r  clk_IBUF_BUFG_inst/O
                         net (fo=1820, routed)        1.451    15.492    cpu_inst/clk_IBUF_BUFG
    SLICE_X10Y4          FDRE                                         r  cpu_inst/id_ex_reg_reg[operand_a][29]/C
                         clock pessimism              0.260    15.752    <hidden>
                         clock uncertainty           -0.035    15.717    <hidden>
    SLICE_X10Y4          FDRE (Setup_fdre_C_R)       -0.524    15.193    cpu_inst/id_ex_reg_reg[operand_a][29]
  -------------------------------------------------------------------
                         required time                         15.193    <hidden>
                         arrival time                         -15.251    <hidden>
  -------------------------------------------------------------------
                         slack                                 -0.058    <hidden>

Slack (VIOLATED) :        -0.057ns  (required time - arrival time)
  Source:                 cpu_inst/data_mem_inst/mem_reg/CLKARDCLK
                            (rising edge-triggered cell RAMB18E1 clocked by sys_clk_pin  {rise@0.000ns fall@5.350ns period=10.700ns})
  Destination:            cpu_inst/id_ex_reg_reg[accumulator][0]/R
                            (rising edge-triggered cell FDRE clocked by sys_clk_pin  {rise@0.000ns fall@5.350ns period=10.700ns})
  Path Group:             sys_clk_pin
  Path Type:              Setup (Max at Slow Process Corner)
  Requirement:            10.700ns  (sys_clk_pin rise@10.700ns - sys_clk_pin rise@0.000ns)
  Data Path Delay:        10.189ns  (logic 4.491ns (44.077%)  route 5.698ns (55.923%))
  Logic Levels:           11  (CARRY4=3 LUT3=1 LUT4=2 LUT5=3 LUT6=2)
  Clock Path Skew:        -0.008ns (DCD - SCD + CPR)
    Destination Clock Delay (DCD):    4.859ns = ( 15.559 - 10.700 ) 
    Source Clock Delay      (SCD):    5.128ns
    Clock Pessimism Removal (CPR):    0.260ns
  Clock Uncertainty:      0.035ns  ((TSJ^2 + TIJ^2)^1/2 + DJ) / 2 + PE
    Total System Jitter     (TSJ):    0.071ns
    Total Input Jitter      (TIJ):    0.000ns
    Discrete Jitter          (DJ):    0.000ns
    Phase Error              (PE):    0.000ns

    Location             Delay type                Incr(ns)  Path(ns)    Netlist Resource(s)
  -------------------------------------------------------------------    -------------------
                         (clock sys_clk_pin rise edge)
                                                      0.000     0.000 r  <hidden>
    W5                                                0.000     0.000 r  clk
                         net (fo=0)                   0.000     0.000    clk
    W5                                                                r  clk_IBUF_inst/I
    W5                   IBUF (Prop_ibuf_I_O)         1.458     1.458 r  clk_IBUF_inst/O
                         net (fo=1, routed)           1.967     3.425    clk_IBUF
    BUFGCTRL_X0Y0                                                     r  clk_IBUF_BUFG_inst/I
    BUFGCTRL_X0Y0        BUFG (Prop_bufg_I_O)         0.096     3.521 r  clk_IBUF_BUFG_inst/O
                         net (fo=1820, routed)        1.607     5.128    cpu_inst/data_mem_inst/clk_IBUF_BUFG
    RAMB18_X0Y4          RAMB18E1                                     r  cpu_inst/data_mem_inst/mem_reg/CLKARDCLK
  -------------------------------------------------------------------    -------------------
    RAMB18_X0Y4          RAMB18E1 (Prop_ramb18e1_CLKARDCLK_DOADO[1])
                                                      2.454     7.582 f  cpu_inst/data_mem_inst/mem_reg/DOADO[1]
                         net (fo=6, routed)           0.982     8.564    cpu_inst/data_mem_inst/read_data[1]
    SLICE_X9Y7                                                        f  cpu_inst/data_mem_inst/product0_reg_reg_i_39/I2
    SLICE_X9Y7           LUT5 (Prop_lut5_I2_O)        0.124     8.688 f  cpu_inst/data_mem_inst/product0_reg_reg_i_39/O
                         net (fo=1, routed)           0.640     9.328    cpu_inst/data_mem_inst/product0_reg_reg_i_39_n_0
    SLICE_X9Y7                                                        f  cpu_inst/data_mem_inst/product0_reg_reg_i_26/I2
    SLICE_X9Y7           LUT5 (Prop_lut5_I2_O)        0.124     9.452 r  cpu_inst/data_mem_inst/product0_reg_reg_i_26/O
                         net (fo=3, routed)           1.098    10.549    cpu_inst/dot4acc_pipeline_inst/redirect_pending_target_reg[31]_i_16_2
    SLICE_X8Y11                                                       r  cpu_inst/dot4acc_pipeline_inst/redirect_pending_target[31]_i_24/I2
    SLICE_X8Y11          LUT6 (Prop_lut6_I2_O)        0.124    10.673 r  cpu_inst/dot4acc_pipeline_inst/redirect_pending_target[31]_i_24/O
                         net (fo=1, routed)           0.000    10.673    cpu_inst/dot4acc_pipeline_inst/redirect_pending_target[31]_i_24_n_0
    SLICE_X8Y11                                                       r  cpu_inst/dot4acc_pipeline_inst/redirect_pending_target_reg[31]_i_16/S[0]
    SLICE_X8Y11          CARRY4 (Prop_carry4_S[0]_CO[3])
                                                      0.513    11.186 r  cpu_inst/dot4acc_pipeline_inst/redirect_pending_target_reg[31]_i_16/CO[3]
                         net (fo=1, routed)           0.000    11.186    cpu_inst/dot4acc_pipeline_inst/redirect_pending_target_reg[31]_i_16_n_0
    SLICE_X8Y12                                                       r  cpu_inst/dot4acc_pipeline_inst/redirect_pending_target_reg[31]_i_12/CI
    SLICE_X8Y12          CARRY4 (Prop_carry4_CI_CO[3])
                                                      0.117    11.303 r  cpu_inst/dot4acc_pipeline_inst/redirect_pending_target_reg[31]_i_12/CO[3]
                         net (fo=1, routed)           0.000    11.303    cpu_inst/dot4acc_pipeline_inst/redirect_pending_target_reg[31]_i_12_n_0
    SLICE_X8Y13                                                       r  cpu_inst/dot4acc_pipeline_inst/redirect_pending_target_reg[31]_i_5/CI
    SLICE_X8Y13          CARRY4 (Prop_carry4_CI_CO[2])
                                                      0.229    11.532 r  cpu_inst/dot4acc_pipeline_inst/redirect_pending_target_reg[31]_i_5/CO[2]
                         net (fo=18, routed)          0.515    12.047    cpu_inst/dot4acc_pipeline_inst/ex_branch_taken0
    SLICE_X8Y10                                                       r  cpu_inst/dot4acc_pipeline_inst/led_OBUF[12]_inst_i_6/I3
    SLICE_X8Y10          LUT4 (Prop_lut4_I3_O)        0.310    12.357 r  cpu_inst/dot4acc_pipeline_inst/led_OBUF[12]_inst_i_6/O
                         net (fo=42, routed)          0.365    12.722    cpu_inst/dot4acc_pipeline_inst/led_OBUF[12]_inst_i_6_n_0
    SLICE_X9Y8                                                        r  cpu_inst/dot4acc_pipeline_inst/id_ex_reg[pc][31]_i_11/I0
    SLICE_X9Y8           LUT4 (Prop_lut4_I0_O)        0.124    12.846 f  cpu_inst/dot4acc_pipeline_inst/id_ex_reg[pc][31]_i_11/O
                         net (fo=1, routed)           0.154    13.000    cpu_inst/dot4acc_pipeline_inst/id_ex_reg[pc][31]_i_11_n_0
    SLICE_X9Y8                                                        f  cpu_inst/dot4acc_pipeline_inst/id_ex_reg[pc][31]_i_3/I5
    SLICE_X9Y8           LUT6 (Prop_lut6_I5_O)        0.124    13.124 r  cpu_inst/dot4acc_pipeline_inst/id_ex_reg[pc][31]_i_3/O
                         net (fo=13, routed)          0.626    13.751    cpu_inst/dot4acc_pipeline_inst/id_ex_reg[pc][31]_i_3_n_0
    SLICE_X8Y6                                                        r  cpu_inst/dot4acc_pipeline_inst/id_ex_reg[operand_b][31]_i_4/I2
    SLICE_X8Y6           LUT5 (Prop_lut5_I2_O)        0.124    13.875 r  cpu_inst/dot4acc_pipeline_inst/id_ex_reg[operand_b][31]_i_4/O
                         net (fo=3, routed)           0.687    14.562    cpu_inst/dot4acc_pipeline_inst/id_ex_reg[operand_b][31]_i_4_n_0
    SLICE_X4Y6                                                        r  cpu_inst/dot4acc_pipeline_inst/id_ex_reg[accumulator][31]_i_1/I1
    SLICE_X4Y6           LUT3 (Prop_lut3_I1_O)        0.124    14.686 r  cpu_inst/dot4acc_pipeline_inst/id_ex_reg[accumulator][31]_i_1/O
                         net (fo=32, routed)          0.631    15.317    cpu_inst/dot4acc_pipeline_inst_n_3
    SLICE_X6Y1           FDRE                                         r  cpu_inst/id_ex_reg_reg[accumulator][0]/R
  -------------------------------------------------------------------    -------------------

                         (clock sys_clk_pin rise edge)
                                                     10.700    10.700 r  <hidden>
    W5                                                0.000    10.700 r  clk
                         net (fo=0)                   0.000    10.700    clk
    W5                                                                r  clk_IBUF_inst/I
    W5                   IBUF (Prop_ibuf_I_O)         1.388    12.088 r  clk_IBUF_inst/O
                         net (fo=1, routed)           1.862    13.950    clk_IBUF
    BUFGCTRL_X0Y0                                                     r  clk_IBUF_BUFG_inst/I
    BUFGCTRL_X0Y0        BUFG (Prop_bufg_I_O)         0.091    14.041 r  clk_IBUF_BUFG_inst/O
                         net (fo=1820, routed)        1.518    15.559    cpu_inst/clk_IBUF_BUFG
    SLICE_X6Y1           FDRE                                         r  cpu_inst/id_ex_reg_reg[accumulator][0]/C
                         clock pessimism              0.260    15.819    <hidden>
                         clock uncertainty           -0.035    15.784    <hidden>
    SLICE_X6Y1           FDRE (Setup_fdre_C_R)       -0.524    15.260    cpu_inst/id_ex_reg_reg[accumulator][0]
  -------------------------------------------------------------------
                         required time                         15.260    <hidden>
                         arrival time                         -15.317    <hidden>
  -------------------------------------------------------------------
                         slack                                 -0.057    <hidden>

Slack (VIOLATED) :        -0.033ns  (required time - arrival time)
  Source:                 cpu_inst/data_mem_inst/mem_reg/CLKARDCLK
                            (rising edge-triggered cell RAMB18E1 clocked by sys_clk_pin  {rise@0.000ns fall@5.350ns period=10.700ns})
  Destination:            cpu_inst/id_ex_reg_reg[accumulator][18]/R
                            (rising edge-triggered cell FDRE clocked by sys_clk_pin  {rise@0.000ns fall@5.350ns period=10.700ns})
  Path Group:             sys_clk_pin
  Path Type:              Setup (Max at Slow Process Corner)
  Requirement:            10.700ns  (sys_clk_pin rise@10.700ns - sys_clk_pin rise@0.000ns)
  Data Path Delay:        10.163ns  (logic 4.491ns (44.191%)  route 5.672ns (55.809%))
  Logic Levels:           11  (CARRY4=3 LUT3=1 LUT4=2 LUT5=3 LUT6=2)
  Clock Path Skew:        -0.010ns (DCD - SCD + CPR)
    Destination Clock Delay (DCD):    4.857ns = ( 15.557 - 10.700 ) 
    Source Clock Delay      (SCD):    5.128ns
    Clock Pessimism Removal (CPR):    0.260ns
  Clock Uncertainty:      0.035ns  ((TSJ^2 + TIJ^2)^1/2 + DJ) / 2 + PE
    Total System Jitter     (TSJ):    0.071ns
    Total Input Jitter      (TIJ):    0.000ns
    Discrete Jitter          (DJ):    0.000ns
    Phase Error              (PE):    0.000ns

    Location             Delay type                Incr(ns)  Path(ns)    Netlist Resource(s)
  -------------------------------------------------------------------    -------------------
                         (clock sys_clk_pin rise edge)
                                                      0.000     0.000 r  <hidden>
    W5                                                0.000     0.000 r  clk
                         net (fo=0)                   0.000     0.000    clk
    W5                                                                r  clk_IBUF_inst/I
    W5                   IBUF (Prop_ibuf_I_O)         1.458     1.458 r  clk_IBUF_inst/O
                         net (fo=1, routed)           1.967     3.425    clk_IBUF
    BUFGCTRL_X0Y0                                                     r  clk_IBUF_BUFG_inst/I
    BUFGCTRL_X0Y0        BUFG (Prop_bufg_I_O)         0.096     3.521 r  clk_IBUF_BUFG_inst/O
                         net (fo=1820, routed)        1.607     5.128    cpu_inst/data_mem_inst/clk_IBUF_BUFG
    RAMB18_X0Y4          RAMB18E1                                     r  cpu_inst/data_mem_inst/mem_reg/CLKARDCLK
  -------------------------------------------------------------------    -------------------
    RAMB18_X0Y4          RAMB18E1 (Prop_ramb18e1_CLKARDCLK_DOADO[1])
                                                      2.454     7.582 f  cpu_inst/data_mem_inst/mem_reg/DOADO[1]
                         net (fo=6, routed)           0.982     8.564    cpu_inst/data_mem_inst/read_data[1]
    SLICE_X9Y7                                                        f  cpu_inst/data_mem_inst/product0_reg_reg_i_39/I2
    SLICE_X9Y7           LUT5 (Prop_lut5_I2_O)        0.124     8.688 f  cpu_inst/data_mem_inst/product0_reg_reg_i_39/O
                         net (fo=1, routed)           0.640     9.328    cpu_inst/data_mem_inst/product0_reg_reg_i_39_n_0
    SLICE_X9Y7                                                        f  cpu_inst/data_mem_inst/product0_reg_reg_i_26/I2
    SLICE_X9Y7           LUT5 (Prop_lut5_I2_O)        0.124     9.452 r  cpu_inst/data_mem_inst/product0_reg_reg_i_26/O
                         net (fo=3, routed)           1.098    10.549    cpu_inst/dot4acc_pipeline_inst/redirect_pending_target_reg[31]_i_16_2
    SLICE_X8Y11                                                       r  cpu_inst/dot4acc_pipeline_inst/redirect_pending_target[31]_i_24/I2
    SLICE_X8Y11          LUT6 (Prop_lut6_I2_O)        0.124    10.673 r  cpu_inst/dot4acc_pipeline_inst/redirect_pending_target[31]_i_24/O
                         net (fo=1, routed)           0.000    10.673    cpu_inst/dot4acc_pipeline_inst/redirect_pending_target[31]_i_24_n_0
    SLICE_X8Y11                                                       r  cpu_inst/dot4acc_pipeline_inst/redirect_pending_target_reg[31]_i_16/S[0]
    SLICE_X8Y11          CARRY4 (Prop_carry4_S[0]_CO[3])
                                                      0.513    11.186 r  cpu_inst/dot4acc_pipeline_inst/redirect_pending_target_reg[31]_i_16/CO[3]
                         net (fo=1, routed)           0.000    11.186    cpu_inst/dot4acc_pipeline_inst/redirect_pending_target_reg[31]_i_16_n_0
    SLICE_X8Y12                                                       r  cpu_inst/dot4acc_pipeline_inst/redirect_pending_target_reg[31]_i_12/CI
    SLICE_X8Y12          CARRY4 (Prop_carry4_CI_CO[3])
                                                      0.117    11.303 r  cpu_inst/dot4acc_pipeline_inst/redirect_pending_target_reg[31]_i_12/CO[3]
                         net (fo=1, routed)           0.000    11.303    cpu_inst/dot4acc_pipeline_inst/redirect_pending_target_reg[31]_i_12_n_0
    SLICE_X8Y13                                                       r  cpu_inst/dot4acc_pipeline_inst/redirect_pending_target_reg[31]_i_5/CI
    SLICE_X8Y13          CARRY4 (Prop_carry4_CI_CO[2])
                                                      0.229    11.532 r  cpu_inst/dot4acc_pipeline_inst/redirect_pending_target_reg[31]_i_5/CO[2]
                         net (fo=18, routed)          0.515    12.047    cpu_inst/dot4acc_pipeline_inst/ex_branch_taken0
    SLICE_X8Y10                                                       r  cpu_inst/dot4acc_pipeline_inst/led_OBUF[12]_inst_i_6/I3
    SLICE_X8Y10          LUT4 (Prop_lut4_I3_O)        0.310    12.357 r  cpu_inst/dot4acc_pipeline_inst/led_OBUF[12]_inst_i_6/O
                         net (fo=42, routed)          0.365    12.722    cpu_inst/dot4acc_pipeline_inst/led_OBUF[12]_inst_i_6_n_0
    SLICE_X9Y8                                                        r  cpu_inst/dot4acc_pipeline_inst/id_ex_reg[pc][31]_i_11/I0
    SLICE_X9Y8           LUT4 (Prop_lut4_I0_O)        0.124    12.846 f  cpu_inst/dot4acc_pipeline_inst/id_ex_reg[pc][31]_i_11/O
                         net (fo=1, routed)           0.154    13.000    cpu_inst/dot4acc_pipeline_inst/id_ex_reg[pc][31]_i_11_n_0
    SLICE_X9Y8                                                        f  cpu_inst/dot4acc_pipeline_inst/id_ex_reg[pc][31]_i_3/I5
    SLICE_X9Y8           LUT6 (Prop_lut6_I5_O)        0.124    13.124 r  cpu_inst/dot4acc_pipeline_inst/id_ex_reg[pc][31]_i_3/O
                         net (fo=13, routed)          0.626    13.751    cpu_inst/dot4acc_pipeline_inst/id_ex_reg[pc][31]_i_3_n_0
    SLICE_X8Y6                                                        r  cpu_inst/dot4acc_pipeline_inst/id_ex_reg[operand_b][31]_i_4/I2
    SLICE_X8Y6           LUT5 (Prop_lut5_I2_O)        0.124    13.875 r  cpu_inst/dot4acc_pipeline_inst/id_ex_reg[operand_b][31]_i_4/O
                         net (fo=3, routed)           0.687    14.562    cpu_inst/dot4acc_pipeline_inst/id_ex_reg[operand_b][31]_i_4_n_0
    SLICE_X4Y6                                                        r  cpu_inst/dot4acc_pipeline_inst/id_ex_reg[accumulator][31]_i_1/I1
    SLICE_X4Y6           LUT3 (Prop_lut3_I1_O)        0.124    14.686 r  cpu_inst/dot4acc_pipeline_inst/id_ex_reg[accumulator][31]_i_1/O
                         net (fo=32, routed)          0.605    15.291    cpu_inst/dot4acc_pipeline_inst_n_3
    SLICE_X2Y11          FDRE                                         r  cpu_inst/id_ex_reg_reg[accumulator][18]/R
  -------------------------------------------------------------------    -------------------

                         (clock sys_clk_pin rise edge)
                                                     10.700    10.700 r  <hidden>
    W5                                                0.000    10.700 r  clk
                         net (fo=0)                   0.000    10.700    clk
    W5                                                                r  clk_IBUF_inst/I
    W5                   IBUF (Prop_ibuf_I_O)         1.388    12.088 r  clk_IBUF_inst/O
                         net (fo=1, routed)           1.862    13.950    clk_IBUF
    BUFGCTRL_X0Y0                                                     r  clk_IBUF_BUFG_inst/I
    BUFGCTRL_X0Y0        BUFG (Prop_bufg_I_O)         0.091    14.041 r  clk_IBUF_BUFG_inst/O
                         net (fo=1820, routed)        1.516    15.557    cpu_inst/clk_IBUF_BUFG
    SLICE_X2Y11          FDRE                                         r  cpu_inst/id_ex_reg_reg[accumulator][18]/C
                         clock pessimism              0.260    15.817    <hidden>
                         clock uncertainty           -0.035    15.782    <hidden>
    SLICE_X2Y11          FDRE (Setup_fdre_C_R)       -0.524    15.258    cpu_inst/id_ex_reg_reg[accumulator][18]
  -------------------------------------------------------------------
                         required time                         15.258    <hidden>
                         arrival time                         -15.291    <hidden>
  -------------------------------------------------------------------
                         slack                                 -0.033    <hidden>

Slack (VIOLATED) :        -0.033ns  (required time - arrival time)
  Source:                 cpu_inst/data_mem_inst/mem_reg/CLKARDCLK
                            (rising edge-triggered cell RAMB18E1 clocked by sys_clk_pin  {rise@0.000ns fall@5.350ns period=10.700ns})
  Destination:            cpu_inst/id_ex_reg_reg[accumulator][22]/R
                            (rising edge-triggered cell FDRE clocked by sys_clk_pin  {rise@0.000ns fall@5.350ns period=10.700ns})
  Path Group:             sys_clk_pin
  Path Type:              Setup (Max at Slow Process Corner)
  Requirement:            10.700ns  (sys_clk_pin rise@10.700ns - sys_clk_pin rise@0.000ns)
  Data Path Delay:        10.163ns  (logic 4.491ns (44.191%)  route 5.672ns (55.809%))
  Logic Levels:           11  (CARRY4=3 LUT3=1 LUT4=2 LUT5=3 LUT6=2)
  Clock Path Skew:        -0.010ns (DCD - SCD + CPR)
    Destination Clock Delay (DCD):    4.857ns = ( 15.557 - 10.700 ) 
    Source Clock Delay      (SCD):    5.128ns
    Clock Pessimism Removal (CPR):    0.260ns
  Clock Uncertainty:      0.035ns  ((TSJ^2 + TIJ^2)^1/2 + DJ) / 2 + PE
    Total System Jitter     (TSJ):    0.071ns
    Total Input Jitter      (TIJ):    0.000ns
    Discrete Jitter          (DJ):    0.000ns
    Phase Error              (PE):    0.000ns

    Location             Delay type                Incr(ns)  Path(ns)    Netlist Resource(s)
  -------------------------------------------------------------------    -------------------
                         (clock sys_clk_pin rise edge)
                                                      0.000     0.000 r  <hidden>
    W5                                                0.000     0.000 r  clk
                         net (fo=0)                   0.000     0.000    clk
    W5                                                                r  clk_IBUF_inst/I
    W5                   IBUF (Prop_ibuf_I_O)         1.458     1.458 r  clk_IBUF_inst/O
                         net (fo=1, routed)           1.967     3.425    clk_IBUF
    BUFGCTRL_X0Y0                                                     r  clk_IBUF_BUFG_inst/I
    BUFGCTRL_X0Y0        BUFG (Prop_bufg_I_O)         0.096     3.521 r  clk_IBUF_BUFG_inst/O
                         net (fo=1820, routed)        1.607     5.128    cpu_inst/data_mem_inst/clk_IBUF_BUFG
    RAMB18_X0Y4          RAMB18E1                                     r  cpu_inst/data_mem_inst/mem_reg/CLKARDCLK
  -------------------------------------------------------------------    -------------------
    RAMB18_X0Y4          RAMB18E1 (Prop_ramb18e1_CLKARDCLK_DOADO[1])
                                                      2.454     7.582 f  cpu_inst/data_mem_inst/mem_reg/DOADO[1]
                         net (fo=6, routed)           0.982     8.564    cpu_inst/data_mem_inst/read_data[1]
    SLICE_X9Y7                                                        f  cpu_inst/data_mem_inst/product0_reg_reg_i_39/I2
    SLICE_X9Y7           LUT5 (Prop_lut5_I2_O)        0.124     8.688 f  cpu_inst/data_mem_inst/product0_reg_reg_i_39/O
                         net (fo=1, routed)           0.640     9.328    cpu_inst/data_mem_inst/product0_reg_reg_i_39_n_0
    SLICE_X9Y7                                                        f  cpu_inst/data_mem_inst/product0_reg_reg_i_26/I2
    SLICE_X9Y7           LUT5 (Prop_lut5_I2_O)        0.124     9.452 r  cpu_inst/data_mem_inst/product0_reg_reg_i_26/O
                         net (fo=3, routed)           1.098    10.549    cpu_inst/dot4acc_pipeline_inst/redirect_pending_target_reg[31]_i_16_2
    SLICE_X8Y11                                                       r  cpu_inst/dot4acc_pipeline_inst/redirect_pending_target[31]_i_24/I2
    SLICE_X8Y11          LUT6 (Prop_lut6_I2_O)        0.124    10.673 r  cpu_inst/dot4acc_pipeline_inst/redirect_pending_target[31]_i_24/O
                         net (fo=1, routed)           0.000    10.673    cpu_inst/dot4acc_pipeline_inst/redirect_pending_target[31]_i_24_n_0
    SLICE_X8Y11                                                       r  cpu_inst/dot4acc_pipeline_inst/redirect_pending_target_reg[31]_i_16/S[0]
    SLICE_X8Y11          CARRY4 (Prop_carry4_S[0]_CO[3])
                                                      0.513    11.186 r  cpu_inst/dot4acc_pipeline_inst/redirect_pending_target_reg[31]_i_16/CO[3]
                         net (fo=1, routed)           0.000    11.186    cpu_inst/dot4acc_pipeline_inst/redirect_pending_target_reg[31]_i_16_n_0
    SLICE_X8Y12                                                       r  cpu_inst/dot4acc_pipeline_inst/redirect_pending_target_reg[31]_i_12/CI
    SLICE_X8Y12          CARRY4 (Prop_carry4_CI_CO[3])
                                                      0.117    11.303 r  cpu_inst/dot4acc_pipeline_inst/redirect_pending_target_reg[31]_i_12/CO[3]
                         net (fo=1, routed)           0.000    11.303    cpu_inst/dot4acc_pipeline_inst/redirect_pending_target_reg[31]_i_12_n_0
    SLICE_X8Y13                                                       r  cpu_inst/dot4acc_pipeline_inst/redirect_pending_target_reg[31]_i_5/CI
    SLICE_X8Y13          CARRY4 (Prop_carry4_CI_CO[2])
                                                      0.229    11.532 r  cpu_inst/dot4acc_pipeline_inst/redirect_pending_target_reg[31]_i_5/CO[2]
                         net (fo=18, routed)          0.515    12.047    cpu_inst/dot4acc_pipeline_inst/ex_branch_taken0
    SLICE_X8Y10                                                       r  cpu_inst/dot4acc_pipeline_inst/led_OBUF[12]_inst_i_6/I3
    SLICE_X8Y10          LUT4 (Prop_lut4_I3_O)        0.310    12.357 r  cpu_inst/dot4acc_pipeline_inst/led_OBUF[12]_inst_i_6/O
                         net (fo=42, routed)          0.365    12.722    cpu_inst/dot4acc_pipeline_inst/led_OBUF[12]_inst_i_6_n_0
    SLICE_X9Y8                                                        r  cpu_inst/dot4acc_pipeline_inst/id_ex_reg[pc][31]_i_11/I0
    SLICE_X9Y8           LUT4 (Prop_lut4_I0_O)        0.124    12.846 f  cpu_inst/dot4acc_pipeline_inst/id_ex_reg[pc][31]_i_11/O
                         net (fo=1, routed)           0.154    13.000    cpu_inst/dot4acc_pipeline_inst/id_ex_reg[pc][31]_i_11_n_0
    SLICE_X9Y8                                                        f  cpu_inst/dot4acc_pipeline_inst/id_ex_reg[pc][31]_i_3/I5
    SLICE_X9Y8           LUT6 (Prop_lut6_I5_O)        0.124    13.124 r  cpu_inst/dot4acc_pipeline_inst/id_ex_reg[pc][31]_i_3/O
                         net (fo=13, routed)          0.626    13.751    cpu_inst/dot4acc_pipeline_inst/id_ex_reg[pc][31]_i_3_n_0
    SLICE_X8Y6                                                        r  cpu_inst/dot4acc_pipeline_inst/id_ex_reg[operand_b][31]_i_4/I2
    SLICE_X8Y6           LUT5 (Prop_lut5_I2_O)        0.124    13.875 r  cpu_inst/dot4acc_pipeline_inst/id_ex_reg[operand_b][31]_i_4/O
                         net (fo=3, routed)           0.687    14.562    cpu_inst/dot4acc_pipeline_inst/id_ex_reg[operand_b][31]_i_4_n_0
    SLICE_X4Y6                                                        r  cpu_inst/dot4acc_pipeline_inst/id_ex_reg[accumulator][31]_i_1/I1
    SLICE_X4Y6           LUT3 (Prop_lut3_I1_O)        0.124    14.686 r  cpu_inst/dot4acc_pipeline_inst/id_ex_reg[accumulator][31]_i_1/O
                         net (fo=32, routed)          0.605    15.291    cpu_inst/dot4acc_pipeline_inst_n_3
    SLICE_X2Y11          FDRE                                         r  cpu_inst/id_ex_reg_reg[accumulator][22]/R
  -------------------------------------------------------------------    -------------------

                         (clock sys_clk_pin rise edge)
                                                     10.700    10.700 r  <hidden>
    W5                                                0.000    10.700 r  clk
                         net (fo=0)                   0.000    10.700    clk
    W5                                                                r  clk_IBUF_inst/I
    W5                   IBUF (Prop_ibuf_I_O)         1.388    12.088 r  clk_IBUF_inst/O
                         net (fo=1, routed)           1.862    13.950    clk_IBUF
    BUFGCTRL_X0Y0                                                     r  clk_IBUF_BUFG_inst/I
    BUFGCTRL_X0Y0        BUFG (Prop_bufg_I_O)         0.091    14.041 r  clk_IBUF_BUFG_inst/O
                         net (fo=1820, routed)        1.516    15.557    cpu_inst/clk_IBUF_BUFG
    SLICE_X2Y11          FDRE                                         r  cpu_inst/id_ex_reg_reg[accumulator][22]/C
                         clock pessimism              0.260    15.817    <hidden>
                         clock uncertainty           -0.035    15.782    <hidden>
    SLICE_X2Y11          FDRE (Setup_fdre_C_R)       -0.524    15.258    cpu_inst/id_ex_reg_reg[accumulator][22]
  -------------------------------------------------------------------
                         required time                         15.258    <hidden>
                         arrival time                         -15.291    <hidden>
  -------------------------------------------------------------------
                         slack                                 -0.033    <hidden>

Slack (VIOLATED) :        -0.029ns  (required time - arrival time)
  Source:                 cpu_inst/data_mem_inst/mem_reg/CLKARDCLK
                            (rising edge-triggered cell RAMB18E1 clocked by sys_clk_pin  {rise@0.000ns fall@5.350ns period=10.700ns})
  Destination:            cpu_inst/instr_mem_inst/instruction_reg/ADDRBWRADDR[10]
                            (rising edge-triggered cell RAMB18E1 clocked by sys_clk_pin  {rise@0.000ns fall@5.350ns period=10.700ns})
  Path Group:             sys_clk_pin
  Path Type:              Setup (Max at Slow Process Corner)
  Requirement:            10.700ns  (sys_clk_pin rise@10.700ns - sys_clk_pin rise@0.000ns)
  Data Path Delay:        10.105ns  (logic 4.491ns (44.444%)  route 5.614ns (55.556%))
  Logic Levels:           11  (CARRY4=3 LUT4=2 LUT5=4 LUT6=2)
  Clock Path Skew:        -0.023ns (DCD - SCD + CPR)
    Destination Clock Delay (DCD):    4.831ns = ( 15.531 - 10.700 ) 
    Source Clock Delay      (SCD):    5.128ns
    Clock Pessimism Removal (CPR):    0.274ns
  Clock Uncertainty:      0.035ns  ((TSJ^2 + TIJ^2)^1/2 + DJ) / 2 + PE
    Total System Jitter     (TSJ):    0.071ns
    Total Input Jitter      (TIJ):    0.000ns
    Discrete Jitter          (DJ):    0.000ns
    Phase Error              (PE):    0.000ns

    Location             Delay type                Incr(ns)  Path(ns)    Netlist Resource(s)
  -------------------------------------------------------------------    -------------------
                         (clock sys_clk_pin rise edge)
                                                      0.000     0.000 r  <hidden>
    W5                                                0.000     0.000 r  clk
                         net (fo=0)                   0.000     0.000    clk
    W5                                                                r  clk_IBUF_inst/I
    W5                   IBUF (Prop_ibuf_I_O)         1.458     1.458 r  clk_IBUF_inst/O
                         net (fo=1, routed)           1.967     3.425    clk_IBUF
    BUFGCTRL_X0Y0                                                     r  clk_IBUF_BUFG_inst/I
    BUFGCTRL_X0Y0        BUFG (Prop_bufg_I_O)         0.096     3.521 r  clk_IBUF_BUFG_inst/O
                         net (fo=1820, routed)        1.607     5.128    cpu_inst/data_mem_inst/clk_IBUF_BUFG
    RAMB18_X0Y4          RAMB18E1                                     r  cpu_inst/data_mem_inst/mem_reg/CLKARDCLK
  -------------------------------------------------------------------    -------------------
    RAMB18_X0Y4          RAMB18E1 (Prop_ramb18e1_CLKARDCLK_DOADO[1])
                                                      2.454     7.582 f  cpu_inst/data_mem_inst/mem_reg/DOADO[1]
                         net (fo=6, routed)           0.982     8.564    cpu_inst/data_mem_inst/read_data[1]
    SLICE_X9Y7                                                        f  cpu_inst/data_mem_inst/product0_reg_reg_i_39/I2
    SLICE_X9Y7           LUT5 (Prop_lut5_I2_O)        0.124     8.688 f  cpu_inst/data_mem_inst/product0_reg_reg_i_39/O
                         net (fo=1, routed)           0.640     9.328    cpu_inst/data_mem_inst/product0_reg_reg_i_39_n_0
    SLICE_X9Y7                                                        f  cpu_inst/data_mem_inst/product0_reg_reg_i_26/I2
    SLICE_X9Y7           LUT5 (Prop_lut5_I2_O)        0.124     9.452 r  cpu_inst/data_mem_inst/product0_reg_reg_i_26/O
                         net (fo=3, routed)           1.098    10.549    cpu_inst/dot4acc_pipeline_inst/redirect_pending_target_reg[31]_i_16_2
    SLICE_X8Y11                                                       r  cpu_inst/dot4acc_pipeline_inst/redirect_pending_target[31]_i_24/I2
    SLICE_X8Y11          LUT6 (Prop_lut6_I2_O)        0.124    10.673 r  cpu_inst/dot4acc_pipeline_inst/redirect_pending_target[31]_i_24/O
                         net (fo=1, routed)           0.000    10.673    cpu_inst/dot4acc_pipeline_inst/redirect_pending_target[31]_i_24_n_0
    SLICE_X8Y11                                                       r  cpu_inst/dot4acc_pipeline_inst/redirect_pending_target_reg[31]_i_16/S[0]
    SLICE_X8Y11          CARRY4 (Prop_carry4_S[0]_CO[3])
                                                      0.513    11.186 r  cpu_inst/dot4acc_pipeline_inst/redirect_pending_target_reg[31]_i_16/CO[3]
                         net (fo=1, routed)           0.000    11.186    cpu_inst/dot4acc_pipeline_inst/redirect_pending_target_reg[31]_i_16_n_0
    SLICE_X8Y12                                                       r  cpu_inst/dot4acc_pipeline_inst/redirect_pending_target_reg[31]_i_12/CI
    SLICE_X8Y12          CARRY4 (Prop_carry4_CI_CO[3])
                                                      0.117    11.303 r  cpu_inst/dot4acc_pipeline_inst/redirect_pending_target_reg[31]_i_12/CO[3]
                         net (fo=1, routed)           0.000    11.303    cpu_inst/dot4acc_pipeline_inst/redirect_pending_target_reg[31]_i_12_n_0
    SLICE_X8Y13                                                       r  cpu_inst/dot4acc_pipeline_inst/redirect_pending_target_reg[31]_i_5/CI
    SLICE_X8Y13          CARRY4 (Prop_carry4_CI_CO[2])
                                                      0.229    11.532 f  cpu_inst/dot4acc_pipeline_inst/redirect_pending_target_reg[31]_i_5/CO[2]
                         net (fo=18, routed)          0.515    12.047    cpu_inst/dot4acc_pipeline_inst/ex_branch_taken0
    SLICE_X8Y10                                                       f  cpu_inst/dot4acc_pipeline_inst/led_OBUF[12]_inst_i_6/I3
    SLICE_X8Y10          LUT4 (Prop_lut4_I3_O)        0.310    12.357 f  cpu_inst/dot4acc_pipeline_inst/led_OBUF[12]_inst_i_6/O
                         net (fo=42, routed)          0.365    12.722    cpu_inst/dot4acc_pipeline_inst/led_OBUF[12]_inst_i_6_n_0
    SLICE_X9Y8                                                        f  cpu_inst/dot4acc_pipeline_inst/id_ex_reg[pc][31]_i_11/I0
    SLICE_X9Y8           LUT4 (Prop_lut4_I0_O)        0.124    12.846 r  cpu_inst/dot4acc_pipeline_inst/id_ex_reg[pc][31]_i_11/O
                         net (fo=1, routed)           0.154    13.000    cpu_inst/dot4acc_pipeline_inst/id_ex_reg[pc][31]_i_11_n_0
    SLICE_X9Y8                                                        r  cpu_inst/dot4acc_pipeline_inst/id_ex_reg[pc][31]_i_3/I5
    SLICE_X9Y8           LUT6 (Prop_lut6_I5_O)        0.124    13.124 f  cpu_inst/dot4acc_pipeline_inst/id_ex_reg[pc][31]_i_3/O
                         net (fo=13, routed)          0.390    13.515    cpu_inst/dot4acc_pipeline_inst/id_ex_reg[pc][31]_i_3_n_0
    SLICE_X10Y8                                                       f  cpu_inst/dot4acc_pipeline_inst/instruction_reg_i_11/I4
    SLICE_X10Y8          LUT5 (Prop_lut5_I4_O)        0.124    13.639 r  cpu_inst/dot4acc_pipeline_inst/instruction_reg_i_11/O
                         net (fo=9, routed)           0.538    14.177    cpu_inst/dot4acc_pipeline_inst/instruction_reg_i_11_n_0
    SLICE_X8Y6                                                        r  cpu_inst/dot4acc_pipeline_inst/instruction_reg_i_3/I3
    SLICE_X8Y6           LUT5 (Prop_lut5_I3_O)        0.124    14.301 r  cpu_inst/dot4acc_pipeline_inst/instruction_reg_i_3/O
                         net (fo=2, routed)           0.932    15.233    cpu_inst/instr_mem_inst/ADDRARDADDR[6]
    RAMB18_X0Y5          RAMB18E1                                     r  cpu_inst/instr_mem_inst/instruction_reg/ADDRBWRADDR[10]
  -------------------------------------------------------------------    -------------------

                         (clock sys_clk_pin rise edge)
                                                     10.700    10.700 r  <hidden>
    W5                                                0.000    10.700 r  clk
                         net (fo=0)                   0.000    10.700    clk
    W5                                                                r  clk_IBUF_inst/I
    W5                   IBUF (Prop_ibuf_I_O)         1.388    12.088 r  clk_IBUF_inst/O
                         net (fo=1, routed)           1.862    13.950    clk_IBUF
    BUFGCTRL_X0Y0                                                     r  clk_IBUF_BUFG_inst/I
    BUFGCTRL_X0Y0        BUFG (Prop_bufg_I_O)         0.091    14.041 r  clk_IBUF_BUFG_inst/O
                         net (fo=1820, routed)        1.490    15.531    cpu_inst/instr_mem_inst/clk_IBUF_BUFG
    RAMB18_X0Y5          RAMB18E1                                     r  cpu_inst/instr_mem_inst/instruction_reg/CLKBWRCLK
                         clock pessimism              0.274    15.805    <hidden>
                         clock uncertainty           -0.035    15.769    <hidden>
    RAMB18_X0Y5          RAMB18E1 (Setup_ramb18e1_CLKBWRCLK_ADDRBWRADDR[10])
                                                     -0.566    15.203    cpu_inst/instr_mem_inst/instruction_reg
  -------------------------------------------------------------------
                         required time                         15.203    <hidden>
                         arrival time                         -15.233    <hidden>
  -------------------------------------------------------------------
                         slack                                 -0.029    <hidden>

Slack (VIOLATED) :        -0.028ns  (required time - arrival time)
  Source:                 cpu_inst/data_mem_inst/mem_reg/CLKARDCLK
                            (rising edge-triggered cell RAMB18E1 clocked by sys_clk_pin  {rise@0.000ns fall@5.350ns period=10.700ns})
  Destination:            cpu_inst/instr_mem_inst/instruction_reg/ADDRARDADDR[10]
                            (rising edge-triggered cell RAMB18E1 clocked by sys_clk_pin  {rise@0.000ns fall@5.350ns period=10.700ns})
  Path Group:             sys_clk_pin
  Path Type:              Setup (Max at Slow Process Corner)
  Requirement:            10.700ns  (sys_clk_pin rise@10.700ns - sys_clk_pin rise@0.000ns)
  Data Path Delay:        10.105ns  (logic 4.491ns (44.444%)  route 5.614ns (55.556%))
  Logic Levels:           11  (CARRY4=3 LUT4=2 LUT5=4 LUT6=2)
  Clock Path Skew:        -0.022ns (DCD - SCD + CPR)
    Destination Clock Delay (DCD):    4.829ns = ( 15.529 - 10.700 ) 
    Source Clock Delay      (SCD):    5.128ns
    Clock Pessimism Removal (CPR):    0.277ns
  Clock Uncertainty:      0.035ns  ((TSJ^2 + TIJ^2)^1/2 + DJ) / 2 + PE
    Total System Jitter     (TSJ):    0.071ns
    Total Input Jitter      (TIJ):    0.000ns
    Discrete Jitter          (DJ):    0.000ns
    Phase Error              (PE):    0.000ns

    Location             Delay type                Incr(ns)  Path(ns)    Netlist Resource(s)
  -------------------------------------------------------------------    -------------------
                         (clock sys_clk_pin rise edge)
                                                      0.000     0.000 r  <hidden>
    W5                                                0.000     0.000 r  clk
                         net (fo=0)                   0.000     0.000    clk
    W5                                                                r  clk_IBUF_inst/I
    W5                   IBUF (Prop_ibuf_I_O)         1.458     1.458 r  clk_IBUF_inst/O
                         net (fo=1, routed)           1.967     3.425    clk_IBUF
    BUFGCTRL_X0Y0                                                     r  clk_IBUF_BUFG_inst/I
    BUFGCTRL_X0Y0        BUFG (Prop_bufg_I_O)         0.096     3.521 r  clk_IBUF_BUFG_inst/O
                         net (fo=1820, routed)        1.607     5.128    cpu_inst/data_mem_inst/clk_IBUF_BUFG
    RAMB18_X0Y4          RAMB18E1                                     r  cpu_inst/data_mem_inst/mem_reg/CLKARDCLK
  -------------------------------------------------------------------    -------------------
    RAMB18_X0Y4          RAMB18E1 (Prop_ramb18e1_CLKARDCLK_DOADO[1])
                                                      2.454     7.582 f  cpu_inst/data_mem_inst/mem_reg/DOADO[1]
                         net (fo=6, routed)           0.982     8.564    cpu_inst/data_mem_inst/read_data[1]
    SLICE_X9Y7                                                        f  cpu_inst/data_mem_inst/product0_reg_reg_i_39/I2
    SLICE_X9Y7           LUT5 (Prop_lut5_I2_O)        0.124     8.688 f  cpu_inst/data_mem_inst/product0_reg_reg_i_39/O
                         net (fo=1, routed)           0.640     9.328    cpu_inst/data_mem_inst/product0_reg_reg_i_39_n_0
    SLICE_X9Y7                                                        f  cpu_inst/data_mem_inst/product0_reg_reg_i_26/I2
    SLICE_X9Y7           LUT5 (Prop_lut5_I2_O)        0.124     9.452 r  cpu_inst/data_mem_inst/product0_reg_reg_i_26/O
                         net (fo=3, routed)           1.098    10.549    cpu_inst/dot4acc_pipeline_inst/redirect_pending_target_reg[31]_i_16_2
    SLICE_X8Y11                                                       r  cpu_inst/dot4acc_pipeline_inst/redirect_pending_target[31]_i_24/I2
    SLICE_X8Y11          LUT6 (Prop_lut6_I2_O)        0.124    10.673 r  cpu_inst/dot4acc_pipeline_inst/redirect_pending_target[31]_i_24/O
                         net (fo=1, routed)           0.000    10.673    cpu_inst/dot4acc_pipeline_inst/redirect_pending_target[31]_i_24_n_0
    SLICE_X8Y11                                                       r  cpu_inst/dot4acc_pipeline_inst/redirect_pending_target_reg[31]_i_16/S[0]
    SLICE_X8Y11          CARRY4 (Prop_carry4_S[0]_CO[3])
                                                      0.513    11.186 r  cpu_inst/dot4acc_pipeline_inst/redirect_pending_target_reg[31]_i_16/CO[3]
                         net (fo=1, routed)           0.000    11.186    cpu_inst/dot4acc_pipeline_inst/redirect_pending_target_reg[31]_i_16_n_0
    SLICE_X8Y12                                                       r  cpu_inst/dot4acc_pipeline_inst/redirect_pending_target_reg[31]_i_12/CI
    SLICE_X8Y12          CARRY4 (Prop_carry4_CI_CO[3])
                                                      0.117    11.303 r  cpu_inst/dot4acc_pipeline_inst/redirect_pending_target_reg[31]_i_12/CO[3]
                         net (fo=1, routed)           0.000    11.303    cpu_inst/dot4acc_pipeline_inst/redirect_pending_target_reg[31]_i_12_n_0
    SLICE_X8Y13                                                       r  cpu_inst/dot4acc_pipeline_inst/redirect_pending_target_reg[31]_i_5/CI
    SLICE_X8Y13          CARRY4 (Prop_carry4_CI_CO[2])
                                                      0.229    11.532 f  cpu_inst/dot4acc_pipeline_inst/redirect_pending_target_reg[31]_i_5/CO[2]
                         net (fo=18, routed)          0.515    12.047    cpu_inst/dot4acc_pipeline_inst/ex_branch_taken0
    SLICE_X8Y10                                                       f  cpu_inst/dot4acc_pipeline_inst/led_OBUF[12]_inst_i_6/I3
    SLICE_X8Y10          LUT4 (Prop_lut4_I3_O)        0.310    12.357 f  cpu_inst/dot4acc_pipeline_inst/led_OBUF[12]_inst_i_6/O
                         net (fo=42, routed)          0.365    12.722    cpu_inst/dot4acc_pipeline_inst/led_OBUF[12]_inst_i_6_n_0
    SLICE_X9Y8                                                        f  cpu_inst/dot4acc_pipeline_inst/id_ex_reg[pc][31]_i_11/I0
    SLICE_X9Y8           LUT4 (Prop_lut4_I0_O)        0.124    12.846 r  cpu_inst/dot4acc_pipeline_inst/id_ex_reg[pc][31]_i_11/O
                         net (fo=1, routed)           0.154    13.000    cpu_inst/dot4acc_pipeline_inst/id_ex_reg[pc][31]_i_11_n_0
    SLICE_X9Y8                                                        r  cpu_inst/dot4acc_pipeline_inst/id_ex_reg[pc][31]_i_3/I5
    SLICE_X9Y8           LUT6 (Prop_lut6_I5_O)        0.124    13.124 f  cpu_inst/dot4acc_pipeline_inst/id_ex_reg[pc][31]_i_3/O
                         net (fo=13, routed)          0.390    13.515    cpu_inst/dot4acc_pipeline_inst/id_ex_reg[pc][31]_i_3_n_0
    SLICE_X10Y8                                                       f  cpu_inst/dot4acc_pipeline_inst/instruction_reg_i_11/I4
    SLICE_X10Y8          LUT5 (Prop_lut5_I4_O)        0.124    13.639 r  cpu_inst/dot4acc_pipeline_inst/instruction_reg_i_11/O
                         net (fo=9, routed)           0.538    14.177    cpu_inst/dot4acc_pipeline_inst/instruction_reg_i_11_n_0
    SLICE_X8Y6                                                        r  cpu_inst/dot4acc_pipeline_inst/instruction_reg_i_3/I3
    SLICE_X8Y6           LUT5 (Prop_lut5_I3_O)        0.124    14.301 r  cpu_inst/dot4acc_pipeline_inst/instruction_reg_i_3/O
                         net (fo=2, routed)           0.932    15.233    cpu_inst/instr_mem_inst/ADDRARDADDR[6]
    RAMB18_X0Y5          RAMB18E1                                     r  cpu_inst/instr_mem_inst/instruction_reg/ADDRARDADDR[10]
  -------------------------------------------------------------------    -------------------

                         (clock sys_clk_pin rise edge)
                                                     10.700    10.700 r  <hidden>
    W5                                                0.000    10.700 r  clk
                         net (fo=0)                   0.000    10.700    clk
    W5                                                                r  clk_IBUF_inst/I
    W5                   IBUF (Prop_ibuf_I_O)         1.388    12.088 r  clk_IBUF_inst/O
                         net (fo=1, routed)           1.862    13.950    clk_IBUF
    BUFGCTRL_X0Y0                                                     r  clk_IBUF_BUFG_inst/I
    BUFGCTRL_X0Y0        BUFG (Prop_bufg_I_O)         0.091    14.041 r  clk_IBUF_BUFG_inst/O
                         net (fo=1820, routed)        1.488    15.529    cpu_inst/instr_mem_inst/clk_IBUF_BUFG
    RAMB18_X0Y5          RAMB18E1                                     r  cpu_inst/instr_mem_inst/instruction_reg/CLKARDCLK
                         clock pessimism              0.277    15.806    <hidden>
                         clock uncertainty           -0.035    15.770    <hidden>
    RAMB18_X0Y5          RAMB18E1 (Setup_ramb18e1_CLKARDCLK_ADDRARDADDR[10])
                                                     -0.566    15.204    cpu_inst/instr_mem_inst/instruction_reg
  -------------------------------------------------------------------
                         required time                         15.204    <hidden>
                         arrival time                         -15.233    <hidden>
  -------------------------------------------------------------------
                         slack                                 -0.028    <hidden>

Slack (VIOLATED) :        -0.026ns  (required time - arrival time)
  Source:                 cpu_inst/data_mem_inst/mem_reg/CLKARDCLK
                            (rising edge-triggered cell RAMB18E1 clocked by sys_clk_pin  {rise@0.000ns fall@5.350ns period=10.700ns})
  Destination:            cpu_inst/id_ex_reg_reg[accumulator][1]/R
                            (rising edge-triggered cell FDRE clocked by sys_clk_pin  {rise@0.000ns fall@5.350ns period=10.700ns})
  Path Group:             sys_clk_pin
  Path Type:              Setup (Max at Slow Process Corner)
  Requirement:            10.700ns  (sys_clk_pin rise@10.700ns - sys_clk_pin rise@0.000ns)
  Data Path Delay:        10.252ns  (logic 4.491ns (43.806%)  route 5.761ns (56.194%))
  Logic Levels:           11  (CARRY4=3 LUT3=1 LUT4=2 LUT5=3 LUT6=2)
  Clock Path Skew:        -0.009ns (DCD - SCD + CPR)
    Destination Clock Delay (DCD):    4.858ns = ( 15.558 - 10.700 ) 
    Source Clock Delay      (SCD):    5.128ns
    Clock Pessimism Removal (CPR):    0.260ns
  Clock Uncertainty:      0.035ns  ((TSJ^2 + TIJ^2)^1/2 + DJ) / 2 + PE
    Total System Jitter     (TSJ):    0.071ns
    Total Input Jitter      (TIJ):    0.000ns
    Discrete Jitter          (DJ):    0.000ns
    Phase Error              (PE):    0.000ns

    Location             Delay type                Incr(ns)  Path(ns)    Netlist Resource(s)
  -------------------------------------------------------------------    -------------------
                         (clock sys_clk_pin rise edge)
                                                      0.000     0.000 r  <hidden>
    W5                                                0.000     0.000 r  clk
                         net (fo=0)                   0.000     0.000    clk
    W5                                                                r  clk_IBUF_inst/I
    W5                   IBUF (Prop_ibuf_I_O)         1.458     1.458 r  clk_IBUF_inst/O
                         net (fo=1, routed)           1.967     3.425    clk_IBUF
    BUFGCTRL_X0Y0                                                     r  clk_IBUF_BUFG_inst/I
    BUFGCTRL_X0Y0        BUFG (Prop_bufg_I_O)         0.096     3.521 r  clk_IBUF_BUFG_inst/O
                         net (fo=1820, routed)        1.607     5.128    cpu_inst/data_mem_inst/clk_IBUF_BUFG
    RAMB18_X0Y4          RAMB18E1                                     r  cpu_inst/data_mem_inst/mem_reg/CLKARDCLK
  -------------------------------------------------------------------    -------------------
    RAMB18_X0Y4          RAMB18E1 (Prop_ramb18e1_CLKARDCLK_DOADO[1])
                                                      2.454     7.582 f  cpu_inst/data_mem_inst/mem_reg/DOADO[1]
                         net (fo=6, routed)           0.982     8.564    cpu_inst/data_mem_inst/read_data[1]
    SLICE_X9Y7                                                        f  cpu_inst/data_mem_inst/product0_reg_reg_i_39/I2
    SLICE_X9Y7           LUT5 (Prop_lut5_I2_O)        0.124     8.688 f  cpu_inst/data_mem_inst/product0_reg_reg_i_39/O
                         net (fo=1, routed)           0.640     9.328    cpu_inst/data_mem_inst/product0_reg_reg_i_39_n_0
    SLICE_X9Y7                                                        f  cpu_inst/data_mem_inst/product0_reg_reg_i_26/I2
    SLICE_X9Y7           LUT5 (Prop_lut5_I2_O)        0.124     9.452 r  cpu_inst/data_mem_inst/product0_reg_reg_i_26/O
                         net (fo=3, routed)           1.098    10.549    cpu_inst/dot4acc_pipeline_inst/redirect_pending_target_reg[31]_i_16_2
    SLICE_X8Y11                                                       r  cpu_inst/dot4acc_pipeline_inst/redirect_pending_target[31]_i_24/I2
    SLICE_X8Y11          LUT6 (Prop_lut6_I2_O)        0.124    10.673 r  cpu_inst/dot4acc_pipeline_inst/redirect_pending_target[31]_i_24/O
                         net (fo=1, routed)           0.000    10.673    cpu_inst/dot4acc_pipeline_inst/redirect_pending_target[31]_i_24_n_0
    SLICE_X8Y11                                                       r  cpu_inst/dot4acc_pipeline_inst/redirect_pending_target_reg[31]_i_16/S[0]
    SLICE_X8Y11          CARRY4 (Prop_carry4_S[0]_CO[3])
                                                      0.513    11.186 r  cpu_inst/dot4acc_pipeline_inst/redirect_pending_target_reg[31]_i_16/CO[3]
                         net (fo=1, routed)           0.000    11.186    cpu_inst/dot4acc_pipeline_inst/redirect_pending_target_reg[31]_i_16_n_0
    SLICE_X8Y12                                                       r  cpu_inst/dot4acc_pipeline_inst/redirect_pending_target_reg[31]_i_12/CI
    SLICE_X8Y12          CARRY4 (Prop_carry4_CI_CO[3])
                                                      0.117    11.303 r  cpu_inst/dot4acc_pipeline_inst/redirect_pending_target_reg[31]_i_12/CO[3]
                         net (fo=1, routed)           0.000    11.303    cpu_inst/dot4acc_pipeline_inst/redirect_pending_target_reg[31]_i_12_n_0
    SLICE_X8Y13                                                       r  cpu_inst/dot4acc_pipeline_inst/redirect_pending_target_reg[31]_i_5/CI
    SLICE_X8Y13          CARRY4 (Prop_carry4_CI_CO[2])
                                                      0.229    11.532 r  cpu_inst/dot4acc_pipeline_inst/redirect_pending_target_reg[31]_i_5/CO[2]
                         net (fo=18, routed)          0.515    12.047    cpu_inst/dot4acc_pipeline_inst/ex_branch_taken0
    SLICE_X8Y10                                                       r  cpu_inst/dot4acc_pipeline_inst/led_OBUF[12]_inst_i_6/I3
    SLICE_X8Y10          LUT4 (Prop_lut4_I3_O)        0.310    12.357 r  cpu_inst/dot4acc_pipeline_inst/led_OBUF[12]_inst_i_6/O
                         net (fo=42, routed)          0.365    12.722    cpu_inst/dot4acc_pipeline_inst/led_OBUF[12]_inst_i_6_n_0
    SLICE_X9Y8                                                        r  cpu_inst/dot4acc_pipeline_inst/id_ex_reg[pc][31]_i_11/I0
    SLICE_X9Y8           LUT4 (Prop_lut4_I0_O)        0.124    12.846 f  cpu_inst/dot4acc_pipeline_inst/id_ex_reg[pc][31]_i_11/O
                         net (fo=1, routed)           0.154    13.000    cpu_inst/dot4acc_pipeline_inst/id_ex_reg[pc][31]_i_11_n_0
    SLICE_X9Y8                                                        f  cpu_inst/dot4acc_pipeline_inst/id_ex_reg[pc][31]_i_3/I5
    SLICE_X9Y8           LUT6 (Prop_lut6_I5_O)        0.124    13.124 r  cpu_inst/dot4acc_pipeline_inst/id_ex_reg[pc][31]_i_3/O
                         net (fo=13, routed)          0.626    13.751    cpu_inst/dot4acc_pipeline_inst/id_ex_reg[pc][31]_i_3_n_0
    SLICE_X8Y6                                                        r  cpu_inst/dot4acc_pipeline_inst/id_ex_reg[operand_b][31]_i_4/I2
    SLICE_X8Y6           LUT5 (Prop_lut5_I2_O)        0.124    13.875 r  cpu_inst/dot4acc_pipeline_inst/id_ex_reg[operand_b][31]_i_4/O
                         net (fo=3, routed)           0.687    14.562    cpu_inst/dot4acc_pipeline_inst/id_ex_reg[operand_b][31]_i_4_n_0
    SLICE_X4Y6                                                        r  cpu_inst/dot4acc_pipeline_inst/id_ex_reg[accumulator][31]_i_1/I1
    SLICE_X4Y6           LUT3 (Prop_lut3_I1_O)        0.124    14.686 r  cpu_inst/dot4acc_pipeline_inst/id_ex_reg[accumulator][31]_i_1/O
                         net (fo=32, routed)          0.694    15.380    cpu_inst/dot4acc_pipeline_inst_n_3
    SLICE_X5Y4           FDRE                                         r  cpu_inst/id_ex_reg_reg[accumulator][1]/R
  -------------------------------------------------------------------    -------------------

                         (clock sys_clk_pin rise edge)
                                                     10.700    10.700 r  <hidden>
    W5                                                0.000    10.700 r  clk
                         net (fo=0)                   0.000    10.700    clk
    W5                                                                r  clk_IBUF_inst/I
    W5                   IBUF (Prop_ibuf_I_O)         1.388    12.088 r  clk_IBUF_inst/O
                         net (fo=1, routed)           1.862    13.950    clk_IBUF
    BUFGCTRL_X0Y0                                                     r  clk_IBUF_BUFG_inst/I
    BUFGCTRL_X0Y0        BUFG (Prop_bufg_I_O)         0.091    14.041 r  clk_IBUF_BUFG_inst/O
                         net (fo=1820, routed)        1.517    15.558    cpu_inst/clk_IBUF_BUFG
    SLICE_X5Y4           FDRE                                         r  cpu_inst/id_ex_reg_reg[accumulator][1]/C
                         clock pessimism              0.260    15.818    <hidden>
                         clock uncertainty           -0.035    15.783    <hidden>
    SLICE_X5Y4           FDRE (Setup_fdre_C_R)       -0.429    15.354    cpu_inst/id_ex_reg_reg[accumulator][1]
  -------------------------------------------------------------------
                         required time                         15.354    <hidden>
                         arrival time                         -15.380    <hidden>
  -------------------------------------------------------------------
                         slack                                 -0.026    <hidden>

Slack (VIOLATED) :        -0.026ns  (required time - arrival time)
  Source:                 cpu_inst/data_mem_inst/mem_reg/CLKARDCLK
                            (rising edge-triggered cell RAMB18E1 clocked by sys_clk_pin  {rise@0.000ns fall@5.350ns period=10.700ns})
  Destination:            cpu_inst/id_ex_reg_reg[accumulator][3]/R
                            (rising edge-triggered cell FDRE clocked by sys_clk_pin  {rise@0.000ns fall@5.350ns period=10.700ns})
  Path Group:             sys_clk_pin
  Path Type:              Setup (Max at Slow Process Corner)
  Requirement:            10.700ns  (sys_clk_pin rise@10.700ns - sys_clk_pin rise@0.000ns)
  Data Path Delay:        10.252ns  (logic 4.491ns (43.806%)  route 5.761ns (56.194%))
  Logic Levels:           11  (CARRY4=3 LUT3=1 LUT4=2 LUT5=3 LUT6=2)
  Clock Path Skew:        -0.009ns (DCD - SCD + CPR)
    Destination Clock Delay (DCD):    4.858ns = ( 15.558 - 10.700 ) 
    Source Clock Delay      (SCD):    5.128ns
    Clock Pessimism Removal (CPR):    0.260ns
  Clock Uncertainty:      0.035ns  ((TSJ^2 + TIJ^2)^1/2 + DJ) / 2 + PE
    Total System Jitter     (TSJ):    0.071ns
    Total Input Jitter      (TIJ):    0.000ns
    Discrete Jitter          (DJ):    0.000ns
    Phase Error              (PE):    0.000ns

    Location             Delay type                Incr(ns)  Path(ns)    Netlist Resource(s)
  -------------------------------------------------------------------    -------------------
                         (clock sys_clk_pin rise edge)
                                                      0.000     0.000 r  <hidden>
    W5                                                0.000     0.000 r  clk
                         net (fo=0)                   0.000     0.000    clk
    W5                                                                r  clk_IBUF_inst/I
    W5                   IBUF (Prop_ibuf_I_O)         1.458     1.458 r  clk_IBUF_inst/O
                         net (fo=1, routed)           1.967     3.425    clk_IBUF
    BUFGCTRL_X0Y0                                                     r  clk_IBUF_BUFG_inst/I
    BUFGCTRL_X0Y0        BUFG (Prop_bufg_I_O)         0.096     3.521 r  clk_IBUF_BUFG_inst/O
                         net (fo=1820, routed)        1.607     5.128    cpu_inst/data_mem_inst/clk_IBUF_BUFG
    RAMB18_X0Y4          RAMB18E1                                     r  cpu_inst/data_mem_inst/mem_reg/CLKARDCLK
  -------------------------------------------------------------------    -------------------
    RAMB18_X0Y4          RAMB18E1 (Prop_ramb18e1_CLKARDCLK_DOADO[1])
                                                      2.454     7.582 f  cpu_inst/data_mem_inst/mem_reg/DOADO[1]
                         net (fo=6, routed)           0.982     8.564    cpu_inst/data_mem_inst/read_data[1]
    SLICE_X9Y7                                                        f  cpu_inst/data_mem_inst/product0_reg_reg_i_39/I2
    SLICE_X9Y7           LUT5 (Prop_lut5_I2_O)        0.124     8.688 f  cpu_inst/data_mem_inst/product0_reg_reg_i_39/O
                         net (fo=1, routed)           0.640     9.328    cpu_inst/data_mem_inst/product0_reg_reg_i_39_n_0
    SLICE_X9Y7                                                        f  cpu_inst/data_mem_inst/product0_reg_reg_i_26/I2
    SLICE_X9Y7           LUT5 (Prop_lut5_I2_O)        0.124     9.452 r  cpu_inst/data_mem_inst/product0_reg_reg_i_26/O
                         net (fo=3, routed)           1.098    10.549    cpu_inst/dot4acc_pipeline_inst/redirect_pending_target_reg[31]_i_16_2
    SLICE_X8Y11                                                       r  cpu_inst/dot4acc_pipeline_inst/redirect_pending_target[31]_i_24/I2
    SLICE_X8Y11          LUT6 (Prop_lut6_I2_O)        0.124    10.673 r  cpu_inst/dot4acc_pipeline_inst/redirect_pending_target[31]_i_24/O
                         net (fo=1, routed)           0.000    10.673    cpu_inst/dot4acc_pipeline_inst/redirect_pending_target[31]_i_24_n_0
    SLICE_X8Y11                                                       r  cpu_inst/dot4acc_pipeline_inst/redirect_pending_target_reg[31]_i_16/S[0]
    SLICE_X8Y11          CARRY4 (Prop_carry4_S[0]_CO[3])
                                                      0.513    11.186 r  cpu_inst/dot4acc_pipeline_inst/redirect_pending_target_reg[31]_i_16/CO[3]
                         net (fo=1, routed)           0.000    11.186    cpu_inst/dot4acc_pipeline_inst/redirect_pending_target_reg[31]_i_16_n_0
    SLICE_X8Y12                                                       r  cpu_inst/dot4acc_pipeline_inst/redirect_pending_target_reg[31]_i_12/CI
    SLICE_X8Y12          CARRY4 (Prop_carry4_CI_CO[3])
                                                      0.117    11.303 r  cpu_inst/dot4acc_pipeline_inst/redirect_pending_target_reg[31]_i_12/CO[3]
                         net (fo=1, routed)           0.000    11.303    cpu_inst/dot4acc_pipeline_inst/redirect_pending_target_reg[31]_i_12_n_0
    SLICE_X8Y13                                                       r  cpu_inst/dot4acc_pipeline_inst/redirect_pending_target_reg[31]_i_5/CI
    SLICE_X8Y13          CARRY4 (Prop_carry4_CI_CO[2])
                                                      0.229    11.532 r  cpu_inst/dot4acc_pipeline_inst/redirect_pending_target_reg[31]_i_5/CO[2]
                         net (fo=18, routed)          0.515    12.047    cpu_inst/dot4acc_pipeline_inst/ex_branch_taken0
    SLICE_X8Y10                                                       r  cpu_inst/dot4acc_pipeline_inst/led_OBUF[12]_inst_i_6/I3
    SLICE_X8Y10          LUT4 (Prop_lut4_I3_O)        0.310    12.357 r  cpu_inst/dot4acc_pipeline_inst/led_OBUF[12]_inst_i_6/O
                         net (fo=42, routed)          0.365    12.722    cpu_inst/dot4acc_pipeline_inst/led_OBUF[12]_inst_i_6_n_0
    SLICE_X9Y8                                                        r  cpu_inst/dot4acc_pipeline_inst/id_ex_reg[pc][31]_i_11/I0
    SLICE_X9Y8           LUT4 (Prop_lut4_I0_O)        0.124    12.846 f  cpu_inst/dot4acc_pipeline_inst/id_ex_reg[pc][31]_i_11/O
                         net (fo=1, routed)           0.154    13.000    cpu_inst/dot4acc_pipeline_inst/id_ex_reg[pc][31]_i_11_n_0
    SLICE_X9Y8                                                        f  cpu_inst/dot4acc_pipeline_inst/id_ex_reg[pc][31]_i_3/I5
    SLICE_X9Y8           LUT6 (Prop_lut6_I5_O)        0.124    13.124 r  cpu_inst/dot4acc_pipeline_inst/id_ex_reg[pc][31]_i_3/O
                         net (fo=13, routed)          0.626    13.751    cpu_inst/dot4acc_pipeline_inst/id_ex_reg[pc][31]_i_3_n_0
    SLICE_X8Y6                                                        r  cpu_inst/dot4acc_pipeline_inst/id_ex_reg[operand_b][31]_i_4/I2
    SLICE_X8Y6           LUT5 (Prop_lut5_I2_O)        0.124    13.875 r  cpu_inst/dot4acc_pipeline_inst/id_ex_reg[operand_b][31]_i_4/O
                         net (fo=3, routed)           0.687    14.562    cpu_inst/dot4acc_pipeline_inst/id_ex_reg[operand_b][31]_i_4_n_0
    SLICE_X4Y6                                                        r  cpu_inst/dot4acc_pipeline_inst/id_ex_reg[accumulator][31]_i_1/I1
    SLICE_X4Y6           LUT3 (Prop_lut3_I1_O)        0.124    14.686 r  cpu_inst/dot4acc_pipeline_inst/id_ex_reg[accumulator][31]_i_1/O
                         net (fo=32, routed)          0.694    15.380    cpu_inst/dot4acc_pipeline_inst_n_3
    SLICE_X5Y4           FDRE                                         r  cpu_inst/id_ex_reg_reg[accumulator][3]/R
  -------------------------------------------------------------------    -------------------

                         (clock sys_clk_pin rise edge)
                                                     10.700    10.700 r  <hidden>
    W5                                                0.000    10.700 r  clk
                         net (fo=0)                   0.000    10.700    clk
    W5                                                                r  clk_IBUF_inst/I
    W5                   IBUF (Prop_ibuf_I_O)         1.388    12.088 r  clk_IBUF_inst/O
                         net (fo=1, routed)           1.862    13.950    clk_IBUF
    BUFGCTRL_X0Y0                                                     r  clk_IBUF_BUFG_inst/I
    BUFGCTRL_X0Y0        BUFG (Prop_bufg_I_O)         0.091    14.041 r  clk_IBUF_BUFG_inst/O
                         net (fo=1820, routed)        1.517    15.558    cpu_inst/clk_IBUF_BUFG
    SLICE_X5Y4           FDRE                                         r  cpu_inst/id_ex_reg_reg[accumulator][3]/C
                         clock pessimism              0.260    15.818    <hidden>
                         clock uncertainty           -0.035    15.783    <hidden>
    SLICE_X5Y4           FDRE (Setup_fdre_C_R)       -0.429    15.354    cpu_inst/id_ex_reg_reg[accumulator][3]
  -------------------------------------------------------------------
                         required time                         15.354    <hidden>
                         arrival time                         -15.380    <hidden>
  -------------------------------------------------------------------
                         slack                                 -0.026    <hidden>

Slack (VIOLATED) :        -0.024ns  (required time - arrival time)
  Source:                 cpu_inst/data_mem_inst/mem_reg/CLKARDCLK
                            (rising edge-triggered cell RAMB18E1 clocked by sys_clk_pin  {rise@0.000ns fall@5.350ns period=10.700ns})
  Destination:            cpu_inst/id_ex_reg_reg[operand_a][0]/R
                            (rising edge-triggered cell FDRE clocked by sys_clk_pin  {rise@0.000ns fall@5.350ns period=10.700ns})
  Path Group:             sys_clk_pin
  Path Type:              Setup (Max at Slow Process Corner)
  Requirement:            10.700ns  (sys_clk_pin rise@10.700ns - sys_clk_pin rise@0.000ns)
  Data Path Delay:        10.102ns  (logic 4.491ns (44.457%)  route 5.611ns (55.543%))
  Logic Levels:           11  (CARRY4=3 LUT3=1 LUT4=2 LUT5=3 LUT6=2)
  Clock Path Skew:        -0.062ns (DCD - SCD + CPR)
    Destination Clock Delay (DCD):    4.791ns = ( 15.491 - 10.700 ) 
    Source Clock Delay      (SCD):    5.128ns
    Clock Pessimism Removal (CPR):    0.274ns
  Clock Uncertainty:      0.035ns  ((TSJ^2 + TIJ^2)^1/2 + DJ) / 2 + PE
    Total System Jitter     (TSJ):    0.071ns
    Total Input Jitter      (TIJ):    0.000ns
    Discrete Jitter          (DJ):    0.000ns
    Phase Error              (PE):    0.000ns

    Location             Delay type                Incr(ns)  Path(ns)    Netlist Resource(s)
  -------------------------------------------------------------------    -------------------
                         (clock sys_clk_pin rise edge)
                                                      0.000     0.000 r  <hidden>
    W5                                                0.000     0.000 r  clk
                         net (fo=0)                   0.000     0.000    clk
    W5                                                                r  clk_IBUF_inst/I
    W5                   IBUF (Prop_ibuf_I_O)         1.458     1.458 r  clk_IBUF_inst/O
                         net (fo=1, routed)           1.967     3.425    clk_IBUF
    BUFGCTRL_X0Y0                                                     r  clk_IBUF_BUFG_inst/I
    BUFGCTRL_X0Y0        BUFG (Prop_bufg_I_O)         0.096     3.521 r  clk_IBUF_BUFG_inst/O
                         net (fo=1820, routed)        1.607     5.128    cpu_inst/data_mem_inst/clk_IBUF_BUFG
    RAMB18_X0Y4          RAMB18E1                                     r  cpu_inst/data_mem_inst/mem_reg/CLKARDCLK
  -------------------------------------------------------------------    -------------------
    RAMB18_X0Y4          RAMB18E1 (Prop_ramb18e1_CLKARDCLK_DOADO[1])
                                                      2.454     7.582 f  cpu_inst/data_mem_inst/mem_reg/DOADO[1]
                         net (fo=6, routed)           0.982     8.564    cpu_inst/data_mem_inst/read_data[1]
    SLICE_X9Y7                                                        f  cpu_inst/data_mem_inst/product0_reg_reg_i_39/I2
    SLICE_X9Y7           LUT5 (Prop_lut5_I2_O)        0.124     8.688 f  cpu_inst/data_mem_inst/product0_reg_reg_i_39/O
                         net (fo=1, routed)           0.640     9.328    cpu_inst/data_mem_inst/product0_reg_reg_i_39_n_0
    SLICE_X9Y7                                                        f  cpu_inst/data_mem_inst/product0_reg_reg_i_26/I2
    SLICE_X9Y7           LUT5 (Prop_lut5_I2_O)        0.124     9.452 r  cpu_inst/data_mem_inst/product0_reg_reg_i_26/O
                         net (fo=3, routed)           1.098    10.549    cpu_inst/dot4acc_pipeline_inst/redirect_pending_target_reg[31]_i_16_2
    SLICE_X8Y11                                                       r  cpu_inst/dot4acc_pipeline_inst/redirect_pending_target[31]_i_24/I2
    SLICE_X8Y11          LUT6 (Prop_lut6_I2_O)        0.124    10.673 r  cpu_inst/dot4acc_pipeline_inst/redirect_pending_target[31]_i_24/O
                         net (fo=1, routed)           0.000    10.673    cpu_inst/dot4acc_pipeline_inst/redirect_pending_target[31]_i_24_n_0
    SLICE_X8Y11                                                       r  cpu_inst/dot4acc_pipeline_inst/redirect_pending_target_reg[31]_i_16/S[0]
    SLICE_X8Y11          CARRY4 (Prop_carry4_S[0]_CO[3])
                                                      0.513    11.186 r  cpu_inst/dot4acc_pipeline_inst/redirect_pending_target_reg[31]_i_16/CO[3]
                         net (fo=1, routed)           0.000    11.186    cpu_inst/dot4acc_pipeline_inst/redirect_pending_target_reg[31]_i_16_n_0
    SLICE_X8Y12                                                       r  cpu_inst/dot4acc_pipeline_inst/redirect_pending_target_reg[31]_i_12/CI
    SLICE_X8Y12          CARRY4 (Prop_carry4_CI_CO[3])
                                                      0.117    11.303 r  cpu_inst/dot4acc_pipeline_inst/redirect_pending_target_reg[31]_i_12/CO[3]
                         net (fo=1, routed)           0.000    11.303    cpu_inst/dot4acc_pipeline_inst/redirect_pending_target_reg[31]_i_12_n_0
    SLICE_X8Y13                                                       r  cpu_inst/dot4acc_pipeline_inst/redirect_pending_target_reg[31]_i_5/CI
    SLICE_X8Y13          CARRY4 (Prop_carry4_CI_CO[2])
                                                      0.229    11.532 r  cpu_inst/dot4acc_pipeline_inst/redirect_pending_target_reg[31]_i_5/CO[2]
                         net (fo=18, routed)          0.515    12.047    cpu_inst/dot4acc_pipeline_inst/ex_branch_taken0
    SLICE_X8Y10                                                       r  cpu_inst/dot4acc_pipeline_inst/led_OBUF[12]_inst_i_6/I3
    SLICE_X8Y10          LUT4 (Prop_lut4_I3_O)        0.310    12.357 r  cpu_inst/dot4acc_pipeline_inst/led_OBUF[12]_inst_i_6/O
                         net (fo=42, routed)          0.365    12.722    cpu_inst/dot4acc_pipeline_inst/led_OBUF[12]_inst_i_6_n_0
    SLICE_X9Y8                                                        r  cpu_inst/dot4acc_pipeline_inst/id_ex_reg[pc][31]_i_11/I0
    SLICE_X9Y8           LUT4 (Prop_lut4_I0_O)        0.124    12.846 f  cpu_inst/dot4acc_pipeline_inst/id_ex_reg[pc][31]_i_11/O
                         net (fo=1, routed)           0.154    13.000    cpu_inst/dot4acc_pipeline_inst/id_ex_reg[pc][31]_i_11_n_0
    SLICE_X9Y8                                                        f  cpu_inst/dot4acc_pipeline_inst/id_ex_reg[pc][31]_i_3/I5
    SLICE_X9Y8           LUT6 (Prop_lut6_I5_O)        0.124    13.124 r  cpu_inst/dot4acc_pipeline_inst/id_ex_reg[pc][31]_i_3/O
                         net (fo=13, routed)          0.626    13.751    cpu_inst/dot4acc_pipeline_inst/id_ex_reg[pc][31]_i_3_n_0
    SLICE_X8Y6                                                        r  cpu_inst/dot4acc_pipeline_inst/id_ex_reg[operand_b][31]_i_4/I2
    SLICE_X8Y6           LUT5 (Prop_lut5_I2_O)        0.124    13.875 r  cpu_inst/dot4acc_pipeline_inst/id_ex_reg[operand_b][31]_i_4/O
                         net (fo=3, routed)           0.517    14.391    cpu_inst/dot4acc_pipeline_inst/id_ex_reg[operand_b][31]_i_4_n_0
    SLICE_X8Y6                                                        r  cpu_inst/dot4acc_pipeline_inst/id_ex_reg[operand_a][31]_i_1/I1
    SLICE_X8Y6           LUT3 (Prop_lut3_I1_O)        0.124    14.515 r  cpu_inst/dot4acc_pipeline_inst/id_ex_reg[operand_a][31]_i_1/O
                         net (fo=32, routed)          0.714    15.230    cpu_inst/dot4acc_pipeline_inst_n_4
    SLICE_X8Y3           FDRE                                         r  cpu_inst/id_ex_reg_reg[operand_a][0]/R
  -------------------------------------------------------------------    -------------------

                         (clock sys_clk_pin rise edge)
                                                     10.700    10.700 r  <hidden>
    W5                                                0.000    10.700 r  clk
                         net (fo=0)                   0.000    10.700    clk
    W5                                                                r  clk_IBUF_inst/I
    W5                   IBUF (Prop_ibuf_I_O)         1.388    12.088 r  clk_IBUF_inst/O
                         net (fo=1, routed)           1.862    13.950    clk_IBUF
    BUFGCTRL_X0Y0                                                     r  clk_IBUF_BUFG_inst/I
    BUFGCTRL_X0Y0        BUFG (Prop_bufg_I_O)         0.091    14.041 r  clk_IBUF_BUFG_inst/O
                         net (fo=1820, routed)        1.450    15.491    cpu_inst/clk_IBUF_BUFG
    SLICE_X8Y3           FDRE                                         r  cpu_inst/id_ex_reg_reg[operand_a][0]/C
                         clock pessimism              0.274    15.765    <hidden>
                         clock uncertainty           -0.035    15.730    <hidden>
    SLICE_X8Y3           FDRE (Setup_fdre_C_R)       -0.524    15.206    cpu_inst/id_ex_reg_reg[operand_a][0]
  -------------------------------------------------------------------
                         required time                         15.206    <hidden>
                         arrival time                         -15.230    <hidden>
  -------------------------------------------------------------------
                         slack                                 -0.024    <hidden>

Slack (VIOLATED) :        -0.024ns  (required time - arrival time)
  Source:                 cpu_inst/data_mem_inst/mem_reg/CLKARDCLK
                            (rising edge-triggered cell RAMB18E1 clocked by sys_clk_pin  {rise@0.000ns fall@5.350ns period=10.700ns})
  Destination:            cpu_inst/id_ex_reg_reg[operand_a][20]/R
                            (rising edge-triggered cell FDRE clocked by sys_clk_pin  {rise@0.000ns fall@5.350ns period=10.700ns})
  Path Group:             sys_clk_pin
  Path Type:              Setup (Max at Slow Process Corner)
  Requirement:            10.700ns  (sys_clk_pin rise@10.700ns - sys_clk_pin rise@0.000ns)
  Data Path Delay:        10.102ns  (logic 4.491ns (44.457%)  route 5.611ns (55.543%))
  Logic Levels:           11  (CARRY4=3 LUT3=1 LUT4=2 LUT5=3 LUT6=2)
  Clock Path Skew:        -0.062ns (DCD - SCD + CPR)
    Destination Clock Delay (DCD):    4.791ns = ( 15.491 - 10.700 ) 
    Source Clock Delay      (SCD):    5.128ns
    Clock Pessimism Removal (CPR):    0.274ns
  Clock Uncertainty:      0.035ns  ((TSJ^2 + TIJ^2)^1/2 + DJ) / 2 + PE
    Total System Jitter     (TSJ):    0.071ns
    Total Input Jitter      (TIJ):    0.000ns
    Discrete Jitter          (DJ):    0.000ns
    Phase Error              (PE):    0.000ns

    Location             Delay type                Incr(ns)  Path(ns)    Netlist Resource(s)
  -------------------------------------------------------------------    -------------------
                         (clock sys_clk_pin rise edge)
                                                      0.000     0.000 r  <hidden>
    W5                                                0.000     0.000 r  clk
                         net (fo=0)                   0.000     0.000    clk
    W5                                                                r  clk_IBUF_inst/I
    W5                   IBUF (Prop_ibuf_I_O)         1.458     1.458 r  clk_IBUF_inst/O
                         net (fo=1, routed)           1.967     3.425    clk_IBUF
    BUFGCTRL_X0Y0                                                     r  clk_IBUF_BUFG_inst/I
    BUFGCTRL_X0Y0        BUFG (Prop_bufg_I_O)         0.096     3.521 r  clk_IBUF_BUFG_inst/O
                         net (fo=1820, routed)        1.607     5.128    cpu_inst/data_mem_inst/clk_IBUF_BUFG
    RAMB18_X0Y4          RAMB18E1                                     r  cpu_inst/data_mem_inst/mem_reg/CLKARDCLK
  -------------------------------------------------------------------    -------------------
    RAMB18_X0Y4          RAMB18E1 (Prop_ramb18e1_CLKARDCLK_DOADO[1])
                                                      2.454     7.582 f  cpu_inst/data_mem_inst/mem_reg/DOADO[1]
                         net (fo=6, routed)           0.982     8.564    cpu_inst/data_mem_inst/read_data[1]
    SLICE_X9Y7                                                        f  cpu_inst/data_mem_inst/product0_reg_reg_i_39/I2
    SLICE_X9Y7           LUT5 (Prop_lut5_I2_O)        0.124     8.688 f  cpu_inst/data_mem_inst/product0_reg_reg_i_39/O
                         net (fo=1, routed)           0.640     9.328    cpu_inst/data_mem_inst/product0_reg_reg_i_39_n_0
    SLICE_X9Y7                                                        f  cpu_inst/data_mem_inst/product0_reg_reg_i_26/I2
    SLICE_X9Y7           LUT5 (Prop_lut5_I2_O)        0.124     9.452 r  cpu_inst/data_mem_inst/product0_reg_reg_i_26/O
                         net (fo=3, routed)           1.098    10.549    cpu_inst/dot4acc_pipeline_inst/redirect_pending_target_reg[31]_i_16_2
    SLICE_X8Y11                                                       r  cpu_inst/dot4acc_pipeline_inst/redirect_pending_target[31]_i_24/I2
    SLICE_X8Y11          LUT6 (Prop_lut6_I2_O)        0.124    10.673 r  cpu_inst/dot4acc_pipeline_inst/redirect_pending_target[31]_i_24/O
                         net (fo=1, routed)           0.000    10.673    cpu_inst/dot4acc_pipeline_inst/redirect_pending_target[31]_i_24_n_0
    SLICE_X8Y11                                                       r  cpu_inst/dot4acc_pipeline_inst/redirect_pending_target_reg[31]_i_16/S[0]
    SLICE_X8Y11          CARRY4 (Prop_carry4_S[0]_CO[3])
                                                      0.513    11.186 r  cpu_inst/dot4acc_pipeline_inst/redirect_pending_target_reg[31]_i_16/CO[3]
                         net (fo=1, routed)           0.000    11.186    cpu_inst/dot4acc_pipeline_inst/redirect_pending_target_reg[31]_i_16_n_0
    SLICE_X8Y12                                                       r  cpu_inst/dot4acc_pipeline_inst/redirect_pending_target_reg[31]_i_12/CI
    SLICE_X8Y12          CARRY4 (Prop_carry4_CI_CO[3])
                                                      0.117    11.303 r  cpu_inst/dot4acc_pipeline_inst/redirect_pending_target_reg[31]_i_12/CO[3]
                         net (fo=1, routed)           0.000    11.303    cpu_inst/dot4acc_pipeline_inst/redirect_pending_target_reg[31]_i_12_n_0
    SLICE_X8Y13                                                       r  cpu_inst/dot4acc_pipeline_inst/redirect_pending_target_reg[31]_i_5/CI
    SLICE_X8Y13          CARRY4 (Prop_carry4_CI_CO[2])
                                                      0.229    11.532 r  cpu_inst/dot4acc_pipeline_inst/redirect_pending_target_reg[31]_i_5/CO[2]
                         net (fo=18, routed)          0.515    12.047    cpu_inst/dot4acc_pipeline_inst/ex_branch_taken0
    SLICE_X8Y10                                                       r  cpu_inst/dot4acc_pipeline_inst/led_OBUF[12]_inst_i_6/I3
    SLICE_X8Y10          LUT4 (Prop_lut4_I3_O)        0.310    12.357 r  cpu_inst/dot4acc_pipeline_inst/led_OBUF[12]_inst_i_6/O
                         net (fo=42, routed)          0.365    12.722    cpu_inst/dot4acc_pipeline_inst/led_OBUF[12]_inst_i_6_n_0
    SLICE_X9Y8                                                        r  cpu_inst/dot4acc_pipeline_inst/id_ex_reg[pc][31]_i_11/I0
    SLICE_X9Y8           LUT4 (Prop_lut4_I0_O)        0.124    12.846 f  cpu_inst/dot4acc_pipeline_inst/id_ex_reg[pc][31]_i_11/O
                         net (fo=1, routed)           0.154    13.000    cpu_inst/dot4acc_pipeline_inst/id_ex_reg[pc][31]_i_11_n_0
    SLICE_X9Y8                                                        f  cpu_inst/dot4acc_pipeline_inst/id_ex_reg[pc][31]_i_3/I5
    SLICE_X9Y8           LUT6 (Prop_lut6_I5_O)        0.124    13.124 r  cpu_inst/dot4acc_pipeline_inst/id_ex_reg[pc][31]_i_3/O
                         net (fo=13, routed)          0.626    13.751    cpu_inst/dot4acc_pipeline_inst/id_ex_reg[pc][31]_i_3_n_0
    SLICE_X8Y6                                                        r  cpu_inst/dot4acc_pipeline_inst/id_ex_reg[operand_b][31]_i_4/I2
    SLICE_X8Y6           LUT5 (Prop_lut5_I2_O)        0.124    13.875 r  cpu_inst/dot4acc_pipeline_inst/id_ex_reg[operand_b][31]_i_4/O
                         net (fo=3, routed)           0.517    14.391    cpu_inst/dot4acc_pipeline_inst/id_ex_reg[operand_b][31]_i_4_n_0
    SLICE_X8Y6                                                        r  cpu_inst/dot4acc_pipeline_inst/id_ex_reg[operand_a][31]_i_1/I1
    SLICE_X8Y6           LUT3 (Prop_lut3_I1_O)        0.124    14.515 r  cpu_inst/dot4acc_pipeline_inst/id_ex_reg[operand_a][31]_i_1/O
                         net (fo=32, routed)          0.714    15.230    cpu_inst/dot4acc_pipeline_inst_n_4
    SLICE_X8Y3           FDRE                                         r  cpu_inst/id_ex_reg_reg[operand_a][20]/R
  -------------------------------------------------------------------    -------------------

                         (clock sys_clk_pin rise edge)
                                                     10.700    10.700 r  <hidden>
    W5                                                0.000    10.700 r  clk
                         net (fo=0)                   0.000    10.700    clk
    W5                                                                r  clk_IBUF_inst/I
    W5                   IBUF (Prop_ibuf_I_O)         1.388    12.088 r  clk_IBUF_inst/O
                         net (fo=1, routed)           1.862    13.950    clk_IBUF
    BUFGCTRL_X0Y0                                                     r  clk_IBUF_BUFG_inst/I
    BUFGCTRL_X0Y0        BUFG (Prop_bufg_I_O)         0.091    14.041 r  clk_IBUF_BUFG_inst/O
                         net (fo=1820, routed)        1.450    15.491    cpu_inst/clk_IBUF_BUFG
    SLICE_X8Y3           FDRE                                         r  cpu_inst/id_ex_reg_reg[operand_a][20]/C
                         clock pessimism              0.274    15.765    <hidden>
                         clock uncertainty           -0.035    15.730    <hidden>
    SLICE_X8Y3           FDRE (Setup_fdre_C_R)       -0.524    15.206    cpu_inst/id_ex_reg_reg[operand_a][20]
  -------------------------------------------------------------------
                         required time                         15.206    <hidden>
                         arrival time                         -15.230    <hidden>
  -------------------------------------------------------------------
                         slack                                 -0.024    <hidden>




