Copyright 1986-2022 Xilinx, Inc. All Rights Reserved. Copyright 2022-2026 Advanced Micro Devices, Inc. All Rights Reserved.
---------------------------------------------------------------------------------------------------------------------------------------------------------------------------------------------------------------------------------------
| Tool Version : Vivado v.2026.1 (win64) Build 6511674 Tue Jun 16 11:02:23 MDT 2026
| Date         : Mon Oct  5 19:50:52 2026
| Host         : DESKTOP-4GB7DVJ running 64-bit major release  (build 9200)
| Command      : report_timing -delay_type max -path_type full_clock_expanded -input_pins -max_paths 25 -nworst 1 -file C:/FPGA/kan55-baseline-impl/reports/kan55_baseline_fpga_implementation/timing/post_route_worst_setup_paths.rpt
| Design       : fpga_top_pipeline_dot4acc_memopt_h13b_timingopt_t2
| Device       : 7a35t-cpg236
| Speed File   : -1  PRODUCTION 1.23 2018-06-13
| Design State : Routed
---------------------------------------------------------------------------------------------------------------------------------------------------------------------------------------------------------------------------------------

Timing Report

Slack (MET) :             0.230ns  (required time - arrival time)
  Source:                 cpu_inst/data_mem_inst/mem_reg/CLKARDCLK
                            (rising edge-triggered cell RAMB18E1 clocked by sys_clk_pin  {rise@0.000ns fall@5.376ns period=10.753ns})
  Destination:            cpu_inst/id_ex_reg_reg[operand_b][16]/R
                            (rising edge-triggered cell FDRE clocked by sys_clk_pin  {rise@0.000ns fall@5.376ns period=10.753ns})
  Path Group:             sys_clk_pin
  Path Type:              Setup (Max at Slow Process Corner)
  Requirement:            10.753ns  (sys_clk_pin rise@10.753ns - sys_clk_pin rise@0.000ns)
  Data Path Delay:        9.878ns  (logic 4.651ns (47.085%)  route 5.227ns (52.915%))
  Logic Levels:           12  (CARRY4=3 LUT3=3 LUT4=2 LUT5=2 LUT6=2)
  Clock Path Skew:        -0.085ns (DCD - SCD + CPR)
    Destination Clock Delay (DCD):    4.786ns = ( 15.539 - 10.753 ) 
    Source Clock Delay      (SCD):    5.132ns
    Clock Pessimism Removal (CPR):    0.260ns
  Clock Uncertainty:      0.035ns  ((TSJ^2 + TIJ^2)^1/2 + DJ) / 2 + PE
    Total System Jitter     (TSJ):    0.071ns
    Total Input Jitter      (TIJ):    0.000ns
    Discrete Jitter          (DJ):    0.000ns
    Phase Error              (PE):    0.000ns

    Location             Delay type                Incr(ns)  Path(ns)    Netlist Resource(s)
  -------------------------------------------------------------------    -------------------
                         (clock sys_clk_pin rise edge)
                                                      0.000     0.000 r  <hidden>
    W5                                                0.000     0.000 r  clk
                         net (fo=0)                   0.000     0.000    clk
    W5                                                                r  clk_IBUF_inst/I
    W5                   IBUF (Prop_ibuf_I_O)         1.458     1.458 r  clk_IBUF_inst/O
                         net (fo=1, routed)           1.967     3.425    clk_IBUF
    BUFGCTRL_X0Y0                                                     r  clk_IBUF_BUFG_inst/I
    BUFGCTRL_X0Y0        BUFG (Prop_bufg_I_O)         0.096     3.521 r  clk_IBUF_BUFG_inst/O
                         net (fo=1820, routed)        1.611     5.132    cpu_inst/data_mem_inst/clk_IBUF_BUFG
    RAMB18_X0Y2          RAMB18E1                                     r  cpu_inst/data_mem_inst/mem_reg/CLKARDCLK
  -------------------------------------------------------------------    -------------------
    RAMB18_X0Y2          RAMB18E1 (Prop_ramb18e1_CLKARDCLK_DOADO[5])
                                                      2.454     7.586 r  cpu_inst/data_mem_inst/mem_reg/DOADO[5]
                         net (fo=3, routed)           0.654     8.240    cpu_inst/data_mem_inst/read_data[5]
    SLICE_X9Y5                                                        r  cpu_inst/data_mem_inst/deferred_load_data[5]_i_1/I0
    SLICE_X9Y5           LUT3 (Prop_lut3_I0_O)        0.124     8.364 r  cpu_inst/data_mem_inst/deferred_load_data[5]_i_1/O
                         net (fo=7, routed)           0.631     8.995    cpu_inst/data_mem_inst/data2[5]
    SLICE_X10Y5                                                       r  cpu_inst/data_mem_inst/ex_alu_result0_i_3/I4
    SLICE_X10Y5          LUT5 (Prop_lut5_I4_O)        0.124     9.119 r  cpu_inst/data_mem_inst/ex_alu_result0_i_3/O
                         net (fo=3, routed)           0.335     9.454    cpu_inst/dot4acc_pipeline_inst/A[5]
    SLICE_X10Y6                                                       r  cpu_inst/dot4acc_pipeline_inst/redirect_pending_target[31]_i_34/I2
    SLICE_X10Y6          LUT3 (Prop_lut3_I2_O)        0.124     9.578 r  cpu_inst/dot4acc_pipeline_inst/redirect_pending_target[31]_i_34/O
                         net (fo=1, routed)           0.788    10.366    cpu_inst/dot4acc_pipeline_inst/redirect_pending_target[31]_i_34_n_0
    SLICE_X9Y8                                                        r  cpu_inst/dot4acc_pipeline_inst/redirect_pending_target[31]_i_23/I3
    SLICE_X9Y8           LUT6 (Prop_lut6_I3_O)        0.124    10.490 r  cpu_inst/dot4acc_pipeline_inst/redirect_pending_target[31]_i_23/O
                         net (fo=1, routed)           0.000    10.490    cpu_inst/dot4acc_pipeline_inst/redirect_pending_target[31]_i_23_n_0
    SLICE_X9Y8                                                        r  cpu_inst/dot4acc_pipeline_inst/redirect_pending_target_reg[31]_i_16/S[1]
    SLICE_X9Y8           CARRY4 (Prop_carry4_S[1]_CO[3])
                                                      0.550    11.040 r  cpu_inst/dot4acc_pipeline_inst/redirect_pending_target_reg[31]_i_16/CO[3]
                         net (fo=1, routed)           0.000    11.040    cpu_inst/dot4acc_pipeline_inst/redirect_pending_target_reg[31]_i_16_n_0
    SLICE_X9Y9                                                        r  cpu_inst/dot4acc_pipeline_inst/redirect_pending_target_reg[31]_i_12/CI
    SLICE_X9Y9           CARRY4 (Prop_carry4_CI_CO[3])
                                                      0.114    11.154 r  cpu_inst/dot4acc_pipeline_inst/redirect_pending_target_reg[31]_i_12/CO[3]
                         net (fo=1, routed)           0.000    11.154    cpu_inst/dot4acc_pipeline_inst/redirect_pending_target_reg[31]_i_12_n_0
    SLICE_X9Y10                                                       r  cpu_inst/dot4acc_pipeline_inst/redirect_pending_target_reg[31]_i_5/CI
    SLICE_X9Y10          CARRY4 (Prop_carry4_CI_CO[2])
                                                      0.228    11.382 r  cpu_inst/dot4acc_pipeline_inst/redirect_pending_target_reg[31]_i_5/CO[2]
                         net (fo=18, routed)          0.472    11.854    cpu_inst/dot4acc_pipeline_inst/ex_branch_taken0
    SLICE_X7Y10                                                       r  cpu_inst/dot4acc_pipeline_inst/led_OBUF[12]_inst_i_6/I3
    SLICE_X7Y10          LUT4 (Prop_lut4_I3_O)        0.313    12.167 r  cpu_inst/dot4acc_pipeline_inst/led_OBUF[12]_inst_i_6/O
                         net (fo=42, routed)          0.441    12.609    cpu_inst/dot4acc_pipeline_inst/led_OBUF[12]_inst_i_6_n_0
    SLICE_X5Y10                                                       r  cpu_inst/dot4acc_pipeline_inst/id_ex_reg[pc][31]_i_11/I0
    SLICE_X5Y10          LUT4 (Prop_lut4_I0_O)        0.124    12.733 f  cpu_inst/dot4acc_pipeline_inst/id_ex_reg[pc][31]_i_11/O
                         net (fo=1, routed)           0.154    12.887    cpu_inst/dot4acc_pipeline_inst/id_ex_reg[pc][31]_i_11_n_0
    SLICE_X5Y10                                                       f  cpu_inst/dot4acc_pipeline_inst/id_ex_reg[pc][31]_i_3/I5
    SLICE_X5Y10          LUT6 (Prop_lut6_I5_O)        0.124    13.011 r  cpu_inst/dot4acc_pipeline_inst/id_ex_reg[pc][31]_i_3/O
                         net (fo=13, routed)          0.356    13.367    cpu_inst/dot4acc_pipeline_inst/id_ex_reg[pc][31]_i_3_n_0
    SLICE_X7Y10                                                       r  cpu_inst/dot4acc_pipeline_inst/id_ex_reg[operand_b][31]_i_4/I2
    SLICE_X7Y10          LUT5 (Prop_lut5_I2_O)        0.124    13.491 r  cpu_inst/dot4acc_pipeline_inst/id_ex_reg[operand_b][31]_i_4/O
                         net (fo=3, routed)           0.427    13.918    cpu_inst/dot4acc_pipeline_inst/id_ex_reg[operand_b][31]_i_4_n_0
    SLICE_X7Y12                                                       r  cpu_inst/dot4acc_pipeline_inst/id_ex_reg[operand_b][31]_i_1/I1
    SLICE_X7Y12          LUT3 (Prop_lut3_I1_O)        0.124    14.042 r  cpu_inst/dot4acc_pipeline_inst/id_ex_reg[operand_b][31]_i_1/O
                         net (fo=32, routed)          0.968    15.010    cpu_inst/dot4acc_pipeline_inst_n_1
    SLICE_X10Y15         FDRE                                         r  cpu_inst/id_ex_reg_reg[operand_b][16]/R
  -------------------------------------------------------------------    -------------------

                         (clock sys_clk_pin rise edge)
                                                     10.753    10.753 r  <hidden>
    W5                                                0.000    10.753 r  clk
                         net (fo=0)                   0.000    10.753    clk
    W5                                                                r  clk_IBUF_inst/I
    W5                   IBUF (Prop_ibuf_I_O)         1.388    12.141 r  clk_IBUF_inst/O
                         net (fo=1, routed)           1.862    14.003    clk_IBUF
    BUFGCTRL_X0Y0                                                     r  clk_IBUF_BUFG_inst/I
    BUFGCTRL_X0Y0        BUFG (Prop_bufg_I_O)         0.091    14.094 r  clk_IBUF_BUFG_inst/O
                         net (fo=1820, routed)        1.445    15.539    cpu_inst/clk_IBUF_BUFG
    SLICE_X10Y15         FDRE                                         r  cpu_inst/id_ex_reg_reg[operand_b][16]/C
                         clock pessimism              0.260    15.799    <hidden>
                         clock uncertainty           -0.035    15.764    <hidden>
    SLICE_X10Y15         FDRE (Setup_fdre_C_R)       -0.524    15.240    cpu_inst/id_ex_reg_reg[operand_b][16]
  -------------------------------------------------------------------
                         required time                         15.240    <hidden>
                         arrival time                         -15.010    <hidden>
  -------------------------------------------------------------------
                         slack                                  0.230    <hidden>

Slack (MET) :             0.264ns  (required time - arrival time)
  Source:                 cpu_inst/id_ex_reg_reg[rs1][4]/C
                            (rising edge-triggered cell FDRE clocked by sys_clk_pin  {rise@0.000ns fall@5.376ns period=10.753ns})
  Destination:            cpu_inst/instr_mem_inst/instruction_reg/ADDRBWRADDR[5]
                            (rising edge-triggered cell RAMB18E1 clocked by sys_clk_pin  {rise@0.000ns fall@5.376ns period=10.753ns})
  Path Group:             sys_clk_pin
  Path Type:              Setup (Max at Slow Process Corner)
  Requirement:            10.753ns  (sys_clk_pin rise@10.753ns - sys_clk_pin rise@0.000ns)
  Data Path Delay:        9.823ns  (logic 2.839ns (28.902%)  route 6.984ns (71.098%))
  Logic Levels:           12  (CARRY4=2 LUT4=2 LUT5=5 LUT6=3)
  Clock Path Skew:        -0.065ns (DCD - SCD + CPR)
    Destination Clock Delay (DCD):    4.834ns = ( 15.587 - 10.753 ) 
    Source Clock Delay      (SCD):    5.158ns
    Clock Pessimism Removal (CPR):    0.260ns
  Clock Uncertainty:      0.035ns  ((TSJ^2 + TIJ^2)^1/2 + DJ) / 2 + PE
    Total System Jitter     (TSJ):    0.071ns
    Total Input Jitter      (TIJ):    0.000ns
    Discrete Jitter          (DJ):    0.000ns
    Phase Error              (PE):    0.000ns

    Location             Delay type                Incr(ns)  Path(ns)    Netlist Resource(s)
  -------------------------------------------------------------------    -------------------
                         (clock sys_clk_pin rise edge)
                                                      0.000     0.000 r  <hidden>
    W5                                                0.000     0.000 r  clk
                         net (fo=0)                   0.000     0.000    clk
    W5                                                                r  clk_IBUF_inst/I
    W5                   IBUF (Prop_ibuf_I_O)         1.458     1.458 r  clk_IBUF_inst/O
                         net (fo=1, routed)           1.967     3.425    clk_IBUF
    BUFGCTRL_X0Y0                                                     r  clk_IBUF_BUFG_inst/I
    BUFGCTRL_X0Y0        BUFG (Prop_bufg_I_O)         0.096     3.521 r  clk_IBUF_BUFG_inst/O
                         net (fo=1820, routed)        1.637     5.158    cpu_inst/clk_IBUF_BUFG
    SLICE_X2Y8           FDRE                                         r  cpu_inst/id_ex_reg_reg[rs1][4]/C
  -------------------------------------------------------------------    -------------------
    SLICE_X2Y8           FDRE (Prop_fdre_C_Q)         0.478     5.636 r  cpu_inst/id_ex_reg_reg[rs1][4]/Q
                         net (fo=11, routed)          1.054     6.690    cpu_inst/instr_mem_inst/id_ex_reg_reg[rs1][4]
    SLICE_X2Y6                                                        r  cpu_inst/instr_mem_inst/ex_alu_result0_i_79/I1
    SLICE_X2Y6           LUT6 (Prop_lut6_I1_O)        0.296     6.986 r  cpu_inst/instr_mem_inst/ex_alu_result0_i_79/O
                         net (fo=1, routed)           0.493     7.480    cpu_inst/instr_mem_inst/ex_alu_result0_i_79_n_0
    SLICE_X3Y6                                                        r  cpu_inst/instr_mem_inst/ex_alu_result0_i_42/I3
    SLICE_X3Y6           LUT5 (Prop_lut5_I3_O)        0.124     7.604 r  cpu_inst/instr_mem_inst/ex_alu_result0_i_42/O
                         net (fo=33, routed)          0.999     8.603    cpu_inst/data_mem_inst/ex_alu_result0_10
    SLICE_X10Y8                                                       r  cpu_inst/data_mem_inst/pair0_reg_reg_i_50/I1
    SLICE_X10Y8          LUT5 (Prop_lut5_I1_O)        0.124     8.727 r  cpu_inst/data_mem_inst/pair0_reg_reg_i_50/O
                         net (fo=1, routed)           0.641     9.368    cpu_inst/data_mem_inst/pair0_reg_reg_i_50_n_0
    SLICE_X10Y8                                                       r  cpu_inst/data_mem_inst/pair0_reg_reg_i_30/I2
    SLICE_X10Y8          LUT5 (Prop_lut5_I2_O)        0.124     9.492 r  cpu_inst/data_mem_inst/pair0_reg_reg_i_30/O
                         net (fo=4, routed)           0.999    10.491    cpu_inst/dot4acc_pipeline_inst/redirect_pending_target_reg[31]_i_12_2
    SLICE_X9Y9                                                        r  cpu_inst/dot4acc_pipeline_inst/redirect_pending_target[31]_i_20/I3
    SLICE_X9Y9           LUT6 (Prop_lut6_I3_O)        0.124    10.615 r  cpu_inst/dot4acc_pipeline_inst/redirect_pending_target[31]_i_20/O
                         net (fo=1, routed)           0.000    10.615    cpu_inst/dot4acc_pipeline_inst/redirect_pending_target[31]_i_20_n_0
    SLICE_X9Y9                                                        r  cpu_inst/dot4acc_pipeline_inst/redirect_pending_target_reg[31]_i_12/S[0]
    SLICE_X9Y9           CARRY4 (Prop_carry4_S[0]_CO[3])
                                                      0.532    11.147 r  cpu_inst/dot4acc_pipeline_inst/redirect_pending_target_reg[31]_i_12/CO[3]
                         net (fo=1, routed)           0.000    11.147    cpu_inst/dot4acc_pipeline_inst/redirect_pending_target_reg[31]_i_12_n_0
    SLICE_X9Y10                                                       r  cpu_inst/dot4acc_pipeline_inst/redirect_pending_target_reg[31]_i_5/CI
    SLICE_X9Y10          CARRY4 (Prop_carry4_CI_CO[2])
                                                      0.228    11.375 f  cpu_inst/dot4acc_pipeline_inst/redirect_pending_target_reg[31]_i_5/CO[2]
                         net (fo=18, routed)          0.472    11.847    cpu_inst/dot4acc_pipeline_inst/ex_branch_taken0
    SLICE_X7Y10                                                       f  cpu_inst/dot4acc_pipeline_inst/led_OBUF[12]_inst_i_6/I3
    SLICE_X7Y10          LUT4 (Prop_lut4_I3_O)        0.313    12.160 f  cpu_inst/dot4acc_pipeline_inst/led_OBUF[12]_inst_i_6/O
                         net (fo=42, routed)          0.441    12.601    cpu_inst/dot4acc_pipeline_inst/led_OBUF[12]_inst_i_6_n_0
    SLICE_X5Y10                                                       f  cpu_inst/dot4acc_pipeline_inst/id_ex_reg[pc][31]_i_11/I0
    SLICE_X5Y10          LUT4 (Prop_lut4_I0_O)        0.124    12.725 r  cpu_inst/dot4acc_pipeline_inst/id_ex_reg[pc][31]_i_11/O
                         net (fo=1, routed)           0.154    12.880    cpu_inst/dot4acc_pipeline_inst/id_ex_reg[pc][31]_i_11_n_0
    SLICE_X5Y10                                                       r  cpu_inst/dot4acc_pipeline_inst/id_ex_reg[pc][31]_i_3/I5
    SLICE_X5Y10          LUT6 (Prop_lut6_I5_O)        0.124    13.004 f  cpu_inst/dot4acc_pipeline_inst/id_ex_reg[pc][31]_i_3/O
                         net (fo=13, routed)          0.409    13.413    cpu_inst/dot4acc_pipeline_inst/id_ex_reg[pc][31]_i_3_n_0
    SLICE_X5Y9                                                        f  cpu_inst/dot4acc_pipeline_inst/instruction_reg_i_11/I4
    SLICE_X5Y9           LUT5 (Prop_lut5_I4_O)        0.124    13.537 r  cpu_inst/dot4acc_pipeline_inst/instruction_reg_i_11/O
                         net (fo=9, routed)           0.720    14.257    cpu_inst/dot4acc_pipeline_inst/instruction_reg_i_11_n_0
    SLICE_X8Y10                                                       r  cpu_inst/dot4acc_pipeline_inst/instruction_reg_i_8/I3
    SLICE_X8Y10          LUT5 (Prop_lut5_I3_O)        0.124    14.381 r  cpu_inst/dot4acc_pipeline_inst/instruction_reg_i_8/O
                         net (fo=2, routed)           0.601    14.981    cpu_inst/instr_mem_inst/ADDRARDADDR[1]
    RAMB18_X0Y3          RAMB18E1                                     r  cpu_inst/instr_mem_inst/instruction_reg/ADDRBWRADDR[5]
  -------------------------------------------------------------------    -------------------

                         (clock sys_clk_pin rise edge)
                                                     10.753    10.753 r  <hidden>
    W5                                                0.000    10.753 r  clk
                         net (fo=0)                   0.000    10.753    clk
    W5                                                                r  clk_IBUF_inst/I
    W5                   IBUF (Prop_ibuf_I_O)         1.388    12.141 r  clk_IBUF_inst/O
                         net (fo=1, routed)           1.862    14.003    clk_IBUF
    BUFGCTRL_X0Y0                                                     r  clk_IBUF_BUFG_inst/I
    BUFGCTRL_X0Y0        BUFG (Prop_bufg_I_O)         0.091    14.094 r  clk_IBUF_BUFG_inst/O
                         net (fo=1820, routed)        1.493    15.587    cpu_inst/instr_mem_inst/clk_IBUF_BUFG
    RAMB18_X0Y3          RAMB18E1                                     r  cpu_inst/instr_mem_inst/instruction_reg/CLKBWRCLK
                         clock pessimism              0.260    15.847    <hidden>
                         clock uncertainty           -0.035    15.811    <hidden>
    RAMB18_X0Y3          RAMB18E1 (Setup_ramb18e1_CLKBWRCLK_ADDRBWRADDR[5])
                                                     -0.566    15.245    cpu_inst/instr_mem_inst/instruction_reg
  -------------------------------------------------------------------
                         required time                         15.245    <hidden>
                         arrival time                         -14.981    <hidden>
  -------------------------------------------------------------------
                         slack                                  0.264    <hidden>

Slack (MET) :             0.265ns  (required time - arrival time)
  Source:                 cpu_inst/data_mem_inst/mem_reg/CLKARDCLK
                            (rising edge-triggered cell RAMB18E1 clocked by sys_clk_pin  {rise@0.000ns fall@5.376ns period=10.753ns})
  Destination:            cpu_inst/id_ex_reg_reg[accumulator][22]/R
                            (rising edge-triggered cell FDRE clocked by sys_clk_pin  {rise@0.000ns fall@5.376ns period=10.753ns})
  Path Group:             sys_clk_pin
  Path Type:              Setup (Max at Slow Process Corner)
  Requirement:            10.753ns  (sys_clk_pin rise@10.753ns - sys_clk_pin rise@0.000ns)
  Data Path Delay:        9.844ns  (logic 4.651ns (47.248%)  route 5.193ns (52.752%))
  Logic Levels:           12  (CARRY4=3 LUT3=3 LUT4=2 LUT5=2 LUT6=2)
  Clock Path Skew:        -0.084ns (DCD - SCD + CPR)
    Destination Clock Delay (DCD):    4.787ns = ( 15.540 - 10.753 ) 
    Source Clock Delay      (SCD):    5.132ns
    Clock Pessimism Removal (CPR):    0.260ns
  Clock Uncertainty:      0.035ns  ((TSJ^2 + TIJ^2)^1/2 + DJ) / 2 + PE
    Total System Jitter     (TSJ):    0.071ns
    Total Input Jitter      (TIJ):    0.000ns
    Discrete Jitter          (DJ):    0.000ns
    Phase Error              (PE):    0.000ns

    Location             Delay type                Incr(ns)  Path(ns)    Netlist Resource(s)
  -------------------------------------------------------------------    -------------------
                         (clock sys_clk_pin rise edge)
                                                      0.000     0.000 r  <hidden>
    W5                                                0.000     0.000 r  clk
                         net (fo=0)                   0.000     0.000    clk
    W5                                                                r  clk_IBUF_inst/I
    W5                   IBUF (Prop_ibuf_I_O)         1.458     1.458 r  clk_IBUF_inst/O
                         net (fo=1, routed)           1.967     3.425    clk_IBUF
    BUFGCTRL_X0Y0                                                     r  clk_IBUF_BUFG_inst/I
    BUFGCTRL_X0Y0        BUFG (Prop_bufg_I_O)         0.096     3.521 r  clk_IBUF_BUFG_inst/O
                         net (fo=1820, routed)        1.611     5.132    cpu_inst/data_mem_inst/clk_IBUF_BUFG
    RAMB18_X0Y2          RAMB18E1                                     r  cpu_inst/data_mem_inst/mem_reg/CLKARDCLK
  -------------------------------------------------------------------    -------------------
    RAMB18_X0Y2          RAMB18E1 (Prop_ramb18e1_CLKARDCLK_DOADO[5])
                                                      2.454     7.586 r  cpu_inst/data_mem_inst/mem_reg/DOADO[5]
                         net (fo=3, routed)           0.654     8.240    cpu_inst/data_mem_inst/read_data[5]
    SLICE_X9Y5                                                        r  cpu_inst/data_mem_inst/deferred_load_data[5]_i_1/I0
    SLICE_X9Y5           LUT3 (Prop_lut3_I0_O)        0.124     8.364 r  cpu_inst/data_mem_inst/deferred_load_data[5]_i_1/O
                         net (fo=7, routed)           0.631     8.995    cpu_inst/data_mem_inst/data2[5]
    SLICE_X10Y5                                                       r  cpu_inst/data_mem_inst/ex_alu_result0_i_3/I4
    SLICE_X10Y5          LUT5 (Prop_lut5_I4_O)        0.124     9.119 r  cpu_inst/data_mem_inst/ex_alu_result0_i_3/O
                         net (fo=3, routed)           0.335     9.454    cpu_inst/dot4acc_pipeline_inst/A[5]
    SLICE_X10Y6                                                       r  cpu_inst/dot4acc_pipeline_inst/redirect_pending_target[31]_i_34/I2
    SLICE_X10Y6          LUT3 (Prop_lut3_I2_O)        0.124     9.578 r  cpu_inst/dot4acc_pipeline_inst/redirect_pending_target[31]_i_34/O
                         net (fo=1, routed)           0.788    10.366    cpu_inst/dot4acc_pipeline_inst/redirect_pending_target[31]_i_34_n_0
    SLICE_X9Y8                                                        r  cpu_inst/dot4acc_pipeline_inst/redirect_pending_target[31]_i_23/I3
    SLICE_X9Y8           LUT6 (Prop_lut6_I3_O)        0.124    10.490 r  cpu_inst/dot4acc_pipeline_inst/redirect_pending_target[31]_i_23/O
                         net (fo=1, routed)           0.000    10.490    cpu_inst/dot4acc_pipeline_inst/redirect_pending_target[31]_i_23_n_0
    SLICE_X9Y8                                                        r  cpu_inst/dot4acc_pipeline_inst/redirect_pending_target_reg[31]_i_16/S[1]
    SLICE_X9Y8           CARRY4 (Prop_carry4_S[1]_CO[3])
                                                      0.550    11.040 r  cpu_inst/dot4acc_pipeline_inst/redirect_pending_target_reg[31]_i_16/CO[3]
                         net (fo=1, routed)           0.000    11.040    cpu_inst/dot4acc_pipeline_inst/redirect_pending_target_reg[31]_i_16_n_0
    SLICE_X9Y9                                                        r  cpu_inst/dot4acc_pipeline_inst/redirect_pending_target_reg[31]_i_12/CI
    SLICE_X9Y9           CARRY4 (Prop_carry4_CI_CO[3])
                                                      0.114    11.154 r  cpu_inst/dot4acc_pipeline_inst/redirect_pending_target_reg[31]_i_12/CO[3]
                         net (fo=1, routed)           0.000    11.154    cpu_inst/dot4acc_pipeline_inst/redirect_pending_target_reg[31]_i_12_n_0
    SLICE_X9Y10                                                       r  cpu_inst/dot4acc_pipeline_inst/redirect_pending_target_reg[31]_i_5/CI
    SLICE_X9Y10          CARRY4 (Prop_carry4_CI_CO[2])
                                                      0.228    11.382 r  cpu_inst/dot4acc_pipeline_inst/redirect_pending_target_reg[31]_i_5/CO[2]
                         net (fo=18, routed)          0.472    11.854    cpu_inst/dot4acc_pipeline_inst/ex_branch_taken0
    SLICE_X7Y10                                                       r  cpu_inst/dot4acc_pipeline_inst/led_OBUF[12]_inst_i_6/I3
    SLICE_X7Y10          LUT4 (Prop_lut4_I3_O)        0.313    12.167 r  cpu_inst/dot4acc_pipeline_inst/led_OBUF[12]_inst_i_6/O
                         net (fo=42, routed)          0.441    12.609    cpu_inst/dot4acc_pipeline_inst/led_OBUF[12]_inst_i_6_n_0
    SLICE_X5Y10                                                       r  cpu_inst/dot4acc_pipeline_inst/id_ex_reg[pc][31]_i_11/I0
    SLICE_X5Y10          LUT4 (Prop_lut4_I0_O)        0.124    12.733 f  cpu_inst/dot4acc_pipeline_inst/id_ex_reg[pc][31]_i_11/O
                         net (fo=1, routed)           0.154    12.887    cpu_inst/dot4acc_pipeline_inst/id_ex_reg[pc][31]_i_11_n_0
    SLICE_X5Y10                                                       f  cpu_inst/dot4acc_pipeline_inst/id_ex_reg[pc][31]_i_3/I5
    SLICE_X5Y10          LUT6 (Prop_lut6_I5_O)        0.124    13.011 r  cpu_inst/dot4acc_pipeline_inst/id_ex_reg[pc][31]_i_3/O
                         net (fo=13, routed)          0.356    13.367    cpu_inst/dot4acc_pipeline_inst/id_ex_reg[pc][31]_i_3_n_0
    SLICE_X7Y10                                                       r  cpu_inst/dot4acc_pipeline_inst/id_ex_reg[operand_b][31]_i_4/I2
    SLICE_X7Y10          LUT5 (Prop_lut5_I2_O)        0.124    13.491 r  cpu_inst/dot4acc_pipeline_inst/id_ex_reg[operand_b][31]_i_4/O
                         net (fo=3, routed)           0.568    14.059    cpu_inst/dot4acc_pipeline_inst/id_ex_reg[operand_b][31]_i_4_n_0
    SLICE_X7Y13                                                       r  cpu_inst/dot4acc_pipeline_inst/id_ex_reg[accumulator][31]_i_1/I1
    SLICE_X7Y13          LUT3 (Prop_lut3_I1_O)        0.124    14.183 r  cpu_inst/dot4acc_pipeline_inst/id_ex_reg[accumulator][31]_i_1/O
                         net (fo=32, routed)          0.793    14.976    cpu_inst/dot4acc_pipeline_inst_n_3
    SLICE_X10Y13         FDRE                                         r  cpu_inst/id_ex_reg_reg[accumulator][22]/R
  -------------------------------------------------------------------    -------------------

                         (clock sys_clk_pin rise edge)
                                                     10.753    10.753 r  <hidden>
    W5                                                0.000    10.753 r  clk
                         net (fo=0)                   0.000    10.753    clk
    W5                                                                r  clk_IBUF_inst/I
    W5                   IBUF (Prop_ibuf_I_O)         1.388    12.141 r  clk_IBUF_inst/O
                         net (fo=1, routed)           1.862    14.003    clk_IBUF
    BUFGCTRL_X0Y0                                                     r  clk_IBUF_BUFG_inst/I
    BUFGCTRL_X0Y0        BUFG (Prop_bufg_I_O)         0.091    14.094 r  clk_IBUF_BUFG_inst/O
                         net (fo=1820, routed)        1.446    15.540    cpu_inst/clk_IBUF_BUFG
    SLICE_X10Y13         FDRE                                         r  cpu_inst/id_ex_reg_reg[accumulator][22]/C
                         clock pessimism              0.260    15.800    <hidden>
                         clock uncertainty           -0.035    15.765    <hidden>
    SLICE_X10Y13         FDRE (Setup_fdre_C_R)       -0.524    15.241    cpu_inst/id_ex_reg_reg[accumulator][22]
  -------------------------------------------------------------------
                         required time                         15.241    <hidden>
                         arrival time                         -14.976    <hidden>
  -------------------------------------------------------------------
                         slack                                  0.265    <hidden>

Slack (MET) :             0.265ns  (required time - arrival time)
  Source:                 cpu_inst/data_mem_inst/mem_reg/CLKARDCLK
                            (rising edge-triggered cell RAMB18E1 clocked by sys_clk_pin  {rise@0.000ns fall@5.376ns period=10.753ns})
  Destination:            cpu_inst/id_ex_reg_reg[accumulator][2]/R
                            (rising edge-triggered cell FDRE clocked by sys_clk_pin  {rise@0.000ns fall@5.376ns period=10.753ns})
  Path Group:             sys_clk_pin
  Path Type:              Setup (Max at Slow Process Corner)
  Requirement:            10.753ns  (sys_clk_pin rise@10.753ns - sys_clk_pin rise@0.000ns)
  Data Path Delay:        9.844ns  (logic 4.651ns (47.248%)  route 5.193ns (52.752%))
  Logic Levels:           12  (CARRY4=3 LUT3=3 LUT4=2 LUT5=2 LUT6=2)
  Clock Path Skew:        -0.084ns (DCD - SCD + CPR)
    Destination Clock Delay (DCD):    4.787ns = ( 15.540 - 10.753 ) 
    Source Clock Delay      (SCD):    5.132ns
    Clock Pessimism Removal (CPR):    0.260ns
  Clock Uncertainty:      0.035ns  ((TSJ^2 + TIJ^2)^1/2 + DJ) / 2 + PE
    Total System Jitter     (TSJ):    0.071ns
    Total Input Jitter      (TIJ):    0.000ns
    Discrete Jitter          (DJ):    0.000ns
    Phase Error              (PE):    0.000ns

    Location             Delay type                Incr(ns)  Path(ns)    Netlist Resource(s)
  -------------------------------------------------------------------    -------------------
                         (clock sys_clk_pin rise edge)
                                                      0.000     0.000 r  <hidden>
    W5                                                0.000     0.000 r  clk
                         net (fo=0)                   0.000     0.000    clk
    W5                                                                r  clk_IBUF_inst/I
    W5                   IBUF (Prop_ibuf_I_O)         1.458     1.458 r  clk_IBUF_inst/O
                         net (fo=1, routed)           1.967     3.425    clk_IBUF
    BUFGCTRL_X0Y0                                                     r  clk_IBUF_BUFG_inst/I
    BUFGCTRL_X0Y0        BUFG (Prop_bufg_I_O)         0.096     3.521 r  clk_IBUF_BUFG_inst/O
                         net (fo=1820, routed)        1.611     5.132    cpu_inst/data_mem_inst/clk_IBUF_BUFG
    RAMB18_X0Y2          RAMB18E1                                     r  cpu_inst/data_mem_inst/mem_reg/CLKARDCLK
  -------------------------------------------------------------------    -------------------
    RAMB18_X0Y2          RAMB18E1 (Prop_ramb18e1_CLKARDCLK_DOADO[5])
                                                      2.454     7.586 r  cpu_inst/data_mem_inst/mem_reg/DOADO[5]
                         net (fo=3, routed)           0.654     8.240    cpu_inst/data_mem_inst/read_data[5]
    SLICE_X9Y5                                                        r  cpu_inst/data_mem_inst/deferred_load_data[5]_i_1/I0
    SLICE_X9Y5           LUT3 (Prop_lut3_I0_O)        0.124     8.364 r  cpu_inst/data_mem_inst/deferred_load_data[5]_i_1/O
                         net (fo=7, routed)           0.631     8.995    cpu_inst/data_mem_inst/data2[5]
    SLICE_X10Y5                                                       r  cpu_inst/data_mem_inst/ex_alu_result0_i_3/I4
    SLICE_X10Y5          LUT5 (Prop_lut5_I4_O)        0.124     9.119 r  cpu_inst/data_mem_inst/ex_alu_result0_i_3/O
                         net (fo=3, routed)           0.335     9.454    cpu_inst/dot4acc_pipeline_inst/A[5]
    SLICE_X10Y6                                                       r  cpu_inst/dot4acc_pipeline_inst/redirect_pending_target[31]_i_34/I2
    SLICE_X10Y6          LUT3 (Prop_lut3_I2_O)        0.124     9.578 r  cpu_inst/dot4acc_pipeline_inst/redirect_pending_target[31]_i_34/O
                         net (fo=1, routed)           0.788    10.366    cpu_inst/dot4acc_pipeline_inst/redirect_pending_target[31]_i_34_n_0
    SLICE_X9Y8                                                        r  cpu_inst/dot4acc_pipeline_inst/redirect_pending_target[31]_i_23/I3
    SLICE_X9Y8           LUT6 (Prop_lut6_I3_O)        0.124    10.490 r  cpu_inst/dot4acc_pipeline_inst/redirect_pending_target[31]_i_23/O
                         net (fo=1, routed)           0.000    10.490    cpu_inst/dot4acc_pipeline_inst/redirect_pending_target[31]_i_23_n_0
    SLICE_X9Y8                                                        r  cpu_inst/dot4acc_pipeline_inst/redirect_pending_target_reg[31]_i_16/S[1]
    SLICE_X9Y8           CARRY4 (Prop_carry4_S[1]_CO[3])
                                                      0.550    11.040 r  cpu_inst/dot4acc_pipeline_inst/redirect_pending_target_reg[31]_i_16/CO[3]
                         net (fo=1, routed)           0.000    11.040    cpu_inst/dot4acc_pipeline_inst/redirect_pending_target_reg[31]_i_16_n_0
    SLICE_X9Y9                                                        r  cpu_inst/dot4acc_pipeline_inst/redirect_pending_target_reg[31]_i_12/CI
    SLICE_X9Y9           CARRY4 (Prop_carry4_CI_CO[3])
                                                      0.114    11.154 r  cpu_inst/dot4acc_pipeline_inst/redirect_pending_target_reg[31]_i_12/CO[3]
                         net (fo=1, routed)           0.000    11.154    cpu_inst/dot4acc_pipeline_inst/redirect_pending_target_reg[31]_i_12_n_0
    SLICE_X9Y10                                                       r  cpu_inst/dot4acc_pipeline_inst/redirect_pending_target_reg[31]_i_5/CI
    SLICE_X9Y10          CARRY4 (Prop_carry4_CI_CO[2])
                                                      0.228    11.382 r  cpu_inst/dot4acc_pipeline_inst/redirect_pending_target_reg[31]_i_5/CO[2]
                         net (fo=18, routed)          0.472    11.854    cpu_inst/dot4acc_pipeline_inst/ex_branch_taken0
    SLICE_X7Y10                                                       r  cpu_inst/dot4acc_pipeline_inst/led_OBUF[12]_inst_i_6/I3
    SLICE_X7Y10          LUT4 (Prop_lut4_I3_O)        0.313    12.167 r  cpu_inst/dot4acc_pipeline_inst/led_OBUF[12]_inst_i_6/O
                         net (fo=42, routed)          0.441    12.609    cpu_inst/dot4acc_pipeline_inst/led_OBUF[12]_inst_i_6_n_0
    SLICE_X5Y10                                                       r  cpu_inst/dot4acc_pipeline_inst/id_ex_reg[pc][31]_i_11/I0
    SLICE_X5Y10          LUT4 (Prop_lut4_I0_O)        0.124    12.733 f  cpu_inst/dot4acc_pipeline_inst/id_ex_reg[pc][31]_i_11/O
                         net (fo=1, routed)           0.154    12.887    cpu_inst/dot4acc_pipeline_inst/id_ex_reg[pc][31]_i_11_n_0
    SLICE_X5Y10                                                       f  cpu_inst/dot4acc_pipeline_inst/id_ex_reg[pc][31]_i_3/I5
    SLICE_X5Y10          LUT6 (Prop_lut6_I5_O)        0.124    13.011 r  cpu_inst/dot4acc_pipeline_inst/id_ex_reg[pc][31]_i_3/O
                         net (fo=13, routed)          0.356    13.367    cpu_inst/dot4acc_pipeline_inst/id_ex_reg[pc][31]_i_3_n_0
    SLICE_X7Y10                                                       r  cpu_inst/dot4acc_pipeline_inst/id_ex_reg[operand_b][31]_i_4/I2
    SLICE_X7Y10          LUT5 (Prop_lut5_I2_O)        0.124    13.491 r  cpu_inst/dot4acc_pipeline_inst/id_ex_reg[operand_b][31]_i_4/O
                         net (fo=3, routed)           0.568    14.059    cpu_inst/dot4acc_pipeline_inst/id_ex_reg[operand_b][31]_i_4_n_0
    SLICE_X7Y13                                                       r  cpu_inst/dot4acc_pipeline_inst/id_ex_reg[accumulator][31]_i_1/I1
    SLICE_X7Y13          LUT3 (Prop_lut3_I1_O)        0.124    14.183 r  cpu_inst/dot4acc_pipeline_inst/id_ex_reg[accumulator][31]_i_1/O
                         net (fo=32, routed)          0.793    14.976    cpu_inst/dot4acc_pipeline_inst_n_3
    SLICE_X10Y13         FDRE                                         r  cpu_inst/id_ex_reg_reg[accumulator][2]/R
  -------------------------------------------------------------------    -------------------

                         (clock sys_clk_pin rise edge)
                                                     10.753    10.753 r  <hidden>
    W5                                                0.000    10.753 r  clk
                         net (fo=0)                   0.000    10.753    clk
    W5                                                                r  clk_IBUF_inst/I
    W5                   IBUF (Prop_ibuf_I_O)         1.388    12.141 r  clk_IBUF_inst/O
                         net (fo=1, routed)           1.862    14.003    clk_IBUF
    BUFGCTRL_X0Y0                                                     r  clk_IBUF_BUFG_inst/I
    BUFGCTRL_X0Y0        BUFG (Prop_bufg_I_O)         0.091    14.094 r  clk_IBUF_BUFG_inst/O
                         net (fo=1820, routed)        1.446    15.540    cpu_inst/clk_IBUF_BUFG
    SLICE_X10Y13         FDRE                                         r  cpu_inst/id_ex_reg_reg[accumulator][2]/C
                         clock pessimism              0.260    15.800    <hidden>
                         clock uncertainty           -0.035    15.765    <hidden>
    SLICE_X10Y13         FDRE (Setup_fdre_C_R)       -0.524    15.241    cpu_inst/id_ex_reg_reg[accumulator][2]
  -------------------------------------------------------------------
                         required time                         15.241    <hidden>
                         arrival time                         -14.976    <hidden>
  -------------------------------------------------------------------
                         slack                                  0.265    <hidden>

Slack (MET) :             0.272ns  (required time - arrival time)
  Source:                 cpu_inst/id_ex_reg_reg[rs1][4]/C
                            (rising edge-triggered cell FDRE clocked by sys_clk_pin  {rise@0.000ns fall@5.376ns period=10.753ns})
  Destination:            cpu_inst/instr_mem_inst/instruction_reg/ADDRARDADDR[5]
                            (rising edge-triggered cell RAMB18E1 clocked by sys_clk_pin  {rise@0.000ns fall@5.376ns period=10.753ns})
  Path Group:             sys_clk_pin
  Path Type:              Setup (Max at Slow Process Corner)
  Requirement:            10.753ns  (sys_clk_pin rise@10.753ns - sys_clk_pin rise@0.000ns)
  Data Path Delay:        9.815ns  (logic 2.839ns (28.927%)  route 6.976ns (71.073%))
  Logic Levels:           12  (CARRY4=2 LUT4=2 LUT5=5 LUT6=3)
  Clock Path Skew:        -0.066ns (DCD - SCD + CPR)
    Destination Clock Delay (DCD):    4.833ns = ( 15.586 - 10.753 ) 
    Source Clock Delay      (SCD):    5.158ns
    Clock Pessimism Removal (CPR):    0.260ns
  Clock Uncertainty:      0.035ns  ((TSJ^2 + TIJ^2)^1/2 + DJ) / 2 + PE
    Total System Jitter     (TSJ):    0.071ns
    Total Input Jitter      (TIJ):    0.000ns
    Discrete Jitter          (DJ):    0.000ns
    Phase Error              (PE):    0.000ns

    Location             Delay type                Incr(ns)  Path(ns)    Netlist Resource(s)
  -------------------------------------------------------------------    -------------------
                         (clock sys_clk_pin rise edge)
                                                      0.000     0.000 r  <hidden>
    W5                                                0.000     0.000 r  clk
                         net (fo=0)                   0.000     0.000    clk
    W5                                                                r  clk_IBUF_inst/I
    W5                   IBUF (Prop_ibuf_I_O)         1.458     1.458 r  clk_IBUF_inst/O
                         net (fo=1, routed)           1.967     3.425    clk_IBUF
    BUFGCTRL_X0Y0                                                     r  clk_IBUF_BUFG_inst/I
    BUFGCTRL_X0Y0        BUFG (Prop_bufg_I_O)         0.096     3.521 r  clk_IBUF_BUFG_inst/O
                         net (fo=1820, routed)        1.637     5.158    cpu_inst/clk_IBUF_BUFG
    SLICE_X2Y8           FDRE                                         r  cpu_inst/id_ex_reg_reg[rs1][4]/C
  -------------------------------------------------------------------    -------------------
    SLICE_X2Y8           FDRE (Prop_fdre_C_Q)         0.478     5.636 r  cpu_inst/id_ex_reg_reg[rs1][4]/Q
                         net (fo=11, routed)          1.054     6.690    cpu_inst/instr_mem_inst/id_ex_reg_reg[rs1][4]
    SLICE_X2Y6                                                        r  cpu_inst/instr_mem_inst/ex_alu_result0_i_79/I1
    SLICE_X2Y6           LUT6 (Prop_lut6_I1_O)        0.296     6.986 r  cpu_inst/instr_mem_inst/ex_alu_result0_i_79/O
                         net (fo=1, routed)           0.493     7.480    cpu_inst/instr_mem_inst/ex_alu_result0_i_79_n_0
    SLICE_X3Y6                                                        r  cpu_inst/instr_mem_inst/ex_alu_result0_i_42/I3
    SLICE_X3Y6           LUT5 (Prop_lut5_I3_O)        0.124     7.604 r  cpu_inst/instr_mem_inst/ex_alu_result0_i_42/O
                         net (fo=33, routed)          0.999     8.603    cpu_inst/data_mem_inst/ex_alu_result0_10
    SLICE_X10Y8                                                       r  cpu_inst/data_mem_inst/pair0_reg_reg_i_50/I1
    SLICE_X10Y8          LUT5 (Prop_lut5_I1_O)        0.124     8.727 r  cpu_inst/data_mem_inst/pair0_reg_reg_i_50/O
                         net (fo=1, routed)           0.641     9.368    cpu_inst/data_mem_inst/pair0_reg_reg_i_50_n_0
    SLICE_X10Y8                                                       r  cpu_inst/data_mem_inst/pair0_reg_reg_i_30/I2
    SLICE_X10Y8          LUT5 (Prop_lut5_I2_O)        0.124     9.492 r  cpu_inst/data_mem_inst/pair0_reg_reg_i_30/O
                         net (fo=4, routed)           0.999    10.491    cpu_inst/dot4acc_pipeline_inst/redirect_pending_target_reg[31]_i_12_2
    SLICE_X9Y9                                                        r  cpu_inst/dot4acc_pipeline_inst/redirect_pending_target[31]_i_20/I3
    SLICE_X9Y9           LUT6 (Prop_lut6_I3_O)        0.124    10.615 r  cpu_inst/dot4acc_pipeline_inst/redirect_pending_target[31]_i_20/O
                         net (fo=1, routed)           0.000    10.615    cpu_inst/dot4acc_pipeline_inst/redirect_pending_target[31]_i_20_n_0
    SLICE_X9Y9                                                        r  cpu_inst/dot4acc_pipeline_inst/redirect_pending_target_reg[31]_i_12/S[0]
    SLICE_X9Y9           CARRY4 (Prop_carry4_S[0]_CO[3])
                                                      0.532    11.147 r  cpu_inst/dot4acc_pipeline_inst/redirect_pending_target_reg[31]_i_12/CO[3]
                         net (fo=1, routed)           0.000    11.147    cpu_inst/dot4acc_pipeline_inst/redirect_pending_target_reg[31]_i_12_n_0
    SLICE_X9Y10                                                       r  cpu_inst/dot4acc_pipeline_inst/redirect_pending_target_reg[31]_i_5/CI
    SLICE_X9Y10          CARRY4 (Prop_carry4_CI_CO[2])
                                                      0.228    11.375 f  cpu_inst/dot4acc_pipeline_inst/redirect_pending_target_reg[31]_i_5/CO[2]
                         net (fo=18, routed)          0.472    11.847    cpu_inst/dot4acc_pipeline_inst/ex_branch_taken0
    SLICE_X7Y10                                                       f  cpu_inst/dot4acc_pipeline_inst/led_OBUF[12]_inst_i_6/I3
    SLICE_X7Y10          LUT4 (Prop_lut4_I3_O)        0.313    12.160 f  cpu_inst/dot4acc_pipeline_inst/led_OBUF[12]_inst_i_6/O
                         net (fo=42, routed)          0.441    12.601    cpu_inst/dot4acc_pipeline_inst/led_OBUF[12]_inst_i_6_n_0
    SLICE_X5Y10                                                       f  cpu_inst/dot4acc_pipeline_inst/id_ex_reg[pc][31]_i_11/I0
    SLICE_X5Y10          LUT4 (Prop_lut4_I0_O)        0.124    12.725 r  cpu_inst/dot4acc_pipeline_inst/id_ex_reg[pc][31]_i_11/O
                         net (fo=1, routed)           0.154    12.880    cpu_inst/dot4acc_pipeline_inst/id_ex_reg[pc][31]_i_11_n_0
    SLICE_X5Y10                                                       r  cpu_inst/dot4acc_pipeline_inst/id_ex_reg[pc][31]_i_3/I5
    SLICE_X5Y10          LUT6 (Prop_lut6_I5_O)        0.124    13.004 f  cpu_inst/dot4acc_pipeline_inst/id_ex_reg[pc][31]_i_3/O
                         net (fo=13, routed)          0.409    13.413    cpu_inst/dot4acc_pipeline_inst/id_ex_reg[pc][31]_i_3_n_0
    SLICE_X5Y9                                                        f  cpu_inst/dot4acc_pipeline_inst/instruction_reg_i_11/I4
    SLICE_X5Y9           LUT5 (Prop_lut5_I4_O)        0.124    13.537 r  cpu_inst/dot4acc_pipeline_inst/instruction_reg_i_11/O
                         net (fo=9, routed)           0.720    14.257    cpu_inst/dot4acc_pipeline_inst/instruction_reg_i_11_n_0
    SLICE_X8Y10                                                       r  cpu_inst/dot4acc_pipeline_inst/instruction_reg_i_8/I3
    SLICE_X8Y10          LUT5 (Prop_lut5_I3_O)        0.124    14.381 r  cpu_inst/dot4acc_pipeline_inst/instruction_reg_i_8/O
                         net (fo=2, routed)           0.592    14.973    cpu_inst/instr_mem_inst/ADDRARDADDR[1]
    RAMB18_X0Y3          RAMB18E1                                     r  cpu_inst/instr_mem_inst/instruction_reg/ADDRARDADDR[5]
  -------------------------------------------------------------------    -------------------

                         (clock sys_clk_pin rise edge)
                                                     10.753    10.753 r  <hidden>
    W5                                                0.000    10.753 r  clk
                         net (fo=0)                   0.000    10.753    clk
    W5                                                                r  clk_IBUF_inst/I
    W5                   IBUF (Prop_ibuf_I_O)         1.388    12.141 r  clk_IBUF_inst/O
                         net (fo=1, routed)           1.862    14.003    clk_IBUF
    BUFGCTRL_X0Y0                                                     r  clk_IBUF_BUFG_inst/I
    BUFGCTRL_X0Y0        BUFG (Prop_bufg_I_O)         0.091    14.094 r  clk_IBUF_BUFG_inst/O
                         net (fo=1820, routed)        1.492    15.586    cpu_inst/instr_mem_inst/clk_IBUF_BUFG
    RAMB18_X0Y3          RAMB18E1                                     r  cpu_inst/instr_mem_inst/instruction_reg/CLKARDCLK
                         clock pessimism              0.260    15.846    <hidden>
                         clock uncertainty           -0.035    15.810    <hidden>
    RAMB18_X0Y3          RAMB18E1 (Setup_ramb18e1_CLKARDCLK_ADDRARDADDR[5])
                                                     -0.566    15.244    cpu_inst/instr_mem_inst/instruction_reg
  -------------------------------------------------------------------
                         required time                         15.244    <hidden>
                         arrival time                         -14.973    <hidden>
  -------------------------------------------------------------------
                         slack                                  0.272    <hidden>

Slack (MET) :             0.275ns  (required time - arrival time)
  Source:                 cpu_inst/id_ex_reg_reg[rs1][4]/C
                            (rising edge-triggered cell FDRE clocked by sys_clk_pin  {rise@0.000ns fall@5.376ns period=10.753ns})
  Destination:            cpu_inst/id_ex_reg_reg[accumulator][0]/R
                            (rising edge-triggered cell FDRE clocked by sys_clk_pin  {rise@0.000ns fall@5.376ns period=10.753ns})
  Path Group:             sys_clk_pin
  Path Type:              Setup (Max at Slow Process Corner)
  Requirement:            10.753ns  (sys_clk_pin rise@10.753ns - sys_clk_pin rise@0.000ns)
  Data Path Delay:        9.804ns  (logic 2.839ns (28.957%)  route 6.965ns (71.043%))
  Logic Levels:           12  (CARRY4=2 LUT3=1 LUT4=2 LUT5=4 LUT6=3)
  Clock Path Skew:        -0.114ns (DCD - SCD + CPR)
    Destination Clock Delay (DCD):    4.784ns = ( 15.537 - 10.753 ) 
    Source Clock Delay      (SCD):    5.158ns
    Clock Pessimism Removal (CPR):    0.260ns
  Clock Uncertainty:      0.035ns  ((TSJ^2 + TIJ^2)^1/2 + DJ) / 2 + PE
    Total System Jitter     (TSJ):    0.071ns
    Total Input Jitter      (TIJ):    0.000ns
    Discrete Jitter          (DJ):    0.000ns
    Phase Error              (PE):    0.000ns

    Location             Delay type                Incr(ns)  Path(ns)    Netlist Resource(s)
  -------------------------------------------------------------------    -------------------
                         (clock sys_clk_pin rise edge)
                                                      0.000     0.000 r  <hidden>
    W5                                                0.000     0.000 r  clk
                         net (fo=0)                   0.000     0.000    clk
    W5                                                                r  clk_IBUF_inst/I
    W5                   IBUF (Prop_ibuf_I_O)         1.458     1.458 r  clk_IBUF_inst/O
                         net (fo=1, routed)           1.967     3.425    clk_IBUF
    BUFGCTRL_X0Y0                                                     r  clk_IBUF_BUFG_inst/I
    BUFGCTRL_X0Y0        BUFG (Prop_bufg_I_O)         0.096     3.521 r  clk_IBUF_BUFG_inst/O
                         net (fo=1820, routed)        1.637     5.158    cpu_inst/clk_IBUF_BUFG
    SLICE_X2Y8           FDRE                                         r  cpu_inst/id_ex_reg_reg[rs1][4]/C
  -------------------------------------------------------------------    -------------------
    SLICE_X2Y8           FDRE (Prop_fdre_C_Q)         0.478     5.636 r  cpu_inst/id_ex_reg_reg[rs1][4]/Q
                         net (fo=11, routed)          1.054     6.690    cpu_inst/instr_mem_inst/id_ex_reg_reg[rs1][4]
    SLICE_X2Y6                                                        r  cpu_inst/instr_mem_inst/ex_alu_result0_i_79/I1
    SLICE_X2Y6           LUT6 (Prop_lut6_I1_O)        0.296     6.986 r  cpu_inst/instr_mem_inst/ex_alu_result0_i_79/O
                         net (fo=1, routed)           0.493     7.480    cpu_inst/instr_mem_inst/ex_alu_result0_i_79_n_0
    SLICE_X3Y6                                                        r  cpu_inst/instr_mem_inst/ex_alu_result0_i_42/I3
    SLICE_X3Y6           LUT5 (Prop_lut5_I3_O)        0.124     7.604 r  cpu_inst/instr_mem_inst/ex_alu_result0_i_42/O
                         net (fo=33, routed)          0.999     8.603    cpu_inst/data_mem_inst/ex_alu_result0_10
    SLICE_X10Y8                                                       r  cpu_inst/data_mem_inst/pair0_reg_reg_i_50/I1
    SLICE_X10Y8          LUT5 (Prop_lut5_I1_O)        0.124     8.727 r  cpu_inst/data_mem_inst/pair0_reg_reg_i_50/O
                         net (fo=1, routed)           0.641     9.368    cpu_inst/data_mem_inst/pair0_reg_reg_i_50_n_0
    SLICE_X10Y8                                                       r  cpu_inst/data_mem_inst/pair0_reg_reg_i_30/I2
    SLICE_X10Y8          LUT5 (Prop_lut5_I2_O)        0.124     9.492 r  cpu_inst/data_mem_inst/pair0_reg_reg_i_30/O
                         net (fo=4, routed)           0.999    10.491    cpu_inst/dot4acc_pipeline_inst/redirect_pending_target_reg[31]_i_12_2
    SLICE_X9Y9                                                        r  cpu_inst/dot4acc_pipeline_inst/redirect_pending_target[31]_i_20/I3
    SLICE_X9Y9           LUT6 (Prop_lut6_I3_O)        0.124    10.615 r  cpu_inst/dot4acc_pipeline_inst/redirect_pending_target[31]_i_20/O
                         net (fo=1, routed)           0.000    10.615    cpu_inst/dot4acc_pipeline_inst/redirect_pending_target[31]_i_20_n_0
    SLICE_X9Y9                                                        r  cpu_inst/dot4acc_pipeline_inst/redirect_pending_target_reg[31]_i_12/S[0]
    SLICE_X9Y9           CARRY4 (Prop_carry4_S[0]_CO[3])
                                                      0.532    11.147 r  cpu_inst/dot4acc_pipeline_inst/redirect_pending_target_reg[31]_i_12/CO[3]
                         net (fo=1, routed)           0.000    11.147    cpu_inst/dot4acc_pipeline_inst/redirect_pending_target_reg[31]_i_12_n_0
    SLICE_X9Y10                                                       r  cpu_inst/dot4acc_pipeline_inst/redirect_pending_target_reg[31]_i_5/CI
    SLICE_X9Y10          CARRY4 (Prop_carry4_CI_CO[2])
                                                      0.228    11.375 r  cpu_inst/dot4acc_pipeline_inst/redirect_pending_target_reg[31]_i_5/CO[2]
                         net (fo=18, routed)          0.472    11.847    cpu_inst/dot4acc_pipeline_inst/ex_branch_taken0
    SLICE_X7Y10                                                       r  cpu_inst/dot4acc_pipeline_inst/led_OBUF[12]_inst_i_6/I3
    SLICE_X7Y10          LUT4 (Prop_lut4_I3_O)        0.313    12.160 r  cpu_inst/dot4acc_pipeline_inst/led_OBUF[12]_inst_i_6/O
                         net (fo=42, routed)          0.441    12.601    cpu_inst/dot4acc_pipeline_inst/led_OBUF[12]_inst_i_6_n_0
    SLICE_X5Y10                                                       r  cpu_inst/dot4acc_pipeline_inst/id_ex_reg[pc][31]_i_11/I0
    SLICE_X5Y10          LUT4 (Prop_lut4_I0_O)        0.124    12.725 f  cpu_inst/dot4acc_pipeline_inst/id_ex_reg[pc][31]_i_11/O
                         net (fo=1, routed)           0.154    12.880    cpu_inst/dot4acc_pipeline_inst/id_ex_reg[pc][31]_i_11_n_0
    SLICE_X5Y10                                                       f  cpu_inst/dot4acc_pipeline_inst/id_ex_reg[pc][31]_i_3/I5
    SLICE_X5Y10          LUT6 (Prop_lut6_I5_O)        0.124    13.004 r  cpu_inst/dot4acc_pipeline_inst/id_ex_reg[pc][31]_i_3/O
                         net (fo=13, routed)          0.356    13.359    cpu_inst/dot4acc_pipeline_inst/id_ex_reg[pc][31]_i_3_n_0
    SLICE_X7Y10                                                       r  cpu_inst/dot4acc_pipeline_inst/id_ex_reg[operand_b][31]_i_4/I2
    SLICE_X7Y10          LUT5 (Prop_lut5_I2_O)        0.124    13.483 r  cpu_inst/dot4acc_pipeline_inst/id_ex_reg[operand_b][31]_i_4/O
                         net (fo=3, routed)           0.568    14.052    cpu_inst/dot4acc_pipeline_inst/id_ex_reg[operand_b][31]_i_4_n_0
    SLICE_X7Y13                                                       r  cpu_inst/dot4acc_pipeline_inst/id_ex_reg[accumulator][31]_i_1/I1
    SLICE_X7Y13          LUT3 (Prop_lut3_I1_O)        0.124    14.176 r  cpu_inst/dot4acc_pipeline_inst/id_ex_reg[accumulator][31]_i_1/O
                         net (fo=32, routed)          0.787    14.962    cpu_inst/dot4acc_pipeline_inst_n_3
    SLICE_X8Y16          FDRE                                         r  cpu_inst/id_ex_reg_reg[accumulator][0]/R
  -------------------------------------------------------------------    -------------------

                         (clock sys_clk_pin rise edge)
                                                     10.753    10.753 r  <hidden>
    W5                                                0.000    10.753 r  clk
                         net (fo=0)                   0.000    10.753    clk
    W5                                                                r  clk_IBUF_inst/I
    W5                   IBUF (Prop_ibuf_I_O)         1.388    12.141 r  clk_IBUF_inst/O
                         net (fo=1, routed)           1.862    14.003    clk_IBUF
    BUFGCTRL_X0Y0                                                     r  clk_IBUF_BUFG_inst/I
    BUFGCTRL_X0Y0        BUFG (Prop_bufg_I_O)         0.091    14.094 r  clk_IBUF_BUFG_inst/O
                         net (fo=1820, routed)        1.443    15.537    cpu_inst/clk_IBUF_BUFG
    SLICE_X8Y16          FDRE                                         r  cpu_inst/id_ex_reg_reg[accumulator][0]/C
                         clock pessimism              0.260    15.797    <hidden>
                         clock uncertainty           -0.035    15.762    <hidden>
    SLICE_X8Y16          FDRE (Setup_fdre_C_R)       -0.524    15.238    cpu_inst/id_ex_reg_reg[accumulator][0]
  -------------------------------------------------------------------
                         required time                         15.238    <hidden>
                         arrival time                         -14.963    <hidden>
  -------------------------------------------------------------------
                         slack                                  0.275    <hidden>

Slack (MET) :             0.275ns  (required time - arrival time)
  Source:                 cpu_inst/id_ex_reg_reg[rs1][4]/C
                            (rising edge-triggered cell FDRE clocked by sys_clk_pin  {rise@0.000ns fall@5.376ns period=10.753ns})
  Destination:            cpu_inst/id_ex_reg_reg[accumulator][11]/R
                            (rising edge-triggered cell FDRE clocked by sys_clk_pin  {rise@0.000ns fall@5.376ns period=10.753ns})
  Path Group:             sys_clk_pin
  Path Type:              Setup (Max at Slow Process Corner)
  Requirement:            10.753ns  (sys_clk_pin rise@10.753ns - sys_clk_pin rise@0.000ns)
  Data Path Delay:        9.804ns  (logic 2.839ns (28.957%)  route 6.965ns (71.043%))
  Logic Levels:           12  (CARRY4=2 LUT3=1 LUT4=2 LUT5=4 LUT6=3)
  Clock Path Skew:        -0.114ns (DCD - SCD + CPR)
    Destination Clock Delay (DCD):    4.784ns = ( 15.537 - 10.753 ) 
    Source Clock Delay      (SCD):    5.158ns
    Clock Pessimism Removal (CPR):    0.260ns
  Clock Uncertainty:      0.035ns  ((TSJ^2 + TIJ^2)^1/2 + DJ) / 2 + PE
    Total System Jitter     (TSJ):    0.071ns
    Total Input Jitter      (TIJ):    0.000ns
    Discrete Jitter          (DJ):    0.000ns
    Phase Error              (PE):    0.000ns

    Location             Delay type                Incr(ns)  Path(ns)    Netlist Resource(s)
  -------------------------------------------------------------------    -------------------
                         (clock sys_clk_pin rise edge)
                                                      0.000     0.000 r  <hidden>
    W5                                                0.000     0.000 r  clk
                         net (fo=0)                   0.000     0.000    clk
    W5                                                                r  clk_IBUF_inst/I
    W5                   IBUF (Prop_ibuf_I_O)         1.458     1.458 r  clk_IBUF_inst/O
                         net (fo=1, routed)           1.967     3.425    clk_IBUF
    BUFGCTRL_X0Y0                                                     r  clk_IBUF_BUFG_inst/I
    BUFGCTRL_X0Y0        BUFG (Prop_bufg_I_O)         0.096     3.521 r  clk_IBUF_BUFG_inst/O
                         net (fo=1820, routed)        1.637     5.158    cpu_inst/clk_IBUF_BUFG
    SLICE_X2Y8           FDRE                                         r  cpu_inst/id_ex_reg_reg[rs1][4]/C
  -------------------------------------------------------------------    -------------------
    SLICE_X2Y8           FDRE (Prop_fdre_C_Q)         0.478     5.636 r  cpu_inst/id_ex_reg_reg[rs1][4]/Q
                         net (fo=11, routed)          1.054     6.690    cpu_inst/instr_mem_inst/id_ex_reg_reg[rs1][4]
    SLICE_X2Y6                                                        r  cpu_inst/instr_mem_inst/ex_alu_result0_i_79/I1
    SLICE_X2Y6           LUT6 (Prop_lut6_I1_O)        0.296     6.986 r  cpu_inst/instr_mem_inst/ex_alu_result0_i_79/O
                         net (fo=1, routed)           0.493     7.480    cpu_inst/instr_mem_inst/ex_alu_result0_i_79_n_0
    SLICE_X3Y6                                                        r  cpu_inst/instr_mem_inst/ex_alu_result0_i_42/I3
    SLICE_X3Y6           LUT5 (Prop_lut5_I3_O)        0.124     7.604 r  cpu_inst/instr_mem_inst/ex_alu_result0_i_42/O
                         net (fo=33, routed)          0.999     8.603    cpu_inst/data_mem_inst/ex_alu_result0_10
    SLICE_X10Y8                                                       r  cpu_inst/data_mem_inst/pair0_reg_reg_i_50/I1
    SLICE_X10Y8          LUT5 (Prop_lut5_I1_O)        0.124     8.727 r  cpu_inst/data_mem_inst/pair0_reg_reg_i_50/O
                         net (fo=1, routed)           0.641     9.368    cpu_inst/data_mem_inst/pair0_reg_reg_i_50_n_0
    SLICE_X10Y8                                                       r  cpu_inst/data_mem_inst/pair0_reg_reg_i_30/I2
    SLICE_X10Y8          LUT5 (Prop_lut5_I2_O)        0.124     9.492 r  cpu_inst/data_mem_inst/pair0_reg_reg_i_30/O
                         net (fo=4, routed)           0.999    10.491    cpu_inst/dot4acc_pipeline_inst/redirect_pending_target_reg[31]_i_12_2
    SLICE_X9Y9                                                        r  cpu_inst/dot4acc_pipeline_inst/redirect_pending_target[31]_i_20/I3
    SLICE_X9Y9           LUT6 (Prop_lut6_I3_O)        0.124    10.615 r  cpu_inst/dot4acc_pipeline_inst/redirect_pending_target[31]_i_20/O
                         net (fo=1, routed)           0.000    10.615    cpu_inst/dot4acc_pipeline_inst/redirect_pending_target[31]_i_20_n_0
    SLICE_X9Y9                                                        r  cpu_inst/dot4acc_pipeline_inst/redirect_pending_target_reg[31]_i_12/S[0]
    SLICE_X9Y9           CARRY4 (Prop_carry4_S[0]_CO[3])
                                                      0.532    11.147 r  cpu_inst/dot4acc_pipeline_inst/redirect_pending_target_reg[31]_i_12/CO[3]
                         net (fo=1, routed)           0.000    11.147    cpu_inst/dot4acc_pipeline_inst/redirect_pending_target_reg[31]_i_12_n_0
    SLICE_X9Y10                                                       r  cpu_inst/dot4acc_pipeline_inst/redirect_pending_target_reg[31]_i_5/CI
    SLICE_X9Y10          CARRY4 (Prop_carry4_CI_CO[2])
                                                      0.228    11.375 r  cpu_inst/dot4acc_pipeline_inst/redirect_pending_target_reg[31]_i_5/CO[2]
                         net (fo=18, routed)          0.472    11.847    cpu_inst/dot4acc_pipeline_inst/ex_branch_taken0
    SLICE_X7Y10                                                       r  cpu_inst/dot4acc_pipeline_inst/led_OBUF[12]_inst_i_6/I3
    SLICE_X7Y10          LUT4 (Prop_lut4_I3_O)        0.313    12.160 r  cpu_inst/dot4acc_pipeline_inst/led_OBUF[12]_inst_i_6/O
                         net (fo=42, routed)          0.441    12.601    cpu_inst/dot4acc_pipeline_inst/led_OBUF[12]_inst_i_6_n_0
    SLICE_X5Y10                                                       r  cpu_inst/dot4acc_pipeline_inst/id_ex_reg[pc][31]_i_11/I0
    SLICE_X5Y10          LUT4 (Prop_lut4_I0_O)        0.124    12.725 f  cpu_inst/dot4acc_pipeline_inst/id_ex_reg[pc][31]_i_11/O
                         net (fo=1, routed)           0.154    12.880    cpu_inst/dot4acc_pipeline_inst/id_ex_reg[pc][31]_i_11_n_0
    SLICE_X5Y10                                                       f  cpu_inst/dot4acc_pipeline_inst/id_ex_reg[pc][31]_i_3/I5
    SLICE_X5Y10          LUT6 (Prop_lut6_I5_O)        0.124    13.004 r  cpu_inst/dot4acc_pipeline_inst/id_ex_reg[pc][31]_i_3/O
                         net (fo=13, routed)          0.356    13.359    cpu_inst/dot4acc_pipeline_inst/id_ex_reg[pc][31]_i_3_n_0
    SLICE_X7Y10                                                       r  cpu_inst/dot4acc_pipeline_inst/id_ex_reg[operand_b][31]_i_4/I2
    SLICE_X7Y10          LUT5 (Prop_lut5_I2_O)        0.124    13.483 r  cpu_inst/dot4acc_pipeline_inst/id_ex_reg[operand_b][31]_i_4/O
                         net (fo=3, routed)           0.568    14.052    cpu_inst/dot4acc_pipeline_inst/id_ex_reg[operand_b][31]_i_4_n_0
    SLICE_X7Y13                                                       r  cpu_inst/dot4acc_pipeline_inst/id_ex_reg[accumulator][31]_i_1/I1
    SLICE_X7Y13          LUT3 (Prop_lut3_I1_O)        0.124    14.176 r  cpu_inst/dot4acc_pipeline_inst/id_ex_reg[accumulator][31]_i_1/O
                         net (fo=32, routed)          0.787    14.962    cpu_inst/dot4acc_pipeline_inst_n_3
    SLICE_X8Y16          FDRE                                         r  cpu_inst/id_ex_reg_reg[accumulator][11]/R
  -------------------------------------------------------------------    -------------------

                         (clock sys_clk_pin rise edge)
                                                     10.753    10.753 r  <hidden>
    W5                                                0.000    10.753 r  clk
                         net (fo=0)                   0.000    10.753    clk
    W5                                                                r  clk_IBUF_inst/I
    W5                   IBUF (Prop_ibuf_I_O)         1.388    12.141 r  clk_IBUF_inst/O
                         net (fo=1, routed)           1.862    14.003    clk_IBUF
    BUFGCTRL_X0Y0                                                     r  clk_IBUF_BUFG_inst/I
    BUFGCTRL_X0Y0        BUFG (Prop_bufg_I_O)         0.091    14.094 r  clk_IBUF_BUFG_inst/O
                         net (fo=1820, routed)        1.443    15.537    cpu_inst/clk_IBUF_BUFG
    SLICE_X8Y16          FDRE                                         r  cpu_inst/id_ex_reg_reg[accumulator][11]/C
                         clock pessimism              0.260    15.797    <hidden>
                         clock uncertainty           -0.035    15.762    <hidden>
    SLICE_X8Y16          FDRE (Setup_fdre_C_R)       -0.524    15.238    cpu_inst/id_ex_reg_reg[accumulator][11]
  -------------------------------------------------------------------
                         required time                         15.238    <hidden>
                         arrival time                         -14.963    <hidden>
  -------------------------------------------------------------------
                         slack                                  0.275    <hidden>

Slack (MET) :             0.275ns  (required time - arrival time)
  Source:                 cpu_inst/id_ex_reg_reg[rs1][4]/C
                            (rising edge-triggered cell FDRE clocked by sys_clk_pin  {rise@0.000ns fall@5.376ns period=10.753ns})
  Destination:            cpu_inst/id_ex_reg_reg[accumulator][29]/R
                            (rising edge-triggered cell FDRE clocked by sys_clk_pin  {rise@0.000ns fall@5.376ns period=10.753ns})
  Path Group:             sys_clk_pin
  Path Type:              Setup (Max at Slow Process Corner)
  Requirement:            10.753ns  (sys_clk_pin rise@10.753ns - sys_clk_pin rise@0.000ns)
  Data Path Delay:        9.804ns  (logic 2.839ns (28.957%)  route 6.965ns (71.043%))
  Logic Levels:           12  (CARRY4=2 LUT3=1 LUT4=2 LUT5=4 LUT6=3)
  Clock Path Skew:        -0.114ns (DCD - SCD + CPR)
    Destination Clock Delay (DCD):    4.784ns = ( 15.537 - 10.753 ) 
    Source Clock Delay      (SCD):    5.158ns
    Clock Pessimism Removal (CPR):    0.260ns
  Clock Uncertainty:      0.035ns  ((TSJ^2 + TIJ^2)^1/2 + DJ) / 2 + PE
    Total System Jitter     (TSJ):    0.071ns
    Total Input Jitter      (TIJ):    0.000ns
    Discrete Jitter          (DJ):    0.000ns
    Phase Error              (PE):    0.000ns

    Location             Delay type                Incr(ns)  Path(ns)    Netlist Resource(s)
  -------------------------------------------------------------------    -------------------
                         (clock sys_clk_pin rise edge)
                                                      0.000     0.000 r  <hidden>
    W5                                                0.000     0.000 r  clk
                         net (fo=0)                   0.000     0.000    clk
    W5                                                                r  clk_IBUF_inst/I
    W5                   IBUF (Prop_ibuf_I_O)         1.458     1.458 r  clk_IBUF_inst/O
                         net (fo=1, routed)           1.967     3.425    clk_IBUF
    BUFGCTRL_X0Y0                                                     r  clk_IBUF_BUFG_inst/I
    BUFGCTRL_X0Y0        BUFG (Prop_bufg_I_O)         0.096     3.521 r  clk_IBUF_BUFG_inst/O
                         net (fo=1820, routed)        1.637     5.158    cpu_inst/clk_IBUF_BUFG
    SLICE_X2Y8           FDRE                                         r  cpu_inst/id_ex_reg_reg[rs1][4]/C
  -------------------------------------------------------------------    -------------------
    SLICE_X2Y8           FDRE (Prop_fdre_C_Q)         0.478     5.636 r  cpu_inst/id_ex_reg_reg[rs1][4]/Q
                         net (fo=11, routed)          1.054     6.690    cpu_inst/instr_mem_inst/id_ex_reg_reg[rs1][4]
    SLICE_X2Y6                                                        r  cpu_inst/instr_mem_inst/ex_alu_result0_i_79/I1
    SLICE_X2Y6           LUT6 (Prop_lut6_I1_O)        0.296     6.986 r  cpu_inst/instr_mem_inst/ex_alu_result0_i_79/O
                         net (fo=1, routed)           0.493     7.480    cpu_inst/instr_mem_inst/ex_alu_result0_i_79_n_0
    SLICE_X3Y6                                                        r  cpu_inst/instr_mem_inst/ex_alu_result0_i_42/I3
    SLICE_X3Y6           LUT5 (Prop_lut5_I3_O)        0.124     7.604 r  cpu_inst/instr_mem_inst/ex_alu_result0_i_42/O
                         net (fo=33, routed)          0.999     8.603    cpu_inst/data_mem_inst/ex_alu_result0_10
    SLICE_X10Y8                                                       r  cpu_inst/data_mem_inst/pair0_reg_reg_i_50/I1
    SLICE_X10Y8          LUT5 (Prop_lut5_I1_O)        0.124     8.727 r  cpu_inst/data_mem_inst/pair0_reg_reg_i_50/O
                         net (fo=1, routed)           0.641     9.368    cpu_inst/data_mem_inst/pair0_reg_reg_i_50_n_0
    SLICE_X10Y8                                                       r  cpu_inst/data_mem_inst/pair0_reg_reg_i_30/I2
    SLICE_X10Y8          LUT5 (Prop_lut5_I2_O)        0.124     9.492 r  cpu_inst/data_mem_inst/pair0_reg_reg_i_30/O
                         net (fo=4, routed)           0.999    10.491    cpu_inst/dot4acc_pipeline_inst/redirect_pending_target_reg[31]_i_12_2
    SLICE_X9Y9                                                        r  cpu_inst/dot4acc_pipeline_inst/redirect_pending_target[31]_i_20/I3
    SLICE_X9Y9           LUT6 (Prop_lut6_I3_O)        0.124    10.615 r  cpu_inst/dot4acc_pipeline_inst/redirect_pending_target[31]_i_20/O
                         net (fo=1, routed)           0.000    10.615    cpu_inst/dot4acc_pipeline_inst/redirect_pending_target[31]_i_20_n_0
    SLICE_X9Y9                                                        r  cpu_inst/dot4acc_pipeline_inst/redirect_pending_target_reg[31]_i_12/S[0]
    SLICE_X9Y9           CARRY4 (Prop_carry4_S[0]_CO[3])
                                                      0.532    11.147 r  cpu_inst/dot4acc_pipeline_inst/redirect_pending_target_reg[31]_i_12/CO[3]
                         net (fo=1, routed)           0.000    11.147    cpu_inst/dot4acc_pipeline_inst/redirect_pending_target_reg[31]_i_12_n_0
    SLICE_X9Y10                                                       r  cpu_inst/dot4acc_pipeline_inst/redirect_pending_target_reg[31]_i_5/CI
    SLICE_X9Y10          CARRY4 (Prop_carry4_CI_CO[2])
                                                      0.228    11.375 r  cpu_inst/dot4acc_pipeline_inst/redirect_pending_target_reg[31]_i_5/CO[2]
                         net (fo=18, routed)          0.472    11.847    cpu_inst/dot4acc_pipeline_inst/ex_branch_taken0
    SLICE_X7Y10                                                       r  cpu_inst/dot4acc_pipeline_inst/led_OBUF[12]_inst_i_6/I3
    SLICE_X7Y10          LUT4 (Prop_lut4_I3_O)        0.313    12.160 r  cpu_inst/dot4acc_pipeline_inst/led_OBUF[12]_inst_i_6/O
                         net (fo=42, routed)          0.441    12.601    cpu_inst/dot4acc_pipeline_inst/led_OBUF[12]_inst_i_6_n_0
    SLICE_X5Y10                                                       r  cpu_inst/dot4acc_pipeline_inst/id_ex_reg[pc][31]_i_11/I0
    SLICE_X5Y10          LUT4 (Prop_lut4_I0_O)        0.124    12.725 f  cpu_inst/dot4acc_pipeline_inst/id_ex_reg[pc][31]_i_11/O
                         net (fo=1, routed)           0.154    12.880    cpu_inst/dot4acc_pipeline_inst/id_ex_reg[pc][31]_i_11_n_0
    SLICE_X5Y10                                                       f  cpu_inst/dot4acc_pipeline_inst/id_ex_reg[pc][31]_i_3/I5
    SLICE_X5Y10          LUT6 (Prop_lut6_I5_O)        0.124    13.004 r  cpu_inst/dot4acc_pipeline_inst/id_ex_reg[pc][31]_i_3/O
                         net (fo=13, routed)          0.356    13.359    cpu_inst/dot4acc_pipeline_inst/id_ex_reg[pc][31]_i_3_n_0
    SLICE_X7Y10                                                       r  cpu_inst/dot4acc_pipeline_inst/id_ex_reg[operand_b][31]_i_4/I2
    SLICE_X7Y10          LUT5 (Prop_lut5_I2_O)        0.124    13.483 r  cpu_inst/dot4acc_pipeline_inst/id_ex_reg[operand_b][31]_i_4/O
                         net (fo=3, routed)           0.568    14.052    cpu_inst/dot4acc_pipeline_inst/id_ex_reg[operand_b][31]_i_4_n_0
    SLICE_X7Y13                                                       r  cpu_inst/dot4acc_pipeline_inst/id_ex_reg[accumulator][31]_i_1/I1
    SLICE_X7Y13          LUT3 (Prop_lut3_I1_O)        0.124    14.176 r  cpu_inst/dot4acc_pipeline_inst/id_ex_reg[accumulator][31]_i_1/O
                         net (fo=32, routed)          0.787    14.962    cpu_inst/dot4acc_pipeline_inst_n_3
    SLICE_X8Y16          FDRE                                         r  cpu_inst/id_ex_reg_reg[accumulator][29]/R
  -------------------------------------------------------------------    -------------------

                         (clock sys_clk_pin rise edge)
                                                     10.753    10.753 r  <hidden>
    W5                                                0.000    10.753 r  clk
                         net (fo=0)                   0.000    10.753    clk
    W5                                                                r  clk_IBUF_inst/I
    W5                   IBUF (Prop_ibuf_I_O)         1.388    12.141 r  clk_IBUF_inst/O
                         net (fo=1, routed)           1.862    14.003    clk_IBUF
    BUFGCTRL_X0Y0                                                     r  clk_IBUF_BUFG_inst/I
    BUFGCTRL_X0Y0        BUFG (Prop_bufg_I_O)         0.091    14.094 r  clk_IBUF_BUFG_inst/O
                         net (fo=1820, routed)        1.443    15.537    cpu_inst/clk_IBUF_BUFG
    SLICE_X8Y16          FDRE                                         r  cpu_inst/id_ex_reg_reg[accumulator][29]/C
                         clock pessimism              0.260    15.797    <hidden>
                         clock uncertainty           -0.035    15.762    <hidden>
    SLICE_X8Y16          FDRE (Setup_fdre_C_R)       -0.524    15.238    cpu_inst/id_ex_reg_reg[accumulator][29]
  -------------------------------------------------------------------
                         required time                         15.238    <hidden>
                         arrival time                         -14.963    <hidden>
  -------------------------------------------------------------------
                         slack                                  0.275    <hidden>

Slack (MET) :             0.275ns  (required time - arrival time)
  Source:                 cpu_inst/id_ex_reg_reg[rs1][4]/C
                            (rising edge-triggered cell FDRE clocked by sys_clk_pin  {rise@0.000ns fall@5.376ns period=10.753ns})
  Destination:            cpu_inst/id_ex_reg_reg[accumulator][30]/R
                            (rising edge-triggered cell FDRE clocked by sys_clk_pin  {rise@0.000ns fall@5.376ns period=10.753ns})
  Path Group:             sys_clk_pin
  Path Type:              Setup (Max at Slow Process Corner)
  Requirement:            10.753ns  (sys_clk_pin rise@10.753ns - sys_clk_pin rise@0.000ns)
  Data Path Delay:        9.804ns  (logic 2.839ns (28.957%)  route 6.965ns (71.043%))
  Logic Levels:           12  (CARRY4=2 LUT3=1 LUT4=2 LUT5=4 LUT6=3)
  Clock Path Skew:        -0.114ns (DCD - SCD + CPR)
    Destination Clock Delay (DCD):    4.784ns = ( 15.537 - 10.753 ) 
    Source Clock Delay      (SCD):    5.158ns
    Clock Pessimism Removal (CPR):    0.260ns
  Clock Uncertainty:      0.035ns  ((TSJ^2 + TIJ^2)^1/2 + DJ) / 2 + PE
    Total System Jitter     (TSJ):    0.071ns
    Total Input Jitter      (TIJ):    0.000ns
    Discrete Jitter          (DJ):    0.000ns
    Phase Error              (PE):    0.000ns

    Location             Delay type                Incr(ns)  Path(ns)    Netlist Resource(s)
  -------------------------------------------------------------------    -------------------
                         (clock sys_clk_pin rise edge)
                                                      0.000     0.000 r  <hidden>
    W5                                                0.000     0.000 r  clk
                         net (fo=0)                   0.000     0.000    clk
    W5                                                                r  clk_IBUF_inst/I
    W5                   IBUF (Prop_ibuf_I_O)         1.458     1.458 r  clk_IBUF_inst/O
                         net (fo=1, routed)           1.967     3.425    clk_IBUF
    BUFGCTRL_X0Y0                                                     r  clk_IBUF_BUFG_inst/I
    BUFGCTRL_X0Y0        BUFG (Prop_bufg_I_O)         0.096     3.521 r  clk_IBUF_BUFG_inst/O
                         net (fo=1820, routed)        1.637     5.158    cpu_inst/clk_IBUF_BUFG
    SLICE_X2Y8           FDRE                                         r  cpu_inst/id_ex_reg_reg[rs1][4]/C
  -------------------------------------------------------------------    -------------------
    SLICE_X2Y8           FDRE (Prop_fdre_C_Q)         0.478     5.636 r  cpu_inst/id_ex_reg_reg[rs1][4]/Q
                         net (fo=11, routed)          1.054     6.690    cpu_inst/instr_mem_inst/id_ex_reg_reg[rs1][4]
    SLICE_X2Y6                                                        r  cpu_inst/instr_mem_inst/ex_alu_result0_i_79/I1
    SLICE_X2Y6           LUT6 (Prop_lut6_I1_O)        0.296     6.986 r  cpu_inst/instr_mem_inst/ex_alu_result0_i_79/O
                         net (fo=1, routed)           0.493     7.480    cpu_inst/instr_mem_inst/ex_alu_result0_i_79_n_0
    SLICE_X3Y6                                                        r  cpu_inst/instr_mem_inst/ex_alu_result0_i_42/I3
    SLICE_X3Y6           LUT5 (Prop_lut5_I3_O)        0.124     7.604 r  cpu_inst/instr_mem_inst/ex_alu_result0_i_42/O
                         net (fo=33, routed)          0.999     8.603    cpu_inst/data_mem_inst/ex_alu_result0_10
    SLICE_X10Y8                                                       r  cpu_inst/data_mem_inst/pair0_reg_reg_i_50/I1
    SLICE_X10Y8          LUT5 (Prop_lut5_I1_O)        0.124     8.727 r  cpu_inst/data_mem_inst/pair0_reg_reg_i_50/O
                         net (fo=1, routed)           0.641     9.368    cpu_inst/data_mem_inst/pair0_reg_reg_i_50_n_0
    SLICE_X10Y8                                                       r  cpu_inst/data_mem_inst/pair0_reg_reg_i_30/I2
    SLICE_X10Y8          LUT5 (Prop_lut5_I2_O)        0.124     9.492 r  cpu_inst/data_mem_inst/pair0_reg_reg_i_30/O
                         net (fo=4, routed)           0.999    10.491    cpu_inst/dot4acc_pipeline_inst/redirect_pending_target_reg[31]_i_12_2
    SLICE_X9Y9                                                        r  cpu_inst/dot4acc_pipeline_inst/redirect_pending_target[31]_i_20/I3
    SLICE_X9Y9           LUT6 (Prop_lut6_I3_O)        0.124    10.615 r  cpu_inst/dot4acc_pipeline_inst/redirect_pending_target[31]_i_20/O
                         net (fo=1, routed)           0.000    10.615    cpu_inst/dot4acc_pipeline_inst/redirect_pending_target[31]_i_20_n_0
    SLICE_X9Y9                                                        r  cpu_inst/dot4acc_pipeline_inst/redirect_pending_target_reg[31]_i_12/S[0]
    SLICE_X9Y9           CARRY4 (Prop_carry4_S[0]_CO[3])
                                                      0.532    11.147 r  cpu_inst/dot4acc_pipeline_inst/redirect_pending_target_reg[31]_i_12/CO[3]
                         net (fo=1, routed)           0.000    11.147    cpu_inst/dot4acc_pipeline_inst/redirect_pending_target_reg[31]_i_12_n_0
    SLICE_X9Y10                                                       r  cpu_inst/dot4acc_pipeline_inst/redirect_pending_target_reg[31]_i_5/CI
    SLICE_X9Y10          CARRY4 (Prop_carry4_CI_CO[2])
                                                      0.228    11.375 r  cpu_inst/dot4acc_pipeline_inst/redirect_pending_target_reg[31]_i_5/CO[2]
                         net (fo=18, routed)          0.472    11.847    cpu_inst/dot4acc_pipeline_inst/ex_branch_taken0
    SLICE_X7Y10                                                       r  cpu_inst/dot4acc_pipeline_inst/led_OBUF[12]_inst_i_6/I3
    SLICE_X7Y10          LUT4 (Prop_lut4_I3_O)        0.313    12.160 r  cpu_inst/dot4acc_pipeline_inst/led_OBUF[12]_inst_i_6/O
                         net (fo=42, routed)          0.441    12.601    cpu_inst/dot4acc_pipeline_inst/led_OBUF[12]_inst_i_6_n_0
    SLICE_X5Y10                                                       r  cpu_inst/dot4acc_pipeline_inst/id_ex_reg[pc][31]_i_11/I0
    SLICE_X5Y10          LUT4 (Prop_lut4_I0_O)        0.124    12.725 f  cpu_inst/dot4acc_pipeline_inst/id_ex_reg[pc][31]_i_11/O
                         net (fo=1, routed)           0.154    12.880    cpu_inst/dot4acc_pipeline_inst/id_ex_reg[pc][31]_i_11_n_0
    SLICE_X5Y10                                                       f  cpu_inst/dot4acc_pipeline_inst/id_ex_reg[pc][31]_i_3/I5
    SLICE_X5Y10          LUT6 (Prop_lut6_I5_O)        0.124    13.004 r  cpu_inst/dot4acc_pipeline_inst/id_ex_reg[pc][31]_i_3/O
                         net (fo=13, routed)          0.356    13.359    cpu_inst/dot4acc_pipeline_inst/id_ex_reg[pc][31]_i_3_n_0
    SLICE_X7Y10                                                       r  cpu_inst/dot4acc_pipeline_inst/id_ex_reg[operand_b][31]_i_4/I2
    SLICE_X7Y10          LUT5 (Prop_lut5_I2_O)        0.124    13.483 r  cpu_inst/dot4acc_pipeline_inst/id_ex_reg[operand_b][31]_i_4/O
                         net (fo=3, routed)           0.568    14.052    cpu_inst/dot4acc_pipeline_inst/id_ex_reg[operand_b][31]_i_4_n_0
    SLICE_X7Y13                                                       r  cpu_inst/dot4acc_pipeline_inst/id_ex_reg[accumulator][31]_i_1/I1
    SLICE_X7Y13          LUT3 (Prop_lut3_I1_O)        0.124    14.176 r  cpu_inst/dot4acc_pipeline_inst/id_ex_reg[accumulator][31]_i_1/O
                         net (fo=32, routed)          0.787    14.962    cpu_inst/dot4acc_pipeline_inst_n_3
    SLICE_X8Y16          FDRE                                         r  cpu_inst/id_ex_reg_reg[accumulator][30]/R
  -------------------------------------------------------------------    -------------------

                         (clock sys_clk_pin rise edge)
                                                     10.753    10.753 r  <hidden>
    W5                                                0.000    10.753 r  clk
                         net (fo=0)                   0.000    10.753    clk
    W5                                                                r  clk_IBUF_inst/I
    W5                   IBUF (Prop_ibuf_I_O)         1.388    12.141 r  clk_IBUF_inst/O
                         net (fo=1, routed)           1.862    14.003    clk_IBUF
    BUFGCTRL_X0Y0                                                     r  clk_IBUF_BUFG_inst/I
    BUFGCTRL_X0Y0        BUFG (Prop_bufg_I_O)         0.091    14.094 r  clk_IBUF_BUFG_inst/O
                         net (fo=1820, routed)        1.443    15.537    cpu_inst/clk_IBUF_BUFG
    SLICE_X8Y16          FDRE                                         r  cpu_inst/id_ex_reg_reg[accumulator][30]/C
                         clock pessimism              0.260    15.797    <hidden>
                         clock uncertainty           -0.035    15.762    <hidden>
    SLICE_X8Y16          FDRE (Setup_fdre_C_R)       -0.524    15.238    cpu_inst/id_ex_reg_reg[accumulator][30]
  -------------------------------------------------------------------
                         required time                         15.238    <hidden>
                         arrival time                         -14.963    <hidden>
  -------------------------------------------------------------------
                         slack                                  0.275    <hidden>

Slack (MET) :             0.276ns  (required time - arrival time)
  Source:                 cpu_inst/id_ex_reg_reg[rs1][4]/C
                            (rising edge-triggered cell FDRE clocked by sys_clk_pin  {rise@0.000ns fall@5.376ns period=10.753ns})
  Destination:            cpu_inst/id_ex_reg_reg[accumulator][24]/R
                            (rising edge-triggered cell FDRE clocked by sys_clk_pin  {rise@0.000ns fall@5.376ns period=10.753ns})
  Path Group:             sys_clk_pin
  Path Type:              Setup (Max at Slow Process Corner)
  Requirement:            10.753ns  (sys_clk_pin rise@10.753ns - sys_clk_pin rise@0.000ns)
  Data Path Delay:        9.804ns  (logic 2.839ns (28.956%)  route 6.965ns (71.044%))
  Logic Levels:           12  (CARRY4=2 LUT3=1 LUT4=2 LUT5=4 LUT6=3)
  Clock Path Skew:        -0.113ns (DCD - SCD + CPR)
    Destination Clock Delay (DCD):    4.785ns = ( 15.538 - 10.753 ) 
    Source Clock Delay      (SCD):    5.158ns
    Clock Pessimism Removal (CPR):    0.260ns
  Clock Uncertainty:      0.035ns  ((TSJ^2 + TIJ^2)^1/2 + DJ) / 2 + PE
    Total System Jitter     (TSJ):    0.071ns
    Total Input Jitter      (TIJ):    0.000ns
    Discrete Jitter          (DJ):    0.000ns
    Phase Error              (PE):    0.000ns

    Location             Delay type                Incr(ns)  Path(ns)    Netlist Resource(s)
  -------------------------------------------------------------------    -------------------
                         (clock sys_clk_pin rise edge)
                                                      0.000     0.000 r  <hidden>
    W5                                                0.000     0.000 r  clk
                         net (fo=0)                   0.000     0.000    clk
    W5                                                                r  clk_IBUF_inst/I
    W5                   IBUF (Prop_ibuf_I_O)         1.458     1.458 r  clk_IBUF_inst/O
                         net (fo=1, routed)           1.967     3.425    clk_IBUF
    BUFGCTRL_X0Y0                                                     r  clk_IBUF_BUFG_inst/I
    BUFGCTRL_X0Y0        BUFG (Prop_bufg_I_O)         0.096     3.521 r  clk_IBUF_BUFG_inst/O
                         net (fo=1820, routed)        1.637     5.158    cpu_inst/clk_IBUF_BUFG
    SLICE_X2Y8           FDRE                                         r  cpu_inst/id_ex_reg_reg[rs1][4]/C
  -------------------------------------------------------------------    -------------------
    SLICE_X2Y8           FDRE (Prop_fdre_C_Q)         0.478     5.636 r  cpu_inst/id_ex_reg_reg[rs1][4]/Q
                         net (fo=11, routed)          1.054     6.690    cpu_inst/instr_mem_inst/id_ex_reg_reg[rs1][4]
    SLICE_X2Y6                                                        r  cpu_inst/instr_mem_inst/ex_alu_result0_i_79/I1
    SLICE_X2Y6           LUT6 (Prop_lut6_I1_O)        0.296     6.986 r  cpu_inst/instr_mem_inst/ex_alu_result0_i_79/O
                         net (fo=1, routed)           0.493     7.480    cpu_inst/instr_mem_inst/ex_alu_result0_i_79_n_0
    SLICE_X3Y6                                                        r  cpu_inst/instr_mem_inst/ex_alu_result0_i_42/I3
    SLICE_X3Y6           LUT5 (Prop_lut5_I3_O)        0.124     7.604 r  cpu_inst/instr_mem_inst/ex_alu_result0_i_42/O
                         net (fo=33, routed)          0.999     8.603    cpu_inst/data_mem_inst/ex_alu_result0_10
    SLICE_X10Y8                                                       r  cpu_inst/data_mem_inst/pair0_reg_reg_i_50/I1
    SLICE_X10Y8          LUT5 (Prop_lut5_I1_O)        0.124     8.727 r  cpu_inst/data_mem_inst/pair0_reg_reg_i_50/O
                         net (fo=1, routed)           0.641     9.368    cpu_inst/data_mem_inst/pair0_reg_reg_i_50_n_0
    SLICE_X10Y8                                                       r  cpu_inst/data_mem_inst/pair0_reg_reg_i_30/I2
    SLICE_X10Y8          LUT5 (Prop_lut5_I2_O)        0.124     9.492 r  cpu_inst/data_mem_inst/pair0_reg_reg_i_30/O
                         net (fo=4, routed)           0.999    10.491    cpu_inst/dot4acc_pipeline_inst/redirect_pending_target_reg[31]_i_12_2
    SLICE_X9Y9                                                        r  cpu_inst/dot4acc_pipeline_inst/redirect_pending_target[31]_i_20/I3
    SLICE_X9Y9           LUT6 (Prop_lut6_I3_O)        0.124    10.615 r  cpu_inst/dot4acc_pipeline_inst/redirect_pending_target[31]_i_20/O
                         net (fo=1, routed)           0.000    10.615    cpu_inst/dot4acc_pipeline_inst/redirect_pending_target[31]_i_20_n_0
    SLICE_X9Y9                                                        r  cpu_inst/dot4acc_pipeline_inst/redirect_pending_target_reg[31]_i_12/S[0]
    SLICE_X9Y9           CARRY4 (Prop_carry4_S[0]_CO[3])
                                                      0.532    11.147 r  cpu_inst/dot4acc_pipeline_inst/redirect_pending_target_reg[31]_i_12/CO[3]
                         net (fo=1, routed)           0.000    11.147    cpu_inst/dot4acc_pipeline_inst/redirect_pending_target_reg[31]_i_12_n_0
    SLICE_X9Y10                                                       r  cpu_inst/dot4acc_pipeline_inst/redirect_pending_target_reg[31]_i_5/CI
    SLICE_X9Y10          CARRY4 (Prop_carry4_CI_CO[2])
                                                      0.228    11.375 r  cpu_inst/dot4acc_pipeline_inst/redirect_pending_target_reg[31]_i_5/CO[2]
                         net (fo=18, routed)          0.472    11.847    cpu_inst/dot4acc_pipeline_inst/ex_branch_taken0
    SLICE_X7Y10                                                       r  cpu_inst/dot4acc_pipeline_inst/led_OBUF[12]_inst_i_6/I3
    SLICE_X7Y10          LUT4 (Prop_lut4_I3_O)        0.313    12.160 r  cpu_inst/dot4acc_pipeline_inst/led_OBUF[12]_inst_i_6/O
                         net (fo=42, routed)          0.441    12.601    cpu_inst/dot4acc_pipeline_inst/led_OBUF[12]_inst_i_6_n_0
    SLICE_X5Y10                                                       r  cpu_inst/dot4acc_pipeline_inst/id_ex_reg[pc][31]_i_11/I0
    SLICE_X5Y10          LUT4 (Prop_lut4_I0_O)        0.124    12.725 f  cpu_inst/dot4acc_pipeline_inst/id_ex_reg[pc][31]_i_11/O
                         net (fo=1, routed)           0.154    12.880    cpu_inst/dot4acc_pipeline_inst/id_ex_reg[pc][31]_i_11_n_0
    SLICE_X5Y10                                                       f  cpu_inst/dot4acc_pipeline_inst/id_ex_reg[pc][31]_i_3/I5
    SLICE_X5Y10          LUT6 (Prop_lut6_I5_O)        0.124    13.004 r  cpu_inst/dot4acc_pipeline_inst/id_ex_reg[pc][31]_i_3/O
                         net (fo=13, routed)          0.356    13.359    cpu_inst/dot4acc_pipeline_inst/id_ex_reg[pc][31]_i_3_n_0
    SLICE_X7Y10                                                       r  cpu_inst/dot4acc_pipeline_inst/id_ex_reg[operand_b][31]_i_4/I2
    SLICE_X7Y10          LUT5 (Prop_lut5_I2_O)        0.124    13.483 r  cpu_inst/dot4acc_pipeline_inst/id_ex_reg[operand_b][31]_i_4/O
                         net (fo=3, routed)           0.568    14.052    cpu_inst/dot4acc_pipeline_inst/id_ex_reg[operand_b][31]_i_4_n_0
    SLICE_X7Y13                                                       r  cpu_inst/dot4acc_pipeline_inst/id_ex_reg[accumulator][31]_i_1/I1
    SLICE_X7Y13          LUT3 (Prop_lut3_I1_O)        0.124    14.176 r  cpu_inst/dot4acc_pipeline_inst/id_ex_reg[accumulator][31]_i_1/O
                         net (fo=32, routed)          0.787    14.963    cpu_inst/dot4acc_pipeline_inst_n_3
    SLICE_X8Y15          FDRE                                         r  cpu_inst/id_ex_reg_reg[accumulator][24]/R
  -------------------------------------------------------------------    -------------------

                         (clock sys_clk_pin rise edge)
                                                     10.753    10.753 r  <hidden>
    W5                                                0.000    10.753 r  clk
                         net (fo=0)                   0.000    10.753    clk
    W5                                                                r  clk_IBUF_inst/I
    W5                   IBUF (Prop_ibuf_I_O)         1.388    12.141 r  clk_IBUF_inst/O
                         net (fo=1, routed)           1.862    14.003    clk_IBUF
    BUFGCTRL_X0Y0                                                     r  clk_IBUF_BUFG_inst/I
    BUFGCTRL_X0Y0        BUFG (Prop_bufg_I_O)         0.091    14.094 r  clk_IBUF_BUFG_inst/O
                         net (fo=1820, routed)        1.444    15.538    cpu_inst/clk_IBUF_BUFG
    SLICE_X8Y15          FDRE                                         r  cpu_inst/id_ex_reg_reg[accumulator][24]/C
                         clock pessimism              0.260    15.798    <hidden>
                         clock uncertainty           -0.035    15.763    <hidden>
    SLICE_X8Y15          FDRE (Setup_fdre_C_R)       -0.524    15.239    cpu_inst/id_ex_reg_reg[accumulator][24]
  -------------------------------------------------------------------
                         required time                         15.239    <hidden>
                         arrival time                         -14.963    <hidden>
  -------------------------------------------------------------------
                         slack                                  0.276    <hidden>

Slack (MET) :             0.276ns  (required time - arrival time)
  Source:                 cpu_inst/id_ex_reg_reg[rs1][4]/C
                            (rising edge-triggered cell FDRE clocked by sys_clk_pin  {rise@0.000ns fall@5.376ns period=10.753ns})
  Destination:            cpu_inst/id_ex_reg_reg[accumulator][26]/R
                            (rising edge-triggered cell FDRE clocked by sys_clk_pin  {rise@0.000ns fall@5.376ns period=10.753ns})
  Path Group:             sys_clk_pin
  Path Type:              Setup (Max at Slow Process Corner)
  Requirement:            10.753ns  (sys_clk_pin rise@10.753ns - sys_clk_pin rise@0.000ns)
  Data Path Delay:        9.804ns  (logic 2.839ns (28.956%)  route 6.965ns (71.044%))
  Logic Levels:           12  (CARRY4=2 LUT3=1 LUT4=2 LUT5=4 LUT6=3)
  Clock Path Skew:        -0.113ns (DCD - SCD + CPR)
    Destination Clock Delay (DCD):    4.785ns = ( 15.538 - 10.753 ) 
    Source Clock Delay      (SCD):    5.158ns
    Clock Pessimism Removal (CPR):    0.260ns
  Clock Uncertainty:      0.035ns  ((TSJ^2 + TIJ^2)^1/2 + DJ) / 2 + PE
    Total System Jitter     (TSJ):    0.071ns
    Total Input Jitter      (TIJ):    0.000ns
    Discrete Jitter          (DJ):    0.000ns
    Phase Error              (PE):    0.000ns

    Location             Delay type                Incr(ns)  Path(ns)    Netlist Resource(s)
  -------------------------------------------------------------------    -------------------
                         (clock sys_clk_pin rise edge)
                                                      0.000     0.000 r  <hidden>
    W5                                                0.000     0.000 r  clk
                         net (fo=0)                   0.000     0.000    clk
    W5                                                                r  clk_IBUF_inst/I
    W5                   IBUF (Prop_ibuf_I_O)         1.458     1.458 r  clk_IBUF_inst/O
                         net (fo=1, routed)           1.967     3.425    clk_IBUF
    BUFGCTRL_X0Y0                                                     r  clk_IBUF_BUFG_inst/I
    BUFGCTRL_X0Y0        BUFG (Prop_bufg_I_O)         0.096     3.521 r  clk_IBUF_BUFG_inst/O
                         net (fo=1820, routed)        1.637     5.158    cpu_inst/clk_IBUF_BUFG
    SLICE_X2Y8           FDRE                                         r  cpu_inst/id_ex_reg_reg[rs1][4]/C
  -------------------------------------------------------------------    -------------------
    SLICE_X2Y8           FDRE (Prop_fdre_C_Q)         0.478     5.636 r  cpu_inst/id_ex_reg_reg[rs1][4]/Q
                         net (fo=11, routed)          1.054     6.690    cpu_inst/instr_mem_inst/id_ex_reg_reg[rs1][4]
    SLICE_X2Y6                                                        r  cpu_inst/instr_mem_inst/ex_alu_result0_i_79/I1
    SLICE_X2Y6           LUT6 (Prop_lut6_I1_O)        0.296     6.986 r  cpu_inst/instr_mem_inst/ex_alu_result0_i_79/O
                         net (fo=1, routed)           0.493     7.480    cpu_inst/instr_mem_inst/ex_alu_result0_i_79_n_0
    SLICE_X3Y6                                                        r  cpu_inst/instr_mem_inst/ex_alu_result0_i_42/I3
    SLICE_X3Y6           LUT5 (Prop_lut5_I3_O)        0.124     7.604 r  cpu_inst/instr_mem_inst/ex_alu_result0_i_42/O
                         net (fo=33, routed)          0.999     8.603    cpu_inst/data_mem_inst/ex_alu_result0_10
    SLICE_X10Y8                                                       r  cpu_inst/data_mem_inst/pair0_reg_reg_i_50/I1
    SLICE_X10Y8          LUT5 (Prop_lut5_I1_O)        0.124     8.727 r  cpu_inst/data_mem_inst/pair0_reg_reg_i_50/O
                         net (fo=1, routed)           0.641     9.368    cpu_inst/data_mem_inst/pair0_reg_reg_i_50_n_0
    SLICE_X10Y8                                                       r  cpu_inst/data_mem_inst/pair0_reg_reg_i_30/I2
    SLICE_X10Y8          LUT5 (Prop_lut5_I2_O)        0.124     9.492 r  cpu_inst/data_mem_inst/pair0_reg_reg_i_30/O
                         net (fo=4, routed)           0.999    10.491    cpu_inst/dot4acc_pipeline_inst/redirect_pending_target_reg[31]_i_12_2
    SLICE_X9Y9                                                        r  cpu_inst/dot4acc_pipeline_inst/redirect_pending_target[31]_i_20/I3
    SLICE_X9Y9           LUT6 (Prop_lut6_I3_O)        0.124    10.615 r  cpu_inst/dot4acc_pipeline_inst/redirect_pending_target[31]_i_20/O
                         net (fo=1, routed)           0.000    10.615    cpu_inst/dot4acc_pipeline_inst/redirect_pending_target[31]_i_20_n_0
    SLICE_X9Y9                                                        r  cpu_inst/dot4acc_pipeline_inst/redirect_pending_target_reg[31]_i_12/S[0]
    SLICE_X9Y9           CARRY4 (Prop_carry4_S[0]_CO[3])
                                                      0.532    11.147 r  cpu_inst/dot4acc_pipeline_inst/redirect_pending_target_reg[31]_i_12/CO[3]
                         net (fo=1, routed)           0.000    11.147    cpu_inst/dot4acc_pipeline_inst/redirect_pending_target_reg[31]_i_12_n_0
    SLICE_X9Y10                                                       r  cpu_inst/dot4acc_pipeline_inst/redirect_pending_target_reg[31]_i_5/CI
    SLICE_X9Y10          CARRY4 (Prop_carry4_CI_CO[2])
                                                      0.228    11.375 r  cpu_inst/dot4acc_pipeline_inst/redirect_pending_target_reg[31]_i_5/CO[2]
                         net (fo=18, routed)          0.472    11.847    cpu_inst/dot4acc_pipeline_inst/ex_branch_taken0
    SLICE_X7Y10                                                       r  cpu_inst/dot4acc_pipeline_inst/led_OBUF[12]_inst_i_6/I3
    SLICE_X7Y10          LUT4 (Prop_lut4_I3_O)        0.313    12.160 r  cpu_inst/dot4acc_pipeline_inst/led_OBUF[12]_inst_i_6/O
                         net (fo=42, routed)          0.441    12.601    cpu_inst/dot4acc_pipeline_inst/led_OBUF[12]_inst_i_6_n_0
    SLICE_X5Y10                                                       r  cpu_inst/dot4acc_pipeline_inst/id_ex_reg[pc][31]_i_11/I0
    SLICE_X5Y10          LUT4 (Prop_lut4_I0_O)        0.124    12.725 f  cpu_inst/dot4acc_pipeline_inst/id_ex_reg[pc][31]_i_11/O
                         net (fo=1, routed)           0.154    12.880    cpu_inst/dot4acc_pipeline_inst/id_ex_reg[pc][31]_i_11_n_0
    SLICE_X5Y10                                                       f  cpu_inst/dot4acc_pipeline_inst/id_ex_reg[pc][31]_i_3/I5
    SLICE_X5Y10          LUT6 (Prop_lut6_I5_O)        0.124    13.004 r  cpu_inst/dot4acc_pipeline_inst/id_ex_reg[pc][31]_i_3/O
                         net (fo=13, routed)          0.356    13.359    cpu_inst/dot4acc_pipeline_inst/id_ex_reg[pc][31]_i_3_n_0
    SLICE_X7Y10                                                       r  cpu_inst/dot4acc_pipeline_inst/id_ex_reg[operand_b][31]_i_4/I2
    SLICE_X7Y10          LUT5 (Prop_lut5_I2_O)        0.124    13.483 r  cpu_inst/dot4acc_pipeline_inst/id_ex_reg[operand_b][31]_i_4/O
                         net (fo=3, routed)           0.568    14.052    cpu_inst/dot4acc_pipeline_inst/id_ex_reg[operand_b][31]_i_4_n_0
    SLICE_X7Y13                                                       r  cpu_inst/dot4acc_pipeline_inst/id_ex_reg[accumulator][31]_i_1/I1
    SLICE_X7Y13          LUT3 (Prop_lut3_I1_O)        0.124    14.176 r  cpu_inst/dot4acc_pipeline_inst/id_ex_reg[accumulator][31]_i_1/O
                         net (fo=32, routed)          0.787    14.963    cpu_inst/dot4acc_pipeline_inst_n_3
    SLICE_X8Y15          FDRE                                         r  cpu_inst/id_ex_reg_reg[accumulator][26]/R
  -------------------------------------------------------------------    -------------------

                         (clock sys_clk_pin rise edge)
                                                     10.753    10.753 r  <hidden>
    W5                                                0.000    10.753 r  clk
                         net (fo=0)                   0.000    10.753    clk
    W5                                                                r  clk_IBUF_inst/I
    W5                   IBUF (Prop_ibuf_I_O)         1.388    12.141 r  clk_IBUF_inst/O
                         net (fo=1, routed)           1.862    14.003    clk_IBUF
    BUFGCTRL_X0Y0                                                     r  clk_IBUF_BUFG_inst/I
    BUFGCTRL_X0Y0        BUFG (Prop_bufg_I_O)         0.091    14.094 r  clk_IBUF_BUFG_inst/O
                         net (fo=1820, routed)        1.444    15.538    cpu_inst/clk_IBUF_BUFG
    SLICE_X8Y15          FDRE                                         r  cpu_inst/id_ex_reg_reg[accumulator][26]/C
                         clock pessimism              0.260    15.798    <hidden>
                         clock uncertainty           -0.035    15.763    <hidden>
    SLICE_X8Y15          FDRE (Setup_fdre_C_R)       -0.524    15.239    cpu_inst/id_ex_reg_reg[accumulator][26]
  -------------------------------------------------------------------
                         required time                         15.239    <hidden>
                         arrival time                         -14.963    <hidden>
  -------------------------------------------------------------------
                         slack                                  0.276    <hidden>

Slack (MET) :             0.276ns  (required time - arrival time)
  Source:                 cpu_inst/id_ex_reg_reg[rs1][4]/C
                            (rising edge-triggered cell FDRE clocked by sys_clk_pin  {rise@0.000ns fall@5.376ns period=10.753ns})
  Destination:            cpu_inst/id_ex_reg_reg[accumulator][4]/R
                            (rising edge-triggered cell FDRE clocked by sys_clk_pin  {rise@0.000ns fall@5.376ns period=10.753ns})
  Path Group:             sys_clk_pin
  Path Type:              Setup (Max at Slow Process Corner)
  Requirement:            10.753ns  (sys_clk_pin rise@10.753ns - sys_clk_pin rise@0.000ns)
  Data Path Delay:        9.804ns  (logic 2.839ns (28.956%)  route 6.965ns (71.044%))
  Logic Levels:           12  (CARRY4=2 LUT3=1 LUT4=2 LUT5=4 LUT6=3)
  Clock Path Skew:        -0.113ns (DCD - SCD + CPR)
    Destination Clock Delay (DCD):    4.785ns = ( 15.538 - 10.753 ) 
    Source Clock Delay      (SCD):    5.158ns
    Clock Pessimism Removal (CPR):    0.260ns
  Clock Uncertainty:      0.035ns  ((TSJ^2 + TIJ^2)^1/2 + DJ) / 2 + PE
    Total System Jitter     (TSJ):    0.071ns
    Total Input Jitter      (TIJ):    0.000ns
    Discrete Jitter          (DJ):    0.000ns
    Phase Error              (PE):    0.000ns

    Location             Delay type                Incr(ns)  Path(ns)    Netlist Resource(s)
  -------------------------------------------------------------------    -------------------
                         (clock sys_clk_pin rise edge)
                                                      0.000     0.000 r  <hidden>
    W5                                                0.000     0.000 r  clk
                         net (fo=0)                   0.000     0.000    clk
    W5                                                                r  clk_IBUF_inst/I
    W5                   IBUF (Prop_ibuf_I_O)         1.458     1.458 r  clk_IBUF_inst/O
                         net (fo=1, routed)           1.967     3.425    clk_IBUF
    BUFGCTRL_X0Y0                                                     r  clk_IBUF_BUFG_inst/I
    BUFGCTRL_X0Y0        BUFG (Prop_bufg_I_O)         0.096     3.521 r  clk_IBUF_BUFG_inst/O
                         net (fo=1820, routed)        1.637     5.158    cpu_inst/clk_IBUF_BUFG
    SLICE_X2Y8           FDRE                                         r  cpu_inst/id_ex_reg_reg[rs1][4]/C
  -------------------------------------------------------------------    -------------------
    SLICE_X2Y8           FDRE (Prop_fdre_C_Q)         0.478     5.636 r  cpu_inst/id_ex_reg_reg[rs1][4]/Q
                         net (fo=11, routed)          1.054     6.690    cpu_inst/instr_mem_inst/id_ex_reg_reg[rs1][4]
    SLICE_X2Y6                                                        r  cpu_inst/instr_mem_inst/ex_alu_result0_i_79/I1
    SLICE_X2Y6           LUT6 (Prop_lut6_I1_O)        0.296     6.986 r  cpu_inst/instr_mem_inst/ex_alu_result0_i_79/O
                         net (fo=1, routed)           0.493     7.480    cpu_inst/instr_mem_inst/ex_alu_result0_i_79_n_0
    SLICE_X3Y6                                                        r  cpu_inst/instr_mem_inst/ex_alu_result0_i_42/I3
    SLICE_X3Y6           LUT5 (Prop_lut5_I3_O)        0.124     7.604 r  cpu_inst/instr_mem_inst/ex_alu_result0_i_42/O
                         net (fo=33, routed)          0.999     8.603    cpu_inst/data_mem_inst/ex_alu_result0_10
    SLICE_X10Y8                                                       r  cpu_inst/data_mem_inst/pair0_reg_reg_i_50/I1
    SLICE_X10Y8          LUT5 (Prop_lut5_I1_O)        0.124     8.727 r  cpu_inst/data_mem_inst/pair0_reg_reg_i_50/O
                         net (fo=1, routed)           0.641     9.368    cpu_inst/data_mem_inst/pair0_reg_reg_i_50_n_0
    SLICE_X10Y8                                                       r  cpu_inst/data_mem_inst/pair0_reg_reg_i_30/I2
    SLICE_X10Y8          LUT5 (Prop_lut5_I2_O)        0.124     9.492 r  cpu_inst/data_mem_inst/pair0_reg_reg_i_30/O
                         net (fo=4, routed)           0.999    10.491    cpu_inst/dot4acc_pipeline_inst/redirect_pending_target_reg[31]_i_12_2
    SLICE_X9Y9                                                        r  cpu_inst/dot4acc_pipeline_inst/redirect_pending_target[31]_i_20/I3
    SLICE_X9Y9           LUT6 (Prop_lut6_I3_O)        0.124    10.615 r  cpu_inst/dot4acc_pipeline_inst/redirect_pending_target[31]_i_20/O
                         net (fo=1, routed)           0.000    10.615    cpu_inst/dot4acc_pipeline_inst/redirect_pending_target[31]_i_20_n_0
    SLICE_X9Y9                                                        r  cpu_inst/dot4acc_pipeline_inst/redirect_pending_target_reg[31]_i_12/S[0]
    SLICE_X9Y9           CARRY4 (Prop_carry4_S[0]_CO[3])
                                                      0.532    11.147 r  cpu_inst/dot4acc_pipeline_inst/redirect_pending_target_reg[31]_i_12/CO[3]
                         net (fo=1, routed)           0.000    11.147    cpu_inst/dot4acc_pipeline_inst/redirect_pending_target_reg[31]_i_12_n_0
    SLICE_X9Y10                                                       r  cpu_inst/dot4acc_pipeline_inst/redirect_pending_target_reg[31]_i_5/CI
    SLICE_X9Y10          CARRY4 (Prop_carry4_CI_CO[2])
                                                      0.228    11.375 r  cpu_inst/dot4acc_pipeline_inst/redirect_pending_target_reg[31]_i_5/CO[2]
                         net (fo=18, routed)          0.472    11.847    cpu_inst/dot4acc_pipeline_inst/ex_branch_taken0
    SLICE_X7Y10                                                       r  cpu_inst/dot4acc_pipeline_inst/led_OBUF[12]_inst_i_6/I3
    SLICE_X7Y10          LUT4 (Prop_lut4_I3_O)        0.313    12.160 r  cpu_inst/dot4acc_pipeline_inst/led_OBUF[12]_inst_i_6/O
                         net (fo=42, routed)          0.441    12.601    cpu_inst/dot4acc_pipeline_inst/led_OBUF[12]_inst_i_6_n_0
    SLICE_X5Y10                                                       r  cpu_inst/dot4acc_pipeline_inst/id_ex_reg[pc][31]_i_11/I0
    SLICE_X5Y10          LUT4 (Prop_lut4_I0_O)        0.124    12.725 f  cpu_inst/dot4acc_pipeline_inst/id_ex_reg[pc][31]_i_11/O
                         net (fo=1, routed)           0.154    12.880    cpu_inst/dot4acc_pipeline_inst/id_ex_reg[pc][31]_i_11_n_0
    SLICE_X5Y10                                                       f  cpu_inst/dot4acc_pipeline_inst/id_ex_reg[pc][31]_i_3/I5
    SLICE_X5Y10          LUT6 (Prop_lut6_I5_O)        0.124    13.004 r  cpu_inst/dot4acc_pipeline_inst/id_ex_reg[pc][31]_i_3/O
                         net (fo=13, routed)          0.356    13.359    cpu_inst/dot4acc_pipeline_inst/id_ex_reg[pc][31]_i_3_n_0
    SLICE_X7Y10                                                       r  cpu_inst/dot4acc_pipeline_inst/id_ex_reg[operand_b][31]_i_4/I2
    SLICE_X7Y10          LUT5 (Prop_lut5_I2_O)        0.124    13.483 r  cpu_inst/dot4acc_pipeline_inst/id_ex_reg[operand_b][31]_i_4/O
                         net (fo=3, routed)           0.568    14.052    cpu_inst/dot4acc_pipeline_inst/id_ex_reg[operand_b][31]_i_4_n_0
    SLICE_X7Y13                                                       r  cpu_inst/dot4acc_pipeline_inst/id_ex_reg[accumulator][31]_i_1/I1
    SLICE_X7Y13          LUT3 (Prop_lut3_I1_O)        0.124    14.176 r  cpu_inst/dot4acc_pipeline_inst/id_ex_reg[accumulator][31]_i_1/O
                         net (fo=32, routed)          0.787    14.963    cpu_inst/dot4acc_pipeline_inst_n_3
    SLICE_X8Y15          FDRE                                         r  cpu_inst/id_ex_reg_reg[accumulator][4]/R
  -------------------------------------------------------------------    -------------------

                         (clock sys_clk_pin rise edge)
                                                     10.753    10.753 r  <hidden>
    W5                                                0.000    10.753 r  clk
                         net (fo=0)                   0.000    10.753    clk
    W5                                                                r  clk_IBUF_inst/I
    W5                   IBUF (Prop_ibuf_I_O)         1.388    12.141 r  clk_IBUF_inst/O
                         net (fo=1, routed)           1.862    14.003    clk_IBUF
    BUFGCTRL_X0Y0                                                     r  clk_IBUF_BUFG_inst/I
    BUFGCTRL_X0Y0        BUFG (Prop_bufg_I_O)         0.091    14.094 r  clk_IBUF_BUFG_inst/O
                         net (fo=1820, routed)        1.444    15.538    cpu_inst/clk_IBUF_BUFG
    SLICE_X8Y15          FDRE                                         r  cpu_inst/id_ex_reg_reg[accumulator][4]/C
                         clock pessimism              0.260    15.798    <hidden>
                         clock uncertainty           -0.035    15.763    <hidden>
    SLICE_X8Y15          FDRE (Setup_fdre_C_R)       -0.524    15.239    cpu_inst/id_ex_reg_reg[accumulator][4]
  -------------------------------------------------------------------
                         required time                         15.239    <hidden>
                         arrival time                         -14.963    <hidden>
  -------------------------------------------------------------------
                         slack                                  0.276    <hidden>

Slack (MET) :             0.276ns  (required time - arrival time)
  Source:                 cpu_inst/id_ex_reg_reg[rs1][4]/C
                            (rising edge-triggered cell FDRE clocked by sys_clk_pin  {rise@0.000ns fall@5.376ns period=10.753ns})
  Destination:            cpu_inst/id_ex_reg_reg[accumulator][7]/R
                            (rising edge-triggered cell FDRE clocked by sys_clk_pin  {rise@0.000ns fall@5.376ns period=10.753ns})
  Path Group:             sys_clk_pin
  Path Type:              Setup (Max at Slow Process Corner)
  Requirement:            10.753ns  (sys_clk_pin rise@10.753ns - sys_clk_pin rise@0.000ns)
  Data Path Delay:        9.804ns  (logic 2.839ns (28.956%)  route 6.965ns (71.044%))
  Logic Levels:           12  (CARRY4=2 LUT3=1 LUT4=2 LUT5=4 LUT6=3)
  Clock Path Skew:        -0.113ns (DCD - SCD + CPR)
    Destination Clock Delay (DCD):    4.785ns = ( 15.538 - 10.753 ) 
    Source Clock Delay      (SCD):    5.158ns
    Clock Pessimism Removal (CPR):    0.260ns
  Clock Uncertainty:      0.035ns  ((TSJ^2 + TIJ^2)^1/2 + DJ) / 2 + PE
    Total System Jitter     (TSJ):    0.071ns
    Total Input Jitter      (TIJ):    0.000ns
    Discrete Jitter          (DJ):    0.000ns
    Phase Error              (PE):    0.000ns

    Location             Delay type                Incr(ns)  Path(ns)    Netlist Resource(s)
  -------------------------------------------------------------------    -------------------
                         (clock sys_clk_pin rise edge)
                                                      0.000     0.000 r  <hidden>
    W5                                                0.000     0.000 r  clk
                         net (fo=0)                   0.000     0.000    clk
    W5                                                                r  clk_IBUF_inst/I
    W5                   IBUF (Prop_ibuf_I_O)         1.458     1.458 r  clk_IBUF_inst/O
                         net (fo=1, routed)           1.967     3.425    clk_IBUF
    BUFGCTRL_X0Y0                                                     r  clk_IBUF_BUFG_inst/I
    BUFGCTRL_X0Y0        BUFG (Prop_bufg_I_O)         0.096     3.521 r  clk_IBUF_BUFG_inst/O
                         net (fo=1820, routed)        1.637     5.158    cpu_inst/clk_IBUF_BUFG
    SLICE_X2Y8           FDRE                                         r  cpu_inst/id_ex_reg_reg[rs1][4]/C
  -------------------------------------------------------------------    -------------------
    SLICE_X2Y8           FDRE (Prop_fdre_C_Q)         0.478     5.636 r  cpu_inst/id_ex_reg_reg[rs1][4]/Q
                         net (fo=11, routed)          1.054     6.690    cpu_inst/instr_mem_inst/id_ex_reg_reg[rs1][4]
    SLICE_X2Y6                                                        r  cpu_inst/instr_mem_inst/ex_alu_result0_i_79/I1
    SLICE_X2Y6           LUT6 (Prop_lut6_I1_O)        0.296     6.986 r  cpu_inst/instr_mem_inst/ex_alu_result0_i_79/O
                         net (fo=1, routed)           0.493     7.480    cpu_inst/instr_mem_inst/ex_alu_result0_i_79_n_0
    SLICE_X3Y6                                                        r  cpu_inst/instr_mem_inst/ex_alu_result0_i_42/I3
    SLICE_X3Y6           LUT5 (Prop_lut5_I3_O)        0.124     7.604 r  cpu_inst/instr_mem_inst/ex_alu_result0_i_42/O
                         net (fo=33, routed)          0.999     8.603    cpu_inst/data_mem_inst/ex_alu_result0_10
    SLICE_X10Y8                                                       r  cpu_inst/data_mem_inst/pair0_reg_reg_i_50/I1
    SLICE_X10Y8          LUT5 (Prop_lut5_I1_O)        0.124     8.727 r  cpu_inst/data_mem_inst/pair0_reg_reg_i_50/O
                         net (fo=1, routed)           0.641     9.368    cpu_inst/data_mem_inst/pair0_reg_reg_i_50_n_0
    SLICE_X10Y8                                                       r  cpu_inst/data_mem_inst/pair0_reg_reg_i_30/I2
    SLICE_X10Y8          LUT5 (Prop_lut5_I2_O)        0.124     9.492 r  cpu_inst/data_mem_inst/pair0_reg_reg_i_30/O
                         net (fo=4, routed)           0.999    10.491    cpu_inst/dot4acc_pipeline_inst/redirect_pending_target_reg[31]_i_12_2
    SLICE_X9Y9                                                        r  cpu_inst/dot4acc_pipeline_inst/redirect_pending_target[31]_i_20/I3
    SLICE_X9Y9           LUT6 (Prop_lut6_I3_O)        0.124    10.615 r  cpu_inst/dot4acc_pipeline_inst/redirect_pending_target[31]_i_20/O
                         net (fo=1, routed)           0.000    10.615    cpu_inst/dot4acc_pipeline_inst/redirect_pending_target[31]_i_20_n_0
    SLICE_X9Y9                                                        r  cpu_inst/dot4acc_pipeline_inst/redirect_pending_target_reg[31]_i_12/S[0]
    SLICE_X9Y9           CARRY4 (Prop_carry4_S[0]_CO[3])
                                                      0.532    11.147 r  cpu_inst/dot4acc_pipeline_inst/redirect_pending_target_reg[31]_i_12/CO[3]
                         net (fo=1, routed)           0.000    11.147    cpu_inst/dot4acc_pipeline_inst/redirect_pending_target_reg[31]_i_12_n_0
    SLICE_X9Y10                                                       r  cpu_inst/dot4acc_pipeline_inst/redirect_pending_target_reg[31]_i_5/CI
    SLICE_X9Y10          CARRY4 (Prop_carry4_CI_CO[2])
                                                      0.228    11.375 r  cpu_inst/dot4acc_pipeline_inst/redirect_pending_target_reg[31]_i_5/CO[2]
                         net (fo=18, routed)          0.472    11.847    cpu_inst/dot4acc_pipeline_inst/ex_branch_taken0
    SLICE_X7Y10                                                       r  cpu_inst/dot4acc_pipeline_inst/led_OBUF[12]_inst_i_6/I3
    SLICE_X7Y10          LUT4 (Prop_lut4_I3_O)        0.313    12.160 r  cpu_inst/dot4acc_pipeline_inst/led_OBUF[12]_inst_i_6/O
                         net (fo=42, routed)          0.441    12.601    cpu_inst/dot4acc_pipeline_inst/led_OBUF[12]_inst_i_6_n_0
    SLICE_X5Y10                                                       r  cpu_inst/dot4acc_pipeline_inst/id_ex_reg[pc][31]_i_11/I0
    SLICE_X5Y10          LUT4 (Prop_lut4_I0_O)        0.124    12.725 f  cpu_inst/dot4acc_pipeline_inst/id_ex_reg[pc][31]_i_11/O
                         net (fo=1, routed)           0.154    12.880    cpu_inst/dot4acc_pipeline_inst/id_ex_reg[pc][31]_i_11_n_0
    SLICE_X5Y10                                                       f  cpu_inst/dot4acc_pipeline_inst/id_ex_reg[pc][31]_i_3/I5
    SLICE_X5Y10          LUT6 (Prop_lut6_I5_O)        0.124    13.004 r  cpu_inst/dot4acc_pipeline_inst/id_ex_reg[pc][31]_i_3/O
                         net (fo=13, routed)          0.356    13.359    cpu_inst/dot4acc_pipeline_inst/id_ex_reg[pc][31]_i_3_n_0
    SLICE_X7Y10                                                       r  cpu_inst/dot4acc_pipeline_inst/id_ex_reg[operand_b][31]_i_4/I2
    SLICE_X7Y10          LUT5 (Prop_lut5_I2_O)        0.124    13.483 r  cpu_inst/dot4acc_pipeline_inst/id_ex_reg[operand_b][31]_i_4/O
                         net (fo=3, routed)           0.568    14.052    cpu_inst/dot4acc_pipeline_inst/id_ex_reg[operand_b][31]_i_4_n_0
    SLICE_X7Y13                                                       r  cpu_inst/dot4acc_pipeline_inst/id_ex_reg[accumulator][31]_i_1/I1
    SLICE_X7Y13          LUT3 (Prop_lut3_I1_O)        0.124    14.176 r  cpu_inst/dot4acc_pipeline_inst/id_ex_reg[accumulator][31]_i_1/O
                         net (fo=32, routed)          0.787    14.963    cpu_inst/dot4acc_pipeline_inst_n_3
    SLICE_X8Y15          FDRE                                         r  cpu_inst/id_ex_reg_reg[accumulator][7]/R
  -------------------------------------------------------------------    -------------------

                         (clock sys_clk_pin rise edge)
                                                     10.753    10.753 r  <hidden>
    W5                                                0.000    10.753 r  clk
                         net (fo=0)                   0.000    10.753    clk
    W5                                                                r  clk_IBUF_inst/I
    W5                   IBUF (Prop_ibuf_I_O)         1.388    12.141 r  clk_IBUF_inst/O
                         net (fo=1, routed)           1.862    14.003    clk_IBUF
    BUFGCTRL_X0Y0                                                     r  clk_IBUF_BUFG_inst/I
    BUFGCTRL_X0Y0        BUFG (Prop_bufg_I_O)         0.091    14.094 r  clk_IBUF_BUFG_inst/O
                         net (fo=1820, routed)        1.444    15.538    cpu_inst/clk_IBUF_BUFG
    SLICE_X8Y15          FDRE                                         r  cpu_inst/id_ex_reg_reg[accumulator][7]/C
                         clock pessimism              0.260    15.798    <hidden>
                         clock uncertainty           -0.035    15.763    <hidden>
    SLICE_X8Y15          FDRE (Setup_fdre_C_R)       -0.524    15.239    cpu_inst/id_ex_reg_reg[accumulator][7]
  -------------------------------------------------------------------
                         required time                         15.239    <hidden>
                         arrival time                         -14.963    <hidden>
  -------------------------------------------------------------------
                         slack                                  0.276    <hidden>

Slack (MET) :             0.283ns  (required time - arrival time)
  Source:                 cpu_inst/id_ex_reg_reg[rs1][4]/C
                            (rising edge-triggered cell FDRE clocked by sys_clk_pin  {rise@0.000ns fall@5.376ns period=10.753ns})
  Destination:            cpu_inst/instr_mem_inst/instruction_reg/ADDRARDADDR[10]
                            (rising edge-triggered cell RAMB18E1 clocked by sys_clk_pin  {rise@0.000ns fall@5.376ns period=10.753ns})
  Path Group:             sys_clk_pin
  Path Type:              Setup (Max at Slow Process Corner)
  Requirement:            10.753ns  (sys_clk_pin rise@10.753ns - sys_clk_pin rise@0.000ns)
  Data Path Delay:        9.803ns  (logic 2.839ns (28.960%)  route 6.964ns (71.040%))
  Logic Levels:           12  (CARRY4=2 LUT4=2 LUT5=5 LUT6=3)
  Clock Path Skew:        -0.066ns (DCD - SCD + CPR)
    Destination Clock Delay (DCD):    4.833ns = ( 15.586 - 10.753 ) 
    Source Clock Delay      (SCD):    5.158ns
    Clock Pessimism Removal (CPR):    0.260ns
  Clock Uncertainty:      0.035ns  ((TSJ^2 + TIJ^2)^1/2 + DJ) / 2 + PE
    Total System Jitter     (TSJ):    0.071ns
    Total Input Jitter      (TIJ):    0.000ns
    Discrete Jitter          (DJ):    0.000ns
    Phase Error              (PE):    0.000ns

    Location             Delay type                Incr(ns)  Path(ns)    Netlist Resource(s)
  -------------------------------------------------------------------    -------------------
                         (clock sys_clk_pin rise edge)
                                                      0.000     0.000 r  <hidden>
    W5                                                0.000     0.000 r  clk
                         net (fo=0)                   0.000     0.000    clk
    W5                                                                r  clk_IBUF_inst/I
    W5                   IBUF (Prop_ibuf_I_O)         1.458     1.458 r  clk_IBUF_inst/O
                         net (fo=1, routed)           1.967     3.425    clk_IBUF
    BUFGCTRL_X0Y0                                                     r  clk_IBUF_BUFG_inst/I
    BUFGCTRL_X0Y0        BUFG (Prop_bufg_I_O)         0.096     3.521 r  clk_IBUF_BUFG_inst/O
                         net (fo=1820, routed)        1.637     5.158    cpu_inst/clk_IBUF_BUFG
    SLICE_X2Y8           FDRE                                         r  cpu_inst/id_ex_reg_reg[rs1][4]/C
  -------------------------------------------------------------------    -------------------
    SLICE_X2Y8           FDRE (Prop_fdre_C_Q)         0.478     5.636 r  cpu_inst/id_ex_reg_reg[rs1][4]/Q
                         net (fo=11, routed)          1.054     6.690    cpu_inst/instr_mem_inst/id_ex_reg_reg[rs1][4]
    SLICE_X2Y6                                                        r  cpu_inst/instr_mem_inst/ex_alu_result0_i_79/I1
    SLICE_X2Y6           LUT6 (Prop_lut6_I1_O)        0.296     6.986 r  cpu_inst/instr_mem_inst/ex_alu_result0_i_79/O
                         net (fo=1, routed)           0.493     7.480    cpu_inst/instr_mem_inst/ex_alu_result0_i_79_n_0
    SLICE_X3Y6                                                        r  cpu_inst/instr_mem_inst/ex_alu_result0_i_42/I3
    SLICE_X3Y6           LUT5 (Prop_lut5_I3_O)        0.124     7.604 r  cpu_inst/instr_mem_inst/ex_alu_result0_i_42/O
                         net (fo=33, routed)          0.999     8.603    cpu_inst/data_mem_inst/ex_alu_result0_10
    SLICE_X10Y8                                                       r  cpu_inst/data_mem_inst/pair0_reg_reg_i_50/I1
    SLICE_X10Y8          LUT5 (Prop_lut5_I1_O)        0.124     8.727 r  cpu_inst/data_mem_inst/pair0_reg_reg_i_50/O
                         net (fo=1, routed)           0.641     9.368    cpu_inst/data_mem_inst/pair0_reg_reg_i_50_n_0
    SLICE_X10Y8                                                       r  cpu_inst/data_mem_inst/pair0_reg_reg_i_30/I2
    SLICE_X10Y8          LUT5 (Prop_lut5_I2_O)        0.124     9.492 r  cpu_inst/data_mem_inst/pair0_reg_reg_i_30/O
                         net (fo=4, routed)           0.999    10.491    cpu_inst/dot4acc_pipeline_inst/redirect_pending_target_reg[31]_i_12_2
    SLICE_X9Y9                                                        r  cpu_inst/dot4acc_pipeline_inst/redirect_pending_target[31]_i_20/I3
    SLICE_X9Y9           LUT6 (Prop_lut6_I3_O)        0.124    10.615 r  cpu_inst/dot4acc_pipeline_inst/redirect_pending_target[31]_i_20/O
                         net (fo=1, routed)           0.000    10.615    cpu_inst/dot4acc_pipeline_inst/redirect_pending_target[31]_i_20_n_0
    SLICE_X9Y9                                                        r  cpu_inst/dot4acc_pipeline_inst/redirect_pending_target_reg[31]_i_12/S[0]
    SLICE_X9Y9           CARRY4 (Prop_carry4_S[0]_CO[3])
                                                      0.532    11.147 r  cpu_inst/dot4acc_pipeline_inst/redirect_pending_target_reg[31]_i_12/CO[3]
                         net (fo=1, routed)           0.000    11.147    cpu_inst/dot4acc_pipeline_inst/redirect_pending_target_reg[31]_i_12_n_0
    SLICE_X9Y10                                                       r  cpu_inst/dot4acc_pipeline_inst/redirect_pending_target_reg[31]_i_5/CI
    SLICE_X9Y10          CARRY4 (Prop_carry4_CI_CO[2])
                                                      0.228    11.375 f  cpu_inst/dot4acc_pipeline_inst/redirect_pending_target_reg[31]_i_5/CO[2]
                         net (fo=18, routed)          0.472    11.847    cpu_inst/dot4acc_pipeline_inst/ex_branch_taken0
    SLICE_X7Y10                                                       f  cpu_inst/dot4acc_pipeline_inst/led_OBUF[12]_inst_i_6/I3
    SLICE_X7Y10          LUT4 (Prop_lut4_I3_O)        0.313    12.160 f  cpu_inst/dot4acc_pipeline_inst/led_OBUF[12]_inst_i_6/O
                         net (fo=42, routed)          0.441    12.601    cpu_inst/dot4acc_pipeline_inst/led_OBUF[12]_inst_i_6_n_0
    SLICE_X5Y10                                                       f  cpu_inst/dot4acc_pipeline_inst/id_ex_reg[pc][31]_i_11/I0
    SLICE_X5Y10          LUT4 (Prop_lut4_I0_O)        0.124    12.725 r  cpu_inst/dot4acc_pipeline_inst/id_ex_reg[pc][31]_i_11/O
                         net (fo=1, routed)           0.154    12.880    cpu_inst/dot4acc_pipeline_inst/id_ex_reg[pc][31]_i_11_n_0
    SLICE_X5Y10                                                       r  cpu_inst/dot4acc_pipeline_inst/id_ex_reg[pc][31]_i_3/I5
    SLICE_X5Y10          LUT6 (Prop_lut6_I5_O)        0.124    13.004 f  cpu_inst/dot4acc_pipeline_inst/id_ex_reg[pc][31]_i_3/O
                         net (fo=13, routed)          0.409    13.413    cpu_inst/dot4acc_pipeline_inst/id_ex_reg[pc][31]_i_3_n_0
    SLICE_X5Y9                                                        f  cpu_inst/dot4acc_pipeline_inst/instruction_reg_i_11/I4
    SLICE_X5Y9           LUT5 (Prop_lut5_I4_O)        0.124    13.537 r  cpu_inst/dot4acc_pipeline_inst/instruction_reg_i_11/O
                         net (fo=9, routed)           0.483    14.019    cpu_inst/dot4acc_pipeline_inst/instruction_reg_i_11_n_0
    SLICE_X7Y10                                                       r  cpu_inst/dot4acc_pipeline_inst/instruction_reg_i_3/I3
    SLICE_X7Y10          LUT5 (Prop_lut5_I3_O)        0.124    14.143 r  cpu_inst/dot4acc_pipeline_inst/instruction_reg_i_3/O
                         net (fo=2, routed)           0.818    14.961    cpu_inst/instr_mem_inst/ADDRARDADDR[6]
    RAMB18_X0Y3          RAMB18E1                                     r  cpu_inst/instr_mem_inst/instruction_reg/ADDRARDADDR[10]
  -------------------------------------------------------------------    -------------------

                         (clock sys_clk_pin rise edge)
                                                     10.753    10.753 r  <hidden>
    W5                                                0.000    10.753 r  clk
                         net (fo=0)                   0.000    10.753    clk
    W5                                                                r  clk_IBUF_inst/I
    W5                   IBUF (Prop_ibuf_I_O)         1.388    12.141 r  clk_IBUF_inst/O
                         net (fo=1, routed)           1.862    14.003    clk_IBUF
    BUFGCTRL_X0Y0                                                     r  clk_IBUF_BUFG_inst/I
    BUFGCTRL_X0Y0        BUFG (Prop_bufg_I_O)         0.091    14.094 r  clk_IBUF_BUFG_inst/O
                         net (fo=1820, routed)        1.492    15.586    cpu_inst/instr_mem_inst/clk_IBUF_BUFG
    RAMB18_X0Y3          RAMB18E1                                     r  cpu_inst/instr_mem_inst/instruction_reg/CLKARDCLK
                         clock pessimism              0.260    15.846    <hidden>
                         clock uncertainty           -0.035    15.810    <hidden>
    RAMB18_X0Y3          RAMB18E1 (Setup_ramb18e1_CLKARDCLK_ADDRARDADDR[10])
                                                     -0.566    15.244    cpu_inst/instr_mem_inst/instruction_reg
  -------------------------------------------------------------------
                         required time                         15.244    <hidden>
                         arrival time                         -14.961    <hidden>
  -------------------------------------------------------------------
                         slack                                  0.283    <hidden>

Slack (MET) :             0.284ns  (required time - arrival time)
  Source:                 cpu_inst/id_ex_reg_reg[rs1][4]/C
                            (rising edge-triggered cell FDRE clocked by sys_clk_pin  {rise@0.000ns fall@5.376ns period=10.753ns})
  Destination:            cpu_inst/instr_mem_inst/instruction_reg/ADDRBWRADDR[10]
                            (rising edge-triggered cell RAMB18E1 clocked by sys_clk_pin  {rise@0.000ns fall@5.376ns period=10.753ns})
  Path Group:             sys_clk_pin
  Path Type:              Setup (Max at Slow Process Corner)
  Requirement:            10.753ns  (sys_clk_pin rise@10.753ns - sys_clk_pin rise@0.000ns)
  Data Path Delay:        9.803ns  (logic 2.839ns (28.960%)  route 6.964ns (71.040%))
  Logic Levels:           12  (CARRY4=2 LUT4=2 LUT5=5 LUT6=3)
  Clock Path Skew:        -0.065ns (DCD - SCD + CPR)
    Destination Clock Delay (DCD):    4.834ns = ( 15.587 - 10.753 ) 
    Source Clock Delay      (SCD):    5.158ns
    Clock Pessimism Removal (CPR):    0.260ns
  Clock Uncertainty:      0.035ns  ((TSJ^2 + TIJ^2)^1/2 + DJ) / 2 + PE
    Total System Jitter     (TSJ):    0.071ns
    Total Input Jitter      (TIJ):    0.000ns
    Discrete Jitter          (DJ):    0.000ns
    Phase Error              (PE):    0.000ns

    Location             Delay type                Incr(ns)  Path(ns)    Netlist Resource(s)
  -------------------------------------------------------------------    -------------------
                         (clock sys_clk_pin rise edge)
                                                      0.000     0.000 r  <hidden>
    W5                                                0.000     0.000 r  clk
                         net (fo=0)                   0.000     0.000    clk
    W5                                                                r  clk_IBUF_inst/I
    W5                   IBUF (Prop_ibuf_I_O)         1.458     1.458 r  clk_IBUF_inst/O
                         net (fo=1, routed)           1.967     3.425    clk_IBUF
    BUFGCTRL_X0Y0                                                     r  clk_IBUF_BUFG_inst/I
    BUFGCTRL_X0Y0        BUFG (Prop_bufg_I_O)         0.096     3.521 r  clk_IBUF_BUFG_inst/O
                         net (fo=1820, routed)        1.637     5.158    cpu_inst/clk_IBUF_BUFG
    SLICE_X2Y8           FDRE                                         r  cpu_inst/id_ex_reg_reg[rs1][4]/C
  -------------------------------------------------------------------    -------------------
    SLICE_X2Y8           FDRE (Prop_fdre_C_Q)         0.478     5.636 r  cpu_inst/id_ex_reg_reg[rs1][4]/Q
                         net (fo=11, routed)          1.054     6.690    cpu_inst/instr_mem_inst/id_ex_reg_reg[rs1][4]
    SLICE_X2Y6                                                        r  cpu_inst/instr_mem_inst/ex_alu_result0_i_79/I1
    SLICE_X2Y6           LUT6 (Prop_lut6_I1_O)        0.296     6.986 r  cpu_inst/instr_mem_inst/ex_alu_result0_i_79/O
                         net (fo=1, routed)           0.493     7.480    cpu_inst/instr_mem_inst/ex_alu_result0_i_79_n_0
    SLICE_X3Y6                                                        r  cpu_inst/instr_mem_inst/ex_alu_result0_i_42/I3
    SLICE_X3Y6           LUT5 (Prop_lut5_I3_O)        0.124     7.604 r  cpu_inst/instr_mem_inst/ex_alu_result0_i_42/O
                         net (fo=33, routed)          0.999     8.603    cpu_inst/data_mem_inst/ex_alu_result0_10
    SLICE_X10Y8                                                       r  cpu_inst/data_mem_inst/pair0_reg_reg_i_50/I1
    SLICE_X10Y8          LUT5 (Prop_lut5_I1_O)        0.124     8.727 r  cpu_inst/data_mem_inst/pair0_reg_reg_i_50/O
                         net (fo=1, routed)           0.641     9.368    cpu_inst/data_mem_inst/pair0_reg_reg_i_50_n_0
    SLICE_X10Y8                                                       r  cpu_inst/data_mem_inst/pair0_reg_reg_i_30/I2
    SLICE_X10Y8          LUT5 (Prop_lut5_I2_O)        0.124     9.492 r  cpu_inst/data_mem_inst/pair0_reg_reg_i_30/O
                         net (fo=4, routed)           0.999    10.491    cpu_inst/dot4acc_pipeline_inst/redirect_pending_target_reg[31]_i_12_2
    SLICE_X9Y9                                                        r  cpu_inst/dot4acc_pipeline_inst/redirect_pending_target[31]_i_20/I3
    SLICE_X9Y9           LUT6 (Prop_lut6_I3_O)        0.124    10.615 r  cpu_inst/dot4acc_pipeline_inst/redirect_pending_target[31]_i_20/O
                         net (fo=1, routed)           0.000    10.615    cpu_inst/dot4acc_pipeline_inst/redirect_pending_target[31]_i_20_n_0
    SLICE_X9Y9                                                        r  cpu_inst/dot4acc_pipeline_inst/redirect_pending_target_reg[31]_i_12/S[0]
    SLICE_X9Y9           CARRY4 (Prop_carry4_S[0]_CO[3])
                                                      0.532    11.147 r  cpu_inst/dot4acc_pipeline_inst/redirect_pending_target_reg[31]_i_12/CO[3]
                         net (fo=1, routed)           0.000    11.147    cpu_inst/dot4acc_pipeline_inst/redirect_pending_target_reg[31]_i_12_n_0
    SLICE_X9Y10                                                       r  cpu_inst/dot4acc_pipeline_inst/redirect_pending_target_reg[31]_i_5/CI
    SLICE_X9Y10          CARRY4 (Prop_carry4_CI_CO[2])
                                                      0.228    11.375 f  cpu_inst/dot4acc_pipeline_inst/redirect_pending_target_reg[31]_i_5/CO[2]
                         net (fo=18, routed)          0.472    11.847    cpu_inst/dot4acc_pipeline_inst/ex_branch_taken0
    SLICE_X7Y10                                                       f  cpu_inst/dot4acc_pipeline_inst/led_OBUF[12]_inst_i_6/I3
    SLICE_X7Y10          LUT4 (Prop_lut4_I3_O)        0.313    12.160 f  cpu_inst/dot4acc_pipeline_inst/led_OBUF[12]_inst_i_6/O
                         net (fo=42, routed)          0.441    12.601    cpu_inst/dot4acc_pipeline_inst/led_OBUF[12]_inst_i_6_n_0
    SLICE_X5Y10                                                       f  cpu_inst/dot4acc_pipeline_inst/id_ex_reg[pc][31]_i_11/I0
    SLICE_X5Y10          LUT4 (Prop_lut4_I0_O)        0.124    12.725 r  cpu_inst/dot4acc_pipeline_inst/id_ex_reg[pc][31]_i_11/O
                         net (fo=1, routed)           0.154    12.880    cpu_inst/dot4acc_pipeline_inst/id_ex_reg[pc][31]_i_11_n_0
    SLICE_X5Y10                                                       r  cpu_inst/dot4acc_pipeline_inst/id_ex_reg[pc][31]_i_3/I5
    SLICE_X5Y10          LUT6 (Prop_lut6_I5_O)        0.124    13.004 f  cpu_inst/dot4acc_pipeline_inst/id_ex_reg[pc][31]_i_3/O
                         net (fo=13, routed)          0.409    13.413    cpu_inst/dot4acc_pipeline_inst/id_ex_reg[pc][31]_i_3_n_0
    SLICE_X5Y9                                                        f  cpu_inst/dot4acc_pipeline_inst/instruction_reg_i_11/I4
    SLICE_X5Y9           LUT5 (Prop_lut5_I4_O)        0.124    13.537 r  cpu_inst/dot4acc_pipeline_inst/instruction_reg_i_11/O
                         net (fo=9, routed)           0.483    14.019    cpu_inst/dot4acc_pipeline_inst/instruction_reg_i_11_n_0
    SLICE_X7Y10                                                       r  cpu_inst/dot4acc_pipeline_inst/instruction_reg_i_3/I3
    SLICE_X7Y10          LUT5 (Prop_lut5_I3_O)        0.124    14.143 r  cpu_inst/dot4acc_pipeline_inst/instruction_reg_i_3/O
                         net (fo=2, routed)           0.818    14.961    cpu_inst/instr_mem_inst/ADDRARDADDR[6]
    RAMB18_X0Y3          RAMB18E1                                     r  cpu_inst/instr_mem_inst/instruction_reg/ADDRBWRADDR[10]
  -------------------------------------------------------------------    -------------------

                         (clock sys_clk_pin rise edge)
                                                     10.753    10.753 r  <hidden>
    W5                                                0.000    10.753 r  clk
                         net (fo=0)                   0.000    10.753    clk
    W5                                                                r  clk_IBUF_inst/I
    W5                   IBUF (Prop_ibuf_I_O)         1.388    12.141 r  clk_IBUF_inst/O
                         net (fo=1, routed)           1.862    14.003    clk_IBUF
    BUFGCTRL_X0Y0                                                     r  clk_IBUF_BUFG_inst/I
    BUFGCTRL_X0Y0        BUFG (Prop_bufg_I_O)         0.091    14.094 r  clk_IBUF_BUFG_inst/O
                         net (fo=1820, routed)        1.493    15.587    cpu_inst/instr_mem_inst/clk_IBUF_BUFG
    RAMB18_X0Y3          RAMB18E1                                     r  cpu_inst/instr_mem_inst/instruction_reg/CLKBWRCLK
                         clock pessimism              0.260    15.847    <hidden>
                         clock uncertainty           -0.035    15.811    <hidden>
    RAMB18_X0Y3          RAMB18E1 (Setup_ramb18e1_CLKBWRCLK_ADDRBWRADDR[10])
                                                     -0.566    15.245    cpu_inst/instr_mem_inst/instruction_reg
  -------------------------------------------------------------------
                         required time                         15.245    <hidden>
                         arrival time                         -14.961    <hidden>
  -------------------------------------------------------------------
                         slack                                  0.284    <hidden>

Slack (MET) :             0.284ns  (required time - arrival time)
  Source:                 cpu_inst/id_ex_reg_reg[rs1][4]/C
                            (rising edge-triggered cell FDRE clocked by sys_clk_pin  {rise@0.000ns fall@5.376ns period=10.753ns})
  Destination:            cpu_inst/instr_mem_inst/instruction_reg/ADDRARDADDR[8]
                            (rising edge-triggered cell RAMB18E1 clocked by sys_clk_pin  {rise@0.000ns fall@5.376ns period=10.753ns})
  Path Group:             sys_clk_pin
  Path Type:              Setup (Max at Slow Process Corner)
  Requirement:            10.753ns  (sys_clk_pin rise@10.753ns - sys_clk_pin rise@0.000ns)
  Data Path Delay:        9.802ns  (logic 2.839ns (28.964%)  route 6.963ns (71.036%))
  Logic Levels:           12  (CARRY4=2 LUT4=2 LUT5=5 LUT6=3)
  Clock Path Skew:        -0.066ns (DCD - SCD + CPR)
    Destination Clock Delay (DCD):    4.833ns = ( 15.586 - 10.753 ) 
    Source Clock Delay      (SCD):    5.158ns
    Clock Pessimism Removal (CPR):    0.260ns
  Clock Uncertainty:      0.035ns  ((TSJ^2 + TIJ^2)^1/2 + DJ) / 2 + PE
    Total System Jitter     (TSJ):    0.071ns
    Total Input Jitter      (TIJ):    0.000ns
    Discrete Jitter          (DJ):    0.000ns
    Phase Error              (PE):    0.000ns

    Location             Delay type                Incr(ns)  Path(ns)    Netlist Resource(s)
  -------------------------------------------------------------------    -------------------
                         (clock sys_clk_pin rise edge)
                                                      0.000     0.000 r  <hidden>
    W5                                                0.000     0.000 r  clk
                         net (fo=0)                   0.000     0.000    clk
    W5                                                                r  clk_IBUF_inst/I
    W5                   IBUF (Prop_ibuf_I_O)         1.458     1.458 r  clk_IBUF_inst/O
                         net (fo=1, routed)           1.967     3.425    clk_IBUF
    BUFGCTRL_X0Y0                                                     r  clk_IBUF_BUFG_inst/I
    BUFGCTRL_X0Y0        BUFG (Prop_bufg_I_O)         0.096     3.521 r  clk_IBUF_BUFG_inst/O
                         net (fo=1820, routed)        1.637     5.158    cpu_inst/clk_IBUF_BUFG
    SLICE_X2Y8           FDRE                                         r  cpu_inst/id_ex_reg_reg[rs1][4]/C
  -------------------------------------------------------------------    -------------------
    SLICE_X2Y8           FDRE (Prop_fdre_C_Q)         0.478     5.636 r  cpu_inst/id_ex_reg_reg[rs1][4]/Q
                         net (fo=11, routed)          1.054     6.690    cpu_inst/instr_mem_inst/id_ex_reg_reg[rs1][4]
    SLICE_X2Y6                                                        r  cpu_inst/instr_mem_inst/ex_alu_result0_i_79/I1
    SLICE_X2Y6           LUT6 (Prop_lut6_I1_O)        0.296     6.986 r  cpu_inst/instr_mem_inst/ex_alu_result0_i_79/O
                         net (fo=1, routed)           0.493     7.480    cpu_inst/instr_mem_inst/ex_alu_result0_i_79_n_0
    SLICE_X3Y6                                                        r  cpu_inst/instr_mem_inst/ex_alu_result0_i_42/I3
    SLICE_X3Y6           LUT5 (Prop_lut5_I3_O)        0.124     7.604 r  cpu_inst/instr_mem_inst/ex_alu_result0_i_42/O
                         net (fo=33, routed)          0.999     8.603    cpu_inst/data_mem_inst/ex_alu_result0_10
    SLICE_X10Y8                                                       r  cpu_inst/data_mem_inst/pair0_reg_reg_i_50/I1
    SLICE_X10Y8          LUT5 (Prop_lut5_I1_O)        0.124     8.727 r  cpu_inst/data_mem_inst/pair0_reg_reg_i_50/O
                         net (fo=1, routed)           0.641     9.368    cpu_inst/data_mem_inst/pair0_reg_reg_i_50_n_0
    SLICE_X10Y8                                                       r  cpu_inst/data_mem_inst/pair0_reg_reg_i_30/I2
    SLICE_X10Y8          LUT5 (Prop_lut5_I2_O)        0.124     9.492 r  cpu_inst/data_mem_inst/pair0_reg_reg_i_30/O
                         net (fo=4, routed)           0.999    10.491    cpu_inst/dot4acc_pipeline_inst/redirect_pending_target_reg[31]_i_12_2
    SLICE_X9Y9                                                        r  cpu_inst/dot4acc_pipeline_inst/redirect_pending_target[31]_i_20/I3
    SLICE_X9Y9           LUT6 (Prop_lut6_I3_O)        0.124    10.615 r  cpu_inst/dot4acc_pipeline_inst/redirect_pending_target[31]_i_20/O
                         net (fo=1, routed)           0.000    10.615    cpu_inst/dot4acc_pipeline_inst/redirect_pending_target[31]_i_20_n_0
    SLICE_X9Y9                                                        r  cpu_inst/dot4acc_pipeline_inst/redirect_pending_target_reg[31]_i_12/S[0]
    SLICE_X9Y9           CARRY4 (Prop_carry4_S[0]_CO[3])
                                                      0.532    11.147 r  cpu_inst/dot4acc_pipeline_inst/redirect_pending_target_reg[31]_i_12/CO[3]
                         net (fo=1, routed)           0.000    11.147    cpu_inst/dot4acc_pipeline_inst/redirect_pending_target_reg[31]_i_12_n_0
    SLICE_X9Y10                                                       r  cpu_inst/dot4acc_pipeline_inst/redirect_pending_target_reg[31]_i_5/CI
    SLICE_X9Y10          CARRY4 (Prop_carry4_CI_CO[2])
                                                      0.228    11.375 f  cpu_inst/dot4acc_pipeline_inst/redirect_pending_target_reg[31]_i_5/CO[2]
                         net (fo=18, routed)          0.472    11.847    cpu_inst/dot4acc_pipeline_inst/ex_branch_taken0
    SLICE_X7Y10                                                       f  cpu_inst/dot4acc_pipeline_inst/led_OBUF[12]_inst_i_6/I3
    SLICE_X7Y10          LUT4 (Prop_lut4_I3_O)        0.313    12.160 f  cpu_inst/dot4acc_pipeline_inst/led_OBUF[12]_inst_i_6/O
                         net (fo=42, routed)          0.441    12.601    cpu_inst/dot4acc_pipeline_inst/led_OBUF[12]_inst_i_6_n_0
    SLICE_X5Y10                                                       f  cpu_inst/dot4acc_pipeline_inst/id_ex_reg[pc][31]_i_11/I0
    SLICE_X5Y10          LUT4 (Prop_lut4_I0_O)        0.124    12.725 r  cpu_inst/dot4acc_pipeline_inst/id_ex_reg[pc][31]_i_11/O
                         net (fo=1, routed)           0.154    12.880    cpu_inst/dot4acc_pipeline_inst/id_ex_reg[pc][31]_i_11_n_0
    SLICE_X5Y10                                                       r  cpu_inst/dot4acc_pipeline_inst/id_ex_reg[pc][31]_i_3/I5
    SLICE_X5Y10          LUT6 (Prop_lut6_I5_O)        0.124    13.004 f  cpu_inst/dot4acc_pipeline_inst/id_ex_reg[pc][31]_i_3/O
                         net (fo=13, routed)          0.409    13.413    cpu_inst/dot4acc_pipeline_inst/id_ex_reg[pc][31]_i_3_n_0
    SLICE_X5Y9                                                        f  cpu_inst/dot4acc_pipeline_inst/instruction_reg_i_11/I4
    SLICE_X5Y9           LUT5 (Prop_lut5_I4_O)        0.124    13.537 r  cpu_inst/dot4acc_pipeline_inst/instruction_reg_i_11/O
                         net (fo=9, routed)           0.361    13.898    cpu_inst/dot4acc_pipeline_inst/instruction_reg_i_11_n_0
    SLICE_X5Y11                                                       r  cpu_inst/dot4acc_pipeline_inst/instruction_reg_i_5/I3
    SLICE_X5Y11          LUT5 (Prop_lut5_I3_O)        0.124    14.022 r  cpu_inst/dot4acc_pipeline_inst/instruction_reg_i_5/O
                         net (fo=2, routed)           0.938    14.960    cpu_inst/instr_mem_inst/ADDRARDADDR[4]
    RAMB18_X0Y3          RAMB18E1                                     r  cpu_inst/instr_mem_inst/instruction_reg/ADDRARDADDR[8]
  -------------------------------------------------------------------    -------------------

                         (clock sys_clk_pin rise edge)
                                                     10.753    10.753 r  <hidden>
    W5                                                0.000    10.753 r  clk
                         net (fo=0)                   0.000    10.753    clk
    W5                                                                r  clk_IBUF_inst/I
    W5                   IBUF (Prop_ibuf_I_O)         1.388    12.141 r  clk_IBUF_inst/O
                         net (fo=1, routed)           1.862    14.003    clk_IBUF
    BUFGCTRL_X0Y0                                                     r  clk_IBUF_BUFG_inst/I
    BUFGCTRL_X0Y0        BUFG (Prop_bufg_I_O)         0.091    14.094 r  clk_IBUF_BUFG_inst/O
                         net (fo=1820, routed)        1.492    15.586    cpu_inst/instr_mem_inst/clk_IBUF_BUFG
    RAMB18_X0Y3          RAMB18E1                                     r  cpu_inst/instr_mem_inst/instruction_reg/CLKARDCLK
                         clock pessimism              0.260    15.846    <hidden>
                         clock uncertainty           -0.035    15.810    <hidden>
    RAMB18_X0Y3          RAMB18E1 (Setup_ramb18e1_CLKARDCLK_ADDRARDADDR[8])
                                                     -0.566    15.244    cpu_inst/instr_mem_inst/instruction_reg
  -------------------------------------------------------------------
                         required time                         15.244    <hidden>
                         arrival time                         -14.960    <hidden>
  -------------------------------------------------------------------
                         slack                                  0.284    <hidden>

Slack (MET) :             0.307ns  (required time - arrival time)
  Source:                 cpu_inst/id_ex_reg_reg[rs1][4]/C
                            (rising edge-triggered cell FDRE clocked by sys_clk_pin  {rise@0.000ns fall@5.376ns period=10.753ns})
  Destination:            cpu_inst/instr_mem_inst/instruction_reg/ADDRARDADDR[4]
                            (rising edge-triggered cell RAMB18E1 clocked by sys_clk_pin  {rise@0.000ns fall@5.376ns period=10.753ns})
  Path Group:             sys_clk_pin
  Path Type:              Setup (Max at Slow Process Corner)
  Requirement:            10.753ns  (sys_clk_pin rise@10.753ns - sys_clk_pin rise@0.000ns)
  Data Path Delay:        9.779ns  (logic 2.839ns (29.031%)  route 6.940ns (70.969%))
  Logic Levels:           12  (CARRY4=2 LUT4=2 LUT5=5 LUT6=3)
  Clock Path Skew:        -0.066ns (DCD - SCD + CPR)
    Destination Clock Delay (DCD):    4.833ns = ( 15.586 - 10.753 ) 
    Source Clock Delay      (SCD):    5.158ns
    Clock Pessimism Removal (CPR):    0.260ns
  Clock Uncertainty:      0.035ns  ((TSJ^2 + TIJ^2)^1/2 + DJ) / 2 + PE
    Total System Jitter     (TSJ):    0.071ns
    Total Input Jitter      (TIJ):    0.000ns
    Discrete Jitter          (DJ):    0.000ns
    Phase Error              (PE):    0.000ns

    Location             Delay type                Incr(ns)  Path(ns)    Netlist Resource(s)
  -------------------------------------------------------------------    -------------------
                         (clock sys_clk_pin rise edge)
                                                      0.000     0.000 r  <hidden>
    W5                                                0.000     0.000 r  clk
                         net (fo=0)                   0.000     0.000    clk
    W5                                                                r  clk_IBUF_inst/I
    W5                   IBUF (Prop_ibuf_I_O)         1.458     1.458 r  clk_IBUF_inst/O
                         net (fo=1, routed)           1.967     3.425    clk_IBUF
    BUFGCTRL_X0Y0                                                     r  clk_IBUF_BUFG_inst/I
    BUFGCTRL_X0Y0        BUFG (Prop_bufg_I_O)         0.096     3.521 r  clk_IBUF_BUFG_inst/O
                         net (fo=1820, routed)        1.637     5.158    cpu_inst/clk_IBUF_BUFG
    SLICE_X2Y8           FDRE                                         r  cpu_inst/id_ex_reg_reg[rs1][4]/C
  -------------------------------------------------------------------    -------------------
    SLICE_X2Y8           FDRE (Prop_fdre_C_Q)         0.478     5.636 r  cpu_inst/id_ex_reg_reg[rs1][4]/Q
                         net (fo=11, routed)          1.054     6.690    cpu_inst/instr_mem_inst/id_ex_reg_reg[rs1][4]
    SLICE_X2Y6                                                        r  cpu_inst/instr_mem_inst/ex_alu_result0_i_79/I1
    SLICE_X2Y6           LUT6 (Prop_lut6_I1_O)        0.296     6.986 r  cpu_inst/instr_mem_inst/ex_alu_result0_i_79/O
                         net (fo=1, routed)           0.493     7.480    cpu_inst/instr_mem_inst/ex_alu_result0_i_79_n_0
    SLICE_X3Y6                                                        r  cpu_inst/instr_mem_inst/ex_alu_result0_i_42/I3
    SLICE_X3Y6           LUT5 (Prop_lut5_I3_O)        0.124     7.604 r  cpu_inst/instr_mem_inst/ex_alu_result0_i_42/O
                         net (fo=33, routed)          0.999     8.603    cpu_inst/data_mem_inst/ex_alu_result0_10
    SLICE_X10Y8                                                       r  cpu_inst/data_mem_inst/pair0_reg_reg_i_50/I1
    SLICE_X10Y8          LUT5 (Prop_lut5_I1_O)        0.124     8.727 r  cpu_inst/data_mem_inst/pair0_reg_reg_i_50/O
                         net (fo=1, routed)           0.641     9.368    cpu_inst/data_mem_inst/pair0_reg_reg_i_50_n_0
    SLICE_X10Y8                                                       r  cpu_inst/data_mem_inst/pair0_reg_reg_i_30/I2
    SLICE_X10Y8          LUT5 (Prop_lut5_I2_O)        0.124     9.492 r  cpu_inst/data_mem_inst/pair0_reg_reg_i_30/O
                         net (fo=4, routed)           0.999    10.491    cpu_inst/dot4acc_pipeline_inst/redirect_pending_target_reg[31]_i_12_2
    SLICE_X9Y9                                                        r  cpu_inst/dot4acc_pipeline_inst/redirect_pending_target[31]_i_20/I3
    SLICE_X9Y9           LUT6 (Prop_lut6_I3_O)        0.124    10.615 r  cpu_inst/dot4acc_pipeline_inst/redirect_pending_target[31]_i_20/O
                         net (fo=1, routed)           0.000    10.615    cpu_inst/dot4acc_pipeline_inst/redirect_pending_target[31]_i_20_n_0
    SLICE_X9Y9                                                        r  cpu_inst/dot4acc_pipeline_inst/redirect_pending_target_reg[31]_i_12/S[0]
    SLICE_X9Y9           CARRY4 (Prop_carry4_S[0]_CO[3])
                                                      0.532    11.147 r  cpu_inst/dot4acc_pipeline_inst/redirect_pending_target_reg[31]_i_12/CO[3]
                         net (fo=1, routed)           0.000    11.147    cpu_inst/dot4acc_pipeline_inst/redirect_pending_target_reg[31]_i_12_n_0
    SLICE_X9Y10                                                       r  cpu_inst/dot4acc_pipeline_inst/redirect_pending_target_reg[31]_i_5/CI
    SLICE_X9Y10          CARRY4 (Prop_carry4_CI_CO[2])
                                                      0.228    11.375 f  cpu_inst/dot4acc_pipeline_inst/redirect_pending_target_reg[31]_i_5/CO[2]
                         net (fo=18, routed)          0.472    11.847    cpu_inst/dot4acc_pipeline_inst/ex_branch_taken0
    SLICE_X7Y10                                                       f  cpu_inst/dot4acc_pipeline_inst/led_OBUF[12]_inst_i_6/I3
    SLICE_X7Y10          LUT4 (Prop_lut4_I3_O)        0.313    12.160 f  cpu_inst/dot4acc_pipeline_inst/led_OBUF[12]_inst_i_6/O
                         net (fo=42, routed)          0.441    12.601    cpu_inst/dot4acc_pipeline_inst/led_OBUF[12]_inst_i_6_n_0
    SLICE_X5Y10                                                       f  cpu_inst/dot4acc_pipeline_inst/id_ex_reg[pc][31]_i_11/I0
    SLICE_X5Y10          LUT4 (Prop_lut4_I0_O)        0.124    12.725 r  cpu_inst/dot4acc_pipeline_inst/id_ex_reg[pc][31]_i_11/O
                         net (fo=1, routed)           0.154    12.880    cpu_inst/dot4acc_pipeline_inst/id_ex_reg[pc][31]_i_11_n_0
    SLICE_X5Y10                                                       r  cpu_inst/dot4acc_pipeline_inst/id_ex_reg[pc][31]_i_3/I5
    SLICE_X5Y10          LUT6 (Prop_lut6_I5_O)        0.124    13.004 f  cpu_inst/dot4acc_pipeline_inst/id_ex_reg[pc][31]_i_3/O
                         net (fo=13, routed)          0.409    13.413    cpu_inst/dot4acc_pipeline_inst/id_ex_reg[pc][31]_i_3_n_0
    SLICE_X5Y9                                                        f  cpu_inst/dot4acc_pipeline_inst/instruction_reg_i_11/I4
    SLICE_X5Y9           LUT5 (Prop_lut5_I4_O)        0.124    13.537 r  cpu_inst/dot4acc_pipeline_inst/instruction_reg_i_11/O
                         net (fo=9, routed)           0.526    14.063    cpu_inst/dot4acc_pipeline_inst/instruction_reg_i_11_n_0
    SLICE_X2Y11                                                       r  cpu_inst/dot4acc_pipeline_inst/instruction_reg_i_9/I3
    SLICE_X2Y11          LUT5 (Prop_lut5_I3_O)        0.124    14.187 r  cpu_inst/dot4acc_pipeline_inst/instruction_reg_i_9/O
                         net (fo=2, routed)           0.751    14.937    cpu_inst/instr_mem_inst/ADDRARDADDR[0]
    RAMB18_X0Y3          RAMB18E1                                     r  cpu_inst/instr_mem_inst/instruction_reg/ADDRARDADDR[4]
  -------------------------------------------------------------------    -------------------

                         (clock sys_clk_pin rise edge)
                                                     10.753    10.753 r  <hidden>
    W5                                                0.000    10.753 r  clk
                         net (fo=0)                   0.000    10.753    clk
    W5                                                                r  clk_IBUF_inst/I
    W5                   IBUF (Prop_ibuf_I_O)         1.388    12.141 r  clk_IBUF_inst/O
                         net (fo=1, routed)           1.862    14.003    clk_IBUF
    BUFGCTRL_X0Y0                                                     r  clk_IBUF_BUFG_inst/I
    BUFGCTRL_X0Y0        BUFG (Prop_bufg_I_O)         0.091    14.094 r  clk_IBUF_BUFG_inst/O
                         net (fo=1820, routed)        1.492    15.586    cpu_inst/instr_mem_inst/clk_IBUF_BUFG
    RAMB18_X0Y3          RAMB18E1                                     r  cpu_inst/instr_mem_inst/instruction_reg/CLKARDCLK
                         clock pessimism              0.260    15.846    <hidden>
                         clock uncertainty           -0.035    15.810    <hidden>
    RAMB18_X0Y3          RAMB18E1 (Setup_ramb18e1_CLKARDCLK_ADDRARDADDR[4])
                                                     -0.566    15.244    cpu_inst/instr_mem_inst/instruction_reg
  -------------------------------------------------------------------
                         required time                         15.244    <hidden>
                         arrival time                         -14.937    <hidden>
  -------------------------------------------------------------------
                         slack                                  0.307    <hidden>

Slack (MET) :             0.309ns  (required time - arrival time)
  Source:                 cpu_inst/id_ex_reg_reg[rs1][4]/C
                            (rising edge-triggered cell FDRE clocked by sys_clk_pin  {rise@0.000ns fall@5.376ns period=10.753ns})
  Destination:            cpu_inst/instr_mem_inst/instruction_reg/ADDRBWRADDR[4]
                            (rising edge-triggered cell RAMB18E1 clocked by sys_clk_pin  {rise@0.000ns fall@5.376ns period=10.753ns})
  Path Group:             sys_clk_pin
  Path Type:              Setup (Max at Slow Process Corner)
  Requirement:            10.753ns  (sys_clk_pin rise@10.753ns - sys_clk_pin rise@0.000ns)
  Data Path Delay:        9.778ns  (logic 2.839ns (29.036%)  route 6.939ns (70.964%))
  Logic Levels:           12  (CARRY4=2 LUT4=2 LUT5=5 LUT6=3)
  Clock Path Skew:        -0.065ns (DCD - SCD + CPR)
    Destination Clock Delay (DCD):    4.834ns = ( 15.587 - 10.753 ) 
    Source Clock Delay      (SCD):    5.158ns
    Clock Pessimism Removal (CPR):    0.260ns
  Clock Uncertainty:      0.035ns  ((TSJ^2 + TIJ^2)^1/2 + DJ) / 2 + PE
    Total System Jitter     (TSJ):    0.071ns
    Total Input Jitter      (TIJ):    0.000ns
    Discrete Jitter          (DJ):    0.000ns
    Phase Error              (PE):    0.000ns

    Location             Delay type                Incr(ns)  Path(ns)    Netlist Resource(s)
  -------------------------------------------------------------------    -------------------
                         (clock sys_clk_pin rise edge)
                                                      0.000     0.000 r  <hidden>
    W5                                                0.000     0.000 r  clk
                         net (fo=0)                   0.000     0.000    clk
    W5                                                                r  clk_IBUF_inst/I
    W5                   IBUF (Prop_ibuf_I_O)         1.458     1.458 r  clk_IBUF_inst/O
                         net (fo=1, routed)           1.967     3.425    clk_IBUF
    BUFGCTRL_X0Y0                                                     r  clk_IBUF_BUFG_inst/I
    BUFGCTRL_X0Y0        BUFG (Prop_bufg_I_O)         0.096     3.521 r  clk_IBUF_BUFG_inst/O
                         net (fo=1820, routed)        1.637     5.158    cpu_inst/clk_IBUF_BUFG
    SLICE_X2Y8           FDRE                                         r  cpu_inst/id_ex_reg_reg[rs1][4]/C
  -------------------------------------------------------------------    -------------------
    SLICE_X2Y8           FDRE (Prop_fdre_C_Q)         0.478     5.636 r  cpu_inst/id_ex_reg_reg[rs1][4]/Q
                         net (fo=11, routed)          1.054     6.690    cpu_inst/instr_mem_inst/id_ex_reg_reg[rs1][4]
    SLICE_X2Y6                                                        r  cpu_inst/instr_mem_inst/ex_alu_result0_i_79/I1
    SLICE_X2Y6           LUT6 (Prop_lut6_I1_O)        0.296     6.986 r  cpu_inst/instr_mem_inst/ex_alu_result0_i_79/O
                         net (fo=1, routed)           0.493     7.480    cpu_inst/instr_mem_inst/ex_alu_result0_i_79_n_0
    SLICE_X3Y6                                                        r  cpu_inst/instr_mem_inst/ex_alu_result0_i_42/I3
    SLICE_X3Y6           LUT5 (Prop_lut5_I3_O)        0.124     7.604 r  cpu_inst/instr_mem_inst/ex_alu_result0_i_42/O
                         net (fo=33, routed)          0.999     8.603    cpu_inst/data_mem_inst/ex_alu_result0_10
    SLICE_X10Y8                                                       r  cpu_inst/data_mem_inst/pair0_reg_reg_i_50/I1
    SLICE_X10Y8          LUT5 (Prop_lut5_I1_O)        0.124     8.727 r  cpu_inst/data_mem_inst/pair0_reg_reg_i_50/O
                         net (fo=1, routed)           0.641     9.368    cpu_inst/data_mem_inst/pair0_reg_reg_i_50_n_0
    SLICE_X10Y8                                                       r  cpu_inst/data_mem_inst/pair0_reg_reg_i_30/I2
    SLICE_X10Y8          LUT5 (Prop_lut5_I2_O)        0.124     9.492 r  cpu_inst/data_mem_inst/pair0_reg_reg_i_30/O
                         net (fo=4, routed)           0.999    10.491    cpu_inst/dot4acc_pipeline_inst/redirect_pending_target_reg[31]_i_12_2
    SLICE_X9Y9                                                        r  cpu_inst/dot4acc_pipeline_inst/redirect_pending_target[31]_i_20/I3
    SLICE_X9Y9           LUT6 (Prop_lut6_I3_O)        0.124    10.615 r  cpu_inst/dot4acc_pipeline_inst/redirect_pending_target[31]_i_20/O
                         net (fo=1, routed)           0.000    10.615    cpu_inst/dot4acc_pipeline_inst/redirect_pending_target[31]_i_20_n_0
    SLICE_X9Y9                                                        r  cpu_inst/dot4acc_pipeline_inst/redirect_pending_target_reg[31]_i_12/S[0]
    SLICE_X9Y9           CARRY4 (Prop_carry4_S[0]_CO[3])
                                                      0.532    11.147 r  cpu_inst/dot4acc_pipeline_inst/redirect_pending_target_reg[31]_i_12/CO[3]
                         net (fo=1, routed)           0.000    11.147    cpu_inst/dot4acc_pipeline_inst/redirect_pending_target_reg[31]_i_12_n_0
    SLICE_X9Y10                                                       r  cpu_inst/dot4acc_pipeline_inst/redirect_pending_target_reg[31]_i_5/CI
    SLICE_X9Y10          CARRY4 (Prop_carry4_CI_CO[2])
                                                      0.228    11.375 f  cpu_inst/dot4acc_pipeline_inst/redirect_pending_target_reg[31]_i_5/CO[2]
                         net (fo=18, routed)          0.472    11.847    cpu_inst/dot4acc_pipeline_inst/ex_branch_taken0
    SLICE_X7Y10                                                       f  cpu_inst/dot4acc_pipeline_inst/led_OBUF[12]_inst_i_6/I3
    SLICE_X7Y10          LUT4 (Prop_lut4_I3_O)        0.313    12.160 f  cpu_inst/dot4acc_pipeline_inst/led_OBUF[12]_inst_i_6/O
                         net (fo=42, routed)          0.441    12.601    cpu_inst/dot4acc_pipeline_inst/led_OBUF[12]_inst_i_6_n_0
    SLICE_X5Y10                                                       f  cpu_inst/dot4acc_pipeline_inst/id_ex_reg[pc][31]_i_11/I0
    SLICE_X5Y10          LUT4 (Prop_lut4_I0_O)        0.124    12.725 r  cpu_inst/dot4acc_pipeline_inst/id_ex_reg[pc][31]_i_11/O
                         net (fo=1, routed)           0.154    12.880    cpu_inst/dot4acc_pipeline_inst/id_ex_reg[pc][31]_i_11_n_0
    SLICE_X5Y10                                                       r  cpu_inst/dot4acc_pipeline_inst/id_ex_reg[pc][31]_i_3/I5
    SLICE_X5Y10          LUT6 (Prop_lut6_I5_O)        0.124    13.004 f  cpu_inst/dot4acc_pipeline_inst/id_ex_reg[pc][31]_i_3/O
                         net (fo=13, routed)          0.409    13.413    cpu_inst/dot4acc_pipeline_inst/id_ex_reg[pc][31]_i_3_n_0
    SLICE_X5Y9                                                        f  cpu_inst/dot4acc_pipeline_inst/instruction_reg_i_11/I4
    SLICE_X5Y9           LUT5 (Prop_lut5_I4_O)        0.124    13.537 r  cpu_inst/dot4acc_pipeline_inst/instruction_reg_i_11/O
                         net (fo=9, routed)           0.526    14.063    cpu_inst/dot4acc_pipeline_inst/instruction_reg_i_11_n_0
    SLICE_X2Y11                                                       r  cpu_inst/dot4acc_pipeline_inst/instruction_reg_i_9/I3
    SLICE_X2Y11          LUT5 (Prop_lut5_I3_O)        0.124    14.187 r  cpu_inst/dot4acc_pipeline_inst/instruction_reg_i_9/O
                         net (fo=2, routed)           0.749    14.936    cpu_inst/instr_mem_inst/ADDRARDADDR[0]
    RAMB18_X0Y3          RAMB18E1                                     r  cpu_inst/instr_mem_inst/instruction_reg/ADDRBWRADDR[4]
  -------------------------------------------------------------------    -------------------

                         (clock sys_clk_pin rise edge)
                                                     10.753    10.753 r  <hidden>
    W5                                                0.000    10.753 r  clk
                         net (fo=0)                   0.000    10.753    clk
    W5                                                                r  clk_IBUF_inst/I
    W5                   IBUF (Prop_ibuf_I_O)         1.388    12.141 r  clk_IBUF_inst/O
                         net (fo=1, routed)           1.862    14.003    clk_IBUF
    BUFGCTRL_X0Y0                                                     r  clk_IBUF_BUFG_inst/I
    BUFGCTRL_X0Y0        BUFG (Prop_bufg_I_O)         0.091    14.094 r  clk_IBUF_BUFG_inst/O
                         net (fo=1820, routed)        1.493    15.587    cpu_inst/instr_mem_inst/clk_IBUF_BUFG
    RAMB18_X0Y3          RAMB18E1                                     r  cpu_inst/instr_mem_inst/instruction_reg/CLKBWRCLK
                         clock pessimism              0.260    15.847    <hidden>
                         clock uncertainty           -0.035    15.811    <hidden>
    RAMB18_X0Y3          RAMB18E1 (Setup_ramb18e1_CLKBWRCLK_ADDRBWRADDR[4])
                                                     -0.566    15.245    cpu_inst/instr_mem_inst/instruction_reg
  -------------------------------------------------------------------
                         required time                         15.245    <hidden>
                         arrival time                         -14.936    <hidden>
  -------------------------------------------------------------------
                         slack                                  0.309    <hidden>

Slack (MET) :             0.313ns  (required time - arrival time)
  Source:                 cpu_inst/id_ex_reg_reg[rs1][4]/C
                            (rising edge-triggered cell FDRE clocked by sys_clk_pin  {rise@0.000ns fall@5.376ns period=10.753ns})
  Destination:            cpu_inst/id_ex_reg_reg[operand_b][14]/R
                            (rising edge-triggered cell FDRE clocked by sys_clk_pin  {rise@0.000ns fall@5.376ns period=10.753ns})
  Path Group:             sys_clk_pin
  Path Type:              Setup (Max at Slow Process Corner)
  Requirement:            10.753ns  (sys_clk_pin rise@10.753ns - sys_clk_pin rise@0.000ns)
  Data Path Delay:        9.862ns  (logic 2.839ns (28.787%)  route 7.023ns (71.213%))
  Logic Levels:           12  (CARRY4=2 LUT3=1 LUT4=2 LUT5=4 LUT6=3)
  Clock Path Skew:        -0.114ns (DCD - SCD + CPR)
    Destination Clock Delay (DCD):    4.784ns = ( 15.537 - 10.753 ) 
    Source Clock Delay      (SCD):    5.158ns
    Clock Pessimism Removal (CPR):    0.260ns
  Clock Uncertainty:      0.035ns  ((TSJ^2 + TIJ^2)^1/2 + DJ) / 2 + PE
    Total System Jitter     (TSJ):    0.071ns
    Total Input Jitter      (TIJ):    0.000ns
    Discrete Jitter          (DJ):    0.000ns
    Phase Error              (PE):    0.000ns

    Location             Delay type                Incr(ns)  Path(ns)    Netlist Resource(s)
  -------------------------------------------------------------------    -------------------
                         (clock sys_clk_pin rise edge)
                                                      0.000     0.000 r  <hidden>
    W5                                                0.000     0.000 r  clk
                         net (fo=0)                   0.000     0.000    clk
    W5                                                                r  clk_IBUF_inst/I
    W5                   IBUF (Prop_ibuf_I_O)         1.458     1.458 r  clk_IBUF_inst/O
                         net (fo=1, routed)           1.967     3.425    clk_IBUF
    BUFGCTRL_X0Y0                                                     r  clk_IBUF_BUFG_inst/I
    BUFGCTRL_X0Y0        BUFG (Prop_bufg_I_O)         0.096     3.521 r  clk_IBUF_BUFG_inst/O
                         net (fo=1820, routed)        1.637     5.158    cpu_inst/clk_IBUF_BUFG
    SLICE_X2Y8           FDRE                                         r  cpu_inst/id_ex_reg_reg[rs1][4]/C
  -------------------------------------------------------------------    -------------------
    SLICE_X2Y8           FDRE (Prop_fdre_C_Q)         0.478     5.636 r  cpu_inst/id_ex_reg_reg[rs1][4]/Q
                         net (fo=11, routed)          1.054     6.690    cpu_inst/instr_mem_inst/id_ex_reg_reg[rs1][4]
    SLICE_X2Y6                                                        r  cpu_inst/instr_mem_inst/ex_alu_result0_i_79/I1
    SLICE_X2Y6           LUT6 (Prop_lut6_I1_O)        0.296     6.986 r  cpu_inst/instr_mem_inst/ex_alu_result0_i_79/O
                         net (fo=1, routed)           0.493     7.480    cpu_inst/instr_mem_inst/ex_alu_result0_i_79_n_0
    SLICE_X3Y6                                                        r  cpu_inst/instr_mem_inst/ex_alu_result0_i_42/I3
    SLICE_X3Y6           LUT5 (Prop_lut5_I3_O)        0.124     7.604 r  cpu_inst/instr_mem_inst/ex_alu_result0_i_42/O
                         net (fo=33, routed)          0.999     8.603    cpu_inst/data_mem_inst/ex_alu_result0_10
    SLICE_X10Y8                                                       r  cpu_inst/data_mem_inst/pair0_reg_reg_i_50/I1
    SLICE_X10Y8          LUT5 (Prop_lut5_I1_O)        0.124     8.727 r  cpu_inst/data_mem_inst/pair0_reg_reg_i_50/O
                         net (fo=1, routed)           0.641     9.368    cpu_inst/data_mem_inst/pair0_reg_reg_i_50_n_0
    SLICE_X10Y8                                                       r  cpu_inst/data_mem_inst/pair0_reg_reg_i_30/I2
    SLICE_X10Y8          LUT5 (Prop_lut5_I2_O)        0.124     9.492 r  cpu_inst/data_mem_inst/pair0_reg_reg_i_30/O
                         net (fo=4, routed)           0.999    10.491    cpu_inst/dot4acc_pipeline_inst/redirect_pending_target_reg[31]_i_12_2
    SLICE_X9Y9                                                        r  cpu_inst/dot4acc_pipeline_inst/redirect_pending_target[31]_i_20/I3
    SLICE_X9Y9           LUT6 (Prop_lut6_I3_O)        0.124    10.615 r  cpu_inst/dot4acc_pipeline_inst/redirect_pending_target[31]_i_20/O
                         net (fo=1, routed)           0.000    10.615    cpu_inst/dot4acc_pipeline_inst/redirect_pending_target[31]_i_20_n_0
    SLICE_X9Y9                                                        r  cpu_inst/dot4acc_pipeline_inst/redirect_pending_target_reg[31]_i_12/S[0]
    SLICE_X9Y9           CARRY4 (Prop_carry4_S[0]_CO[3])
                                                      0.532    11.147 r  cpu_inst/dot4acc_pipeline_inst/redirect_pending_target_reg[31]_i_12/CO[3]
                         net (fo=1, routed)           0.000    11.147    cpu_inst/dot4acc_pipeline_inst/redirect_pending_target_reg[31]_i_12_n_0
    SLICE_X9Y10                                                       r  cpu_inst/dot4acc_pipeline_inst/redirect_pending_target_reg[31]_i_5/CI
    SLICE_X9Y10          CARRY4 (Prop_carry4_CI_CO[2])
                                                      0.228    11.375 r  cpu_inst/dot4acc_pipeline_inst/redirect_pending_target_reg[31]_i_5/CO[2]
                         net (fo=18, routed)          0.472    11.847    cpu_inst/dot4acc_pipeline_inst/ex_branch_taken0
    SLICE_X7Y10                                                       r  cpu_inst/dot4acc_pipeline_inst/led_OBUF[12]_inst_i_6/I3
    SLICE_X7Y10          LUT4 (Prop_lut4_I3_O)        0.313    12.160 r  cpu_inst/dot4acc_pipeline_inst/led_OBUF[12]_inst_i_6/O
                         net (fo=42, routed)          0.441    12.601    cpu_inst/dot4acc_pipeline_inst/led_OBUF[12]_inst_i_6_n_0
    SLICE_X5Y10                                                       r  cpu_inst/dot4acc_pipeline_inst/id_ex_reg[pc][31]_i_11/I0
    SLICE_X5Y10          LUT4 (Prop_lut4_I0_O)        0.124    12.725 f  cpu_inst/dot4acc_pipeline_inst/id_ex_reg[pc][31]_i_11/O
                         net (fo=1, routed)           0.154    12.880    cpu_inst/dot4acc_pipeline_inst/id_ex_reg[pc][31]_i_11_n_0
    SLICE_X5Y10                                                       f  cpu_inst/dot4acc_pipeline_inst/id_ex_reg[pc][31]_i_3/I5
    SLICE_X5Y10          LUT6 (Prop_lut6_I5_O)        0.124    13.004 r  cpu_inst/dot4acc_pipeline_inst/id_ex_reg[pc][31]_i_3/O
                         net (fo=13, routed)          0.356    13.359    cpu_inst/dot4acc_pipeline_inst/id_ex_reg[pc][31]_i_3_n_0
    SLICE_X7Y10                                                       r  cpu_inst/dot4acc_pipeline_inst/id_ex_reg[operand_b][31]_i_4/I2
    SLICE_X7Y10          LUT5 (Prop_lut5_I2_O)        0.124    13.483 r  cpu_inst/dot4acc_pipeline_inst/id_ex_reg[operand_b][31]_i_4/O
                         net (fo=3, routed)           0.427    13.911    cpu_inst/dot4acc_pipeline_inst/id_ex_reg[operand_b][31]_i_4_n_0
    SLICE_X7Y12                                                       r  cpu_inst/dot4acc_pipeline_inst/id_ex_reg[operand_b][31]_i_1/I1
    SLICE_X7Y12          LUT3 (Prop_lut3_I1_O)        0.124    14.035 r  cpu_inst/dot4acc_pipeline_inst/id_ex_reg[operand_b][31]_i_1/O
                         net (fo=32, routed)          0.986    15.020    cpu_inst/dot4acc_pipeline_inst_n_1
    SLICE_X9Y16          FDRE                                         r  cpu_inst/id_ex_reg_reg[operand_b][14]/R
  -------------------------------------------------------------------    -------------------

                         (clock sys_clk_pin rise edge)
                                                     10.753    10.753 r  <hidden>
    W5                                                0.000    10.753 r  clk
                         net (fo=0)                   0.000    10.753    clk
    W5                                                                r  clk_IBUF_inst/I
    W5                   IBUF (Prop_ibuf_I_O)         1.388    12.141 r  clk_IBUF_inst/O
                         net (fo=1, routed)           1.862    14.003    clk_IBUF
    BUFGCTRL_X0Y0                                                     r  clk_IBUF_BUFG_inst/I
    BUFGCTRL_X0Y0        BUFG (Prop_bufg_I_O)         0.091    14.094 r  clk_IBUF_BUFG_inst/O
                         net (fo=1820, routed)        1.443    15.537    cpu_inst/clk_IBUF_BUFG
    SLICE_X9Y16          FDRE                                         r  cpu_inst/id_ex_reg_reg[operand_b][14]/C
                         clock pessimism              0.260    15.797    <hidden>
                         clock uncertainty           -0.035    15.762    <hidden>
    SLICE_X9Y16          FDRE (Setup_fdre_C_R)       -0.429    15.333    cpu_inst/id_ex_reg_reg[operand_b][14]
  -------------------------------------------------------------------
                         required time                         15.333    <hidden>
                         arrival time                         -15.020    <hidden>
  -------------------------------------------------------------------
                         slack                                  0.313    <hidden>

Slack (MET) :             0.313ns  (required time - arrival time)
  Source:                 cpu_inst/id_ex_reg_reg[rs1][4]/C
                            (rising edge-triggered cell FDRE clocked by sys_clk_pin  {rise@0.000ns fall@5.376ns period=10.753ns})
  Destination:            cpu_inst/id_ex_reg_reg[operand_b][22]/R
                            (rising edge-triggered cell FDRE clocked by sys_clk_pin  {rise@0.000ns fall@5.376ns period=10.753ns})
  Path Group:             sys_clk_pin
  Path Type:              Setup (Max at Slow Process Corner)
  Requirement:            10.753ns  (sys_clk_pin rise@10.753ns - sys_clk_pin rise@0.000ns)
  Data Path Delay:        9.862ns  (logic 2.839ns (28.787%)  route 7.023ns (71.213%))
  Logic Levels:           12  (CARRY4=2 LUT3=1 LUT4=2 LUT5=4 LUT6=3)
  Clock Path Skew:        -0.114ns (DCD - SCD + CPR)
    Destination Clock Delay (DCD):    4.784ns = ( 15.537 - 10.753 ) 
    Source Clock Delay      (SCD):    5.158ns
    Clock Pessimism Removal (CPR):    0.260ns
  Clock Uncertainty:      0.035ns  ((TSJ^2 + TIJ^2)^1/2 + DJ) / 2 + PE
    Total System Jitter     (TSJ):    0.071ns
    Total Input Jitter      (TIJ):    0.000ns
    Discrete Jitter          (DJ):    0.000ns
    Phase Error              (PE):    0.000ns

    Location             Delay type                Incr(ns)  Path(ns)    Netlist Resource(s)
  -------------------------------------------------------------------    -------------------
                         (clock sys_clk_pin rise edge)
                                                      0.000     0.000 r  <hidden>
    W5                                                0.000     0.000 r  clk
                         net (fo=0)                   0.000     0.000    clk
    W5                                                                r  clk_IBUF_inst/I
    W5                   IBUF (Prop_ibuf_I_O)         1.458     1.458 r  clk_IBUF_inst/O
                         net (fo=1, routed)           1.967     3.425    clk_IBUF
    BUFGCTRL_X0Y0                                                     r  clk_IBUF_BUFG_inst/I
    BUFGCTRL_X0Y0        BUFG (Prop_bufg_I_O)         0.096     3.521 r  clk_IBUF_BUFG_inst/O
                         net (fo=1820, routed)        1.637     5.158    cpu_inst/clk_IBUF_BUFG
    SLICE_X2Y8           FDRE                                         r  cpu_inst/id_ex_reg_reg[rs1][4]/C
  -------------------------------------------------------------------    -------------------
    SLICE_X2Y8           FDRE (Prop_fdre_C_Q)         0.478     5.636 r  cpu_inst/id_ex_reg_reg[rs1][4]/Q
                         net (fo=11, routed)          1.054     6.690    cpu_inst/instr_mem_inst/id_ex_reg_reg[rs1][4]
    SLICE_X2Y6                                                        r  cpu_inst/instr_mem_inst/ex_alu_result0_i_79/I1
    SLICE_X2Y6           LUT6 (Prop_lut6_I1_O)        0.296     6.986 r  cpu_inst/instr_mem_inst/ex_alu_result0_i_79/O
                         net (fo=1, routed)           0.493     7.480    cpu_inst/instr_mem_inst/ex_alu_result0_i_79_n_0
    SLICE_X3Y6                                                        r  cpu_inst/instr_mem_inst/ex_alu_result0_i_42/I3
    SLICE_X3Y6           LUT5 (Prop_lut5_I3_O)        0.124     7.604 r  cpu_inst/instr_mem_inst/ex_alu_result0_i_42/O
                         net (fo=33, routed)          0.999     8.603    cpu_inst/data_mem_inst/ex_alu_result0_10
    SLICE_X10Y8                                                       r  cpu_inst/data_mem_inst/pair0_reg_reg_i_50/I1
    SLICE_X10Y8          LUT5 (Prop_lut5_I1_O)        0.124     8.727 r  cpu_inst/data_mem_inst/pair0_reg_reg_i_50/O
                         net (fo=1, routed)           0.641     9.368    cpu_inst/data_mem_inst/pair0_reg_reg_i_50_n_0
    SLICE_X10Y8                                                       r  cpu_inst/data_mem_inst/pair0_reg_reg_i_30/I2
    SLICE_X10Y8          LUT5 (Prop_lut5_I2_O)        0.124     9.492 r  cpu_inst/data_mem_inst/pair0_reg_reg_i_30/O
                         net (fo=4, routed)           0.999    10.491    cpu_inst/dot4acc_pipeline_inst/redirect_pending_target_reg[31]_i_12_2
    SLICE_X9Y9                                                        r  cpu_inst/dot4acc_pipeline_inst/redirect_pending_target[31]_i_20/I3
    SLICE_X9Y9           LUT6 (Prop_lut6_I3_O)        0.124    10.615 r  cpu_inst/dot4acc_pipeline_inst/redirect_pending_target[31]_i_20/O
                         net (fo=1, routed)           0.000    10.615    cpu_inst/dot4acc_pipeline_inst/redirect_pending_target[31]_i_20_n_0
    SLICE_X9Y9                                                        r  cpu_inst/dot4acc_pipeline_inst/redirect_pending_target_reg[31]_i_12/S[0]
    SLICE_X9Y9           CARRY4 (Prop_carry4_S[0]_CO[3])
                                                      0.532    11.147 r  cpu_inst/dot4acc_pipeline_inst/redirect_pending_target_reg[31]_i_12/CO[3]
                         net (fo=1, routed)           0.000    11.147    cpu_inst/dot4acc_pipeline_inst/redirect_pending_target_reg[31]_i_12_n_0
    SLICE_X9Y10                                                       r  cpu_inst/dot4acc_pipeline_inst/redirect_pending_target_reg[31]_i_5/CI
    SLICE_X9Y10          CARRY4 (Prop_carry4_CI_CO[2])
                                                      0.228    11.375 r  cpu_inst/dot4acc_pipeline_inst/redirect_pending_target_reg[31]_i_5/CO[2]
                         net (fo=18, routed)          0.472    11.847    cpu_inst/dot4acc_pipeline_inst/ex_branch_taken0
    SLICE_X7Y10                                                       r  cpu_inst/dot4acc_pipeline_inst/led_OBUF[12]_inst_i_6/I3
    SLICE_X7Y10          LUT4 (Prop_lut4_I3_O)        0.313    12.160 r  cpu_inst/dot4acc_pipeline_inst/led_OBUF[12]_inst_i_6/O
                         net (fo=42, routed)          0.441    12.601    cpu_inst/dot4acc_pipeline_inst/led_OBUF[12]_inst_i_6_n_0
    SLICE_X5Y10                                                       r  cpu_inst/dot4acc_pipeline_inst/id_ex_reg[pc][31]_i_11/I0
    SLICE_X5Y10          LUT4 (Prop_lut4_I0_O)        0.124    12.725 f  cpu_inst/dot4acc_pipeline_inst/id_ex_reg[pc][31]_i_11/O
                         net (fo=1, routed)           0.154    12.880    cpu_inst/dot4acc_pipeline_inst/id_ex_reg[pc][31]_i_11_n_0
    SLICE_X5Y10                                                       f  cpu_inst/dot4acc_pipeline_inst/id_ex_reg[pc][31]_i_3/I5
    SLICE_X5Y10          LUT6 (Prop_lut6_I5_O)        0.124    13.004 r  cpu_inst/dot4acc_pipeline_inst/id_ex_reg[pc][31]_i_3/O
                         net (fo=13, routed)          0.356    13.359    cpu_inst/dot4acc_pipeline_inst/id_ex_reg[pc][31]_i_3_n_0
    SLICE_X7Y10                                                       r  cpu_inst/dot4acc_pipeline_inst/id_ex_reg[operand_b][31]_i_4/I2
    SLICE_X7Y10          LUT5 (Prop_lut5_I2_O)        0.124    13.483 r  cpu_inst/dot4acc_pipeline_inst/id_ex_reg[operand_b][31]_i_4/O
                         net (fo=3, routed)           0.427    13.911    cpu_inst/dot4acc_pipeline_inst/id_ex_reg[operand_b][31]_i_4_n_0
    SLICE_X7Y12                                                       r  cpu_inst/dot4acc_pipeline_inst/id_ex_reg[operand_b][31]_i_1/I1
    SLICE_X7Y12          LUT3 (Prop_lut3_I1_O)        0.124    14.035 r  cpu_inst/dot4acc_pipeline_inst/id_ex_reg[operand_b][31]_i_1/O
                         net (fo=32, routed)          0.986    15.020    cpu_inst/dot4acc_pipeline_inst_n_1
    SLICE_X9Y16          FDRE                                         r  cpu_inst/id_ex_reg_reg[operand_b][22]/R
  -------------------------------------------------------------------    -------------------

                         (clock sys_clk_pin rise edge)
                                                     10.753    10.753 r  <hidden>
    W5                                                0.000    10.753 r  clk
                         net (fo=0)                   0.000    10.753    clk
    W5                                                                r  clk_IBUF_inst/I
    W5                   IBUF (Prop_ibuf_I_O)         1.388    12.141 r  clk_IBUF_inst/O
                         net (fo=1, routed)           1.862    14.003    clk_IBUF
    BUFGCTRL_X0Y0                                                     r  clk_IBUF_BUFG_inst/I
    BUFGCTRL_X0Y0        BUFG (Prop_bufg_I_O)         0.091    14.094 r  clk_IBUF_BUFG_inst/O
                         net (fo=1820, routed)        1.443    15.537    cpu_inst/clk_IBUF_BUFG
    SLICE_X9Y16          FDRE                                         r  cpu_inst/id_ex_reg_reg[operand_b][22]/C
                         clock pessimism              0.260    15.797    <hidden>
                         clock uncertainty           -0.035    15.762    <hidden>
    SLICE_X9Y16          FDRE (Setup_fdre_C_R)       -0.429    15.333    cpu_inst/id_ex_reg_reg[operand_b][22]
  -------------------------------------------------------------------
                         required time                         15.333    <hidden>
                         arrival time                         -15.020    <hidden>
  -------------------------------------------------------------------
                         slack                                  0.313    <hidden>

Slack (MET) :             0.333ns  (required time - arrival time)
  Source:                 cpu_inst/data_mem_inst/mem_reg/CLKARDCLK
                            (rising edge-triggered cell RAMB18E1 clocked by sys_clk_pin  {rise@0.000ns fall@5.376ns period=10.753ns})
  Destination:            cpu_inst/id_ex_reg_reg[operand_b][23]/R
                            (rising edge-triggered cell FDRE clocked by sys_clk_pin  {rise@0.000ns fall@5.376ns period=10.753ns})
  Path Group:             sys_clk_pin
  Path Type:              Setup (Max at Slow Process Corner)
  Requirement:            10.753ns  (sys_clk_pin rise@10.753ns - sys_clk_pin rise@0.000ns)
  Data Path Delay:        9.872ns  (logic 4.651ns (47.115%)  route 5.221ns (52.885%))
  Logic Levels:           12  (CARRY4=3 LUT3=3 LUT4=2 LUT5=2 LUT6=2)
  Clock Path Skew:        -0.084ns (DCD - SCD + CPR)
    Destination Clock Delay (DCD):    4.787ns = ( 15.540 - 10.753 ) 
    Source Clock Delay      (SCD):    5.132ns
    Clock Pessimism Removal (CPR):    0.260ns
  Clock Uncertainty:      0.035ns  ((TSJ^2 + TIJ^2)^1/2 + DJ) / 2 + PE
    Total System Jitter     (TSJ):    0.071ns
    Total Input Jitter      (TIJ):    0.000ns
    Discrete Jitter          (DJ):    0.000ns
    Phase Error              (PE):    0.000ns

    Location             Delay type                Incr(ns)  Path(ns)    Netlist Resource(s)
  -------------------------------------------------------------------    -------------------
                         (clock sys_clk_pin rise edge)
                                                      0.000     0.000 r  <hidden>
    W5                                                0.000     0.000 r  clk
                         net (fo=0)                   0.000     0.000    clk
    W5                                                                r  clk_IBUF_inst/I
    W5                   IBUF (Prop_ibuf_I_O)         1.458     1.458 r  clk_IBUF_inst/O
                         net (fo=1, routed)           1.967     3.425    clk_IBUF
    BUFGCTRL_X0Y0                                                     r  clk_IBUF_BUFG_inst/I
    BUFGCTRL_X0Y0        BUFG (Prop_bufg_I_O)         0.096     3.521 r  clk_IBUF_BUFG_inst/O
                         net (fo=1820, routed)        1.611     5.132    cpu_inst/data_mem_inst/clk_IBUF_BUFG
    RAMB18_X0Y2          RAMB18E1                                     r  cpu_inst/data_mem_inst/mem_reg/CLKARDCLK
  -------------------------------------------------------------------    -------------------
    RAMB18_X0Y2          RAMB18E1 (Prop_ramb18e1_CLKARDCLK_DOADO[5])
                                                      2.454     7.586 r  cpu_inst/data_mem_inst/mem_reg/DOADO[5]
                         net (fo=3, routed)           0.654     8.240    cpu_inst/data_mem_inst/read_data[5]
    SLICE_X9Y5                                                        r  cpu_inst/data_mem_inst/deferred_load_data[5]_i_1/I0
    SLICE_X9Y5           LUT3 (Prop_lut3_I0_O)        0.124     8.364 r  cpu_inst/data_mem_inst/deferred_load_data[5]_i_1/O
                         net (fo=7, routed)           0.631     8.995    cpu_inst/data_mem_inst/data2[5]
    SLICE_X10Y5                                                       r  cpu_inst/data_mem_inst/ex_alu_result0_i_3/I4
    SLICE_X10Y5          LUT5 (Prop_lut5_I4_O)        0.124     9.119 r  cpu_inst/data_mem_inst/ex_alu_result0_i_3/O
                         net (fo=3, routed)           0.335     9.454    cpu_inst/dot4acc_pipeline_inst/A[5]
    SLICE_X10Y6                                                       r  cpu_inst/dot4acc_pipeline_inst/redirect_pending_target[31]_i_34/I2
    SLICE_X10Y6          LUT3 (Prop_lut3_I2_O)        0.124     9.578 r  cpu_inst/dot4acc_pipeline_inst/redirect_pending_target[31]_i_34/O
                         net (fo=1, routed)           0.788    10.366    cpu_inst/dot4acc_pipeline_inst/redirect_pending_target[31]_i_34_n_0
    SLICE_X9Y8                                                        r  cpu_inst/dot4acc_pipeline_inst/redirect_pending_target[31]_i_23/I3
    SLICE_X9Y8           LUT6 (Prop_lut6_I3_O)        0.124    10.490 r  cpu_inst/dot4acc_pipeline_inst/redirect_pending_target[31]_i_23/O
                         net (fo=1, routed)           0.000    10.490    cpu_inst/dot4acc_pipeline_inst/redirect_pending_target[31]_i_23_n_0
    SLICE_X9Y8                                                        r  cpu_inst/dot4acc_pipeline_inst/redirect_pending_target_reg[31]_i_16/S[1]
    SLICE_X9Y8           CARRY4 (Prop_carry4_S[1]_CO[3])
                                                      0.550    11.040 r  cpu_inst/dot4acc_pipeline_inst/redirect_pending_target_reg[31]_i_16/CO[3]
                         net (fo=1, routed)           0.000    11.040    cpu_inst/dot4acc_pipeline_inst/redirect_pending_target_reg[31]_i_16_n_0
    SLICE_X9Y9                                                        r  cpu_inst/dot4acc_pipeline_inst/redirect_pending_target_reg[31]_i_12/CI
    SLICE_X9Y9           CARRY4 (Prop_carry4_CI_CO[3])
                                                      0.114    11.154 r  cpu_inst/dot4acc_pipeline_inst/redirect_pending_target_reg[31]_i_12/CO[3]
                         net (fo=1, routed)           0.000    11.154    cpu_inst/dot4acc_pipeline_inst/redirect_pending_target_reg[31]_i_12_n_0
    SLICE_X9Y10                                                       r  cpu_inst/dot4acc_pipeline_inst/redirect_pending_target_reg[31]_i_5/CI
    SLICE_X9Y10          CARRY4 (Prop_carry4_CI_CO[2])
                                                      0.228    11.382 r  cpu_inst/dot4acc_pipeline_inst/redirect_pending_target_reg[31]_i_5/CO[2]
                         net (fo=18, routed)          0.472    11.854    cpu_inst/dot4acc_pipeline_inst/ex_branch_taken0
    SLICE_X7Y10                                                       r  cpu_inst/dot4acc_pipeline_inst/led_OBUF[12]_inst_i_6/I3
    SLICE_X7Y10          LUT4 (Prop_lut4_I3_O)        0.313    12.167 r  cpu_inst/dot4acc_pipeline_inst/led_OBUF[12]_inst_i_6/O
                         net (fo=42, routed)          0.441    12.609    cpu_inst/dot4acc_pipeline_inst/led_OBUF[12]_inst_i_6_n_0
    SLICE_X5Y10                                                       r  cpu_inst/dot4acc_pipeline_inst/id_ex_reg[pc][31]_i_11/I0
    SLICE_X5Y10          LUT4 (Prop_lut4_I0_O)        0.124    12.733 f  cpu_inst/dot4acc_pipeline_inst/id_ex_reg[pc][31]_i_11/O
                         net (fo=1, routed)           0.154    12.887    cpu_inst/dot4acc_pipeline_inst/id_ex_reg[pc][31]_i_11_n_0
    SLICE_X5Y10                                                       f  cpu_inst/dot4acc_pipeline_inst/id_ex_reg[pc][31]_i_3/I5
    SLICE_X5Y10          LUT6 (Prop_lut6_I5_O)        0.124    13.011 r  cpu_inst/dot4acc_pipeline_inst/id_ex_reg[pc][31]_i_3/O
                         net (fo=13, routed)          0.356    13.367    cpu_inst/dot4acc_pipeline_inst/id_ex_reg[pc][31]_i_3_n_0
    SLICE_X7Y10                                                       r  cpu_inst/dot4acc_pipeline_inst/id_ex_reg[operand_b][31]_i_4/I2
    SLICE_X7Y10          LUT5 (Prop_lut5_I2_O)        0.124    13.491 r  cpu_inst/dot4acc_pipeline_inst/id_ex_reg[operand_b][31]_i_4/O
                         net (fo=3, routed)           0.427    13.918    cpu_inst/dot4acc_pipeline_inst/id_ex_reg[operand_b][31]_i_4_n_0
    SLICE_X7Y12                                                       r  cpu_inst/dot4acc_pipeline_inst/id_ex_reg[operand_b][31]_i_1/I1
    SLICE_X7Y12          LUT3 (Prop_lut3_I1_O)        0.124    14.042 r  cpu_inst/dot4acc_pipeline_inst/id_ex_reg[operand_b][31]_i_1/O
                         net (fo=32, routed)          0.961    15.003    cpu_inst/dot4acc_pipeline_inst_n_1
    SLICE_X13Y12         FDRE                                         r  cpu_inst/id_ex_reg_reg[operand_b][23]/R
  -------------------------------------------------------------------    -------------------

                         (clock sys_clk_pin rise edge)
                                                     10.753    10.753 r  <hidden>
    W5                                                0.000    10.753 r  clk
                         net (fo=0)                   0.000    10.753    clk
    W5                                                                r  clk_IBUF_inst/I
    W5                   IBUF (Prop_ibuf_I_O)         1.388    12.141 r  clk_IBUF_inst/O
                         net (fo=1, routed)           1.862    14.003    clk_IBUF
    BUFGCTRL_X0Y0                                                     r  clk_IBUF_BUFG_inst/I
    BUFGCTRL_X0Y0        BUFG (Prop_bufg_I_O)         0.091    14.094 r  clk_IBUF_BUFG_inst/O
                         net (fo=1820, routed)        1.446    15.540    cpu_inst/clk_IBUF_BUFG
    SLICE_X13Y12         FDRE                                         r  cpu_inst/id_ex_reg_reg[operand_b][23]/C
                         clock pessimism              0.260    15.800    <hidden>
                         clock uncertainty           -0.035    15.765    <hidden>
    SLICE_X13Y12         FDRE (Setup_fdre_C_R)       -0.429    15.336    cpu_inst/id_ex_reg_reg[operand_b][23]
  -------------------------------------------------------------------
                         required time                         15.336    <hidden>
                         arrival time                         -15.003    <hidden>
  -------------------------------------------------------------------
                         slack                                  0.333    <hidden>

Slack (MET) :             0.333ns  (required time - arrival time)
  Source:                 cpu_inst/id_ex_reg_reg[rs1][4]/C
                            (rising edge-triggered cell FDRE clocked by sys_clk_pin  {rise@0.000ns fall@5.376ns period=10.753ns})
  Destination:            cpu_inst/instr_mem_inst/instruction_reg/RSTRAMARSTRAM
                            (rising edge-triggered cell RAMB18E1 clocked by sys_clk_pin  {rise@0.000ns fall@5.376ns period=10.753ns})
  Path Group:             sys_clk_pin
  Path Type:              Setup (Max at Slow Process Corner)
  Requirement:            10.753ns  (sys_clk_pin rise@10.753ns - sys_clk_pin rise@0.000ns)
  Data Path Delay:        9.960ns  (logic 2.839ns (28.504%)  route 7.121ns (71.496%))
  Logic Levels:           12  (CARRY4=2 LUT4=2 LUT5=4 LUT6=4)
  Clock Path Skew:        -0.066ns (DCD - SCD + CPR)
    Destination Clock Delay (DCD):    4.833ns = ( 15.586 - 10.753 ) 
    Source Clock Delay      (SCD):    5.158ns
    Clock Pessimism Removal (CPR):    0.260ns
  Clock Uncertainty:      0.035ns  ((TSJ^2 + TIJ^2)^1/2 + DJ) / 2 + PE
    Total System Jitter     (TSJ):    0.071ns
    Total Input Jitter      (TIJ):    0.000ns
    Discrete Jitter          (DJ):    0.000ns
    Phase Error              (PE):    0.000ns

    Location             Delay type                Incr(ns)  Path(ns)    Netlist Resource(s)
  -------------------------------------------------------------------    -------------------
                         (clock sys_clk_pin rise edge)
                                                      0.000     0.000 r  <hidden>
    W5                                                0.000     0.000 r  clk
                         net (fo=0)                   0.000     0.000    clk
    W5                                                                r  clk_IBUF_inst/I
    W5                   IBUF (Prop_ibuf_I_O)         1.458     1.458 r  clk_IBUF_inst/O
                         net (fo=1, routed)           1.967     3.425    clk_IBUF
    BUFGCTRL_X0Y0                                                     r  clk_IBUF_BUFG_inst/I
    BUFGCTRL_X0Y0        BUFG (Prop_bufg_I_O)         0.096     3.521 r  clk_IBUF_BUFG_inst/O
                         net (fo=1820, routed)        1.637     5.158    cpu_inst/clk_IBUF_BUFG
    SLICE_X2Y8           FDRE                                         r  cpu_inst/id_ex_reg_reg[rs1][4]/C
  -------------------------------------------------------------------    -------------------
    SLICE_X2Y8           FDRE (Prop_fdre_C_Q)         0.478     5.636 r  cpu_inst/id_ex_reg_reg[rs1][4]/Q
                         net (fo=11, routed)          1.054     6.690    cpu_inst/instr_mem_inst/id_ex_reg_reg[rs1][4]
    SLICE_X2Y6                                                        r  cpu_inst/instr_mem_inst/ex_alu_result0_i_79/I1
    SLICE_X2Y6           LUT6 (Prop_lut6_I1_O)        0.296     6.986 r  cpu_inst/instr_mem_inst/ex_alu_result0_i_79/O
                         net (fo=1, routed)           0.493     7.480    cpu_inst/instr_mem_inst/ex_alu_result0_i_79_n_0
    SLICE_X3Y6                                                        r  cpu_inst/instr_mem_inst/ex_alu_result0_i_42/I3
    SLICE_X3Y6           LUT5 (Prop_lut5_I3_O)        0.124     7.604 r  cpu_inst/instr_mem_inst/ex_alu_result0_i_42/O
                         net (fo=33, routed)          0.999     8.603    cpu_inst/data_mem_inst/ex_alu_result0_10
    SLICE_X10Y8                                                       r  cpu_inst/data_mem_inst/pair0_reg_reg_i_50/I1
    SLICE_X10Y8          LUT5 (Prop_lut5_I1_O)        0.124     8.727 r  cpu_inst/data_mem_inst/pair0_reg_reg_i_50/O
                         net (fo=1, routed)           0.641     9.368    cpu_inst/data_mem_inst/pair0_reg_reg_i_50_n_0
    SLICE_X10Y8                                                       r  cpu_inst/data_mem_inst/pair0_reg_reg_i_30/I2
    SLICE_X10Y8          LUT5 (Prop_lut5_I2_O)        0.124     9.492 r  cpu_inst/data_mem_inst/pair0_reg_reg_i_30/O
                         net (fo=4, routed)           0.999    10.491    cpu_inst/dot4acc_pipeline_inst/redirect_pending_target_reg[31]_i_12_2
    SLICE_X9Y9                                                        r  cpu_inst/dot4acc_pipeline_inst/redirect_pending_target[31]_i_20/I3
    SLICE_X9Y9           LUT6 (Prop_lut6_I3_O)        0.124    10.615 r  cpu_inst/dot4acc_pipeline_inst/redirect_pending_target[31]_i_20/O
                         net (fo=1, routed)           0.000    10.615    cpu_inst/dot4acc_pipeline_inst/redirect_pending_target[31]_i_20_n_0
    SLICE_X9Y9                                                        r  cpu_inst/dot4acc_pipeline_inst/redirect_pending_target_reg[31]_i_12/S[0]
    SLICE_X9Y9           CARRY4 (Prop_carry4_S[0]_CO[3])
                                                      0.532    11.147 r  cpu_inst/dot4acc_pipeline_inst/redirect_pending_target_reg[31]_i_12/CO[3]
                         net (fo=1, routed)           0.000    11.147    cpu_inst/dot4acc_pipeline_inst/redirect_pending_target_reg[31]_i_12_n_0
    SLICE_X9Y10                                                       r  cpu_inst/dot4acc_pipeline_inst/redirect_pending_target_reg[31]_i_5/CI
    SLICE_X9Y10          CARRY4 (Prop_carry4_CI_CO[2])
                                                      0.228    11.375 f  cpu_inst/dot4acc_pipeline_inst/redirect_pending_target_reg[31]_i_5/CO[2]
                         net (fo=18, routed)          0.472    11.847    cpu_inst/dot4acc_pipeline_inst/ex_branch_taken0
    SLICE_X7Y10                                                       f  cpu_inst/dot4acc_pipeline_inst/led_OBUF[12]_inst_i_6/I3
    SLICE_X7Y10          LUT4 (Prop_lut4_I3_O)        0.313    12.160 f  cpu_inst/dot4acc_pipeline_inst/led_OBUF[12]_inst_i_6/O
                         net (fo=42, routed)          0.441    12.601    cpu_inst/dot4acc_pipeline_inst/led_OBUF[12]_inst_i_6_n_0
    SLICE_X5Y10                                                       f  cpu_inst/dot4acc_pipeline_inst/id_ex_reg[pc][31]_i_11/I0
    SLICE_X5Y10          LUT4 (Prop_lut4_I0_O)        0.124    12.725 r  cpu_inst/dot4acc_pipeline_inst/id_ex_reg[pc][31]_i_11/O
                         net (fo=1, routed)           0.154    12.880    cpu_inst/dot4acc_pipeline_inst/id_ex_reg[pc][31]_i_11_n_0
    SLICE_X5Y10                                                       r  cpu_inst/dot4acc_pipeline_inst/id_ex_reg[pc][31]_i_3/I5
    SLICE_X5Y10          LUT6 (Prop_lut6_I5_O)        0.124    13.004 f  cpu_inst/dot4acc_pipeline_inst/id_ex_reg[pc][31]_i_3/O
                         net (fo=13, routed)          0.409    13.413    cpu_inst/dot4acc_pipeline_inst/id_ex_reg[pc][31]_i_3_n_0
    SLICE_X5Y9                                                        f  cpu_inst/dot4acc_pipeline_inst/instruction_reg_i_11/I4
    SLICE_X5Y9           LUT5 (Prop_lut5_I4_O)        0.124    13.537 r  cpu_inst/dot4acc_pipeline_inst/instruction_reg_i_11/O
                         net (fo=9, routed)           0.530    14.067    cpu_inst/dot4acc_pipeline_inst/instruction_reg_i_11_n_0
    SLICE_X2Y11                                                       r  cpu_inst/dot4acc_pipeline_inst/instruction_reg_i_1/I2
    SLICE_X2Y11          LUT6 (Prop_lut6_I2_O)        0.124    14.191 r  cpu_inst/dot4acc_pipeline_inst/instruction_reg_i_1/O
                         net (fo=2, routed)           0.928    15.118    cpu_inst/instr_mem_inst/instruction_reg_0
    RAMB18_X0Y3          RAMB18E1                                     r  cpu_inst/instr_mem_inst/instruction_reg/RSTRAMARSTRAM
  -------------------------------------------------------------------    -------------------

                         (clock sys_clk_pin rise edge)
                                                     10.753    10.753 r  <hidden>
    W5                                                0.000    10.753 r  clk
                         net (fo=0)                   0.000    10.753    clk
    W5                                                                r  clk_IBUF_inst/I
    W5                   IBUF (Prop_ibuf_I_O)         1.388    12.141 r  clk_IBUF_inst/O
                         net (fo=1, routed)           1.862    14.003    clk_IBUF
    BUFGCTRL_X0Y0                                                     r  clk_IBUF_BUFG_inst/I
    BUFGCTRL_X0Y0        BUFG (Prop_bufg_I_O)         0.091    14.094 r  clk_IBUF_BUFG_inst/O
                         net (fo=1820, routed)        1.492    15.586    cpu_inst/instr_mem_inst/clk_IBUF_BUFG
    RAMB18_X0Y3          RAMB18E1                                     r  cpu_inst/instr_mem_inst/instruction_reg/CLKARDCLK
                         clock pessimism              0.260    15.846    <hidden>
                         clock uncertainty           -0.035    15.810    <hidden>
    RAMB18_X0Y3          RAMB18E1 (Setup_ramb18e1_CLKARDCLK_RSTRAMARSTRAM)
                                                     -0.359    15.451    cpu_inst/instr_mem_inst/instruction_reg
  -------------------------------------------------------------------
                         required time                         15.451    <hidden>
                         arrival time                         -15.118    <hidden>
  -------------------------------------------------------------------
                         slack                                  0.333    <hidden>

Slack (MET) :             0.355ns  (required time - arrival time)
  Source:                 cpu_inst/data_mem_inst/mem_reg/CLKARDCLK
                            (rising edge-triggered cell RAMB18E1 clocked by sys_clk_pin  {rise@0.000ns fall@5.376ns period=10.753ns})
  Destination:            cpu_inst/id_ex_reg_reg[operand_b][31]/R
                            (rising edge-triggered cell FDRE clocked by sys_clk_pin  {rise@0.000ns fall@5.376ns period=10.753ns})
  Path Group:             sys_clk_pin
  Path Type:              Setup (Max at Slow Process Corner)
  Requirement:            10.753ns  (sys_clk_pin rise@10.753ns - sys_clk_pin rise@0.000ns)
  Data Path Delay:        9.849ns  (logic 4.651ns (47.224%)  route 5.198ns (52.776%))
  Logic Levels:           12  (CARRY4=3 LUT3=3 LUT4=2 LUT5=2 LUT6=2)
  Clock Path Skew:        -0.084ns (DCD - SCD + CPR)
    Destination Clock Delay (DCD):    4.787ns = ( 15.540 - 10.753 ) 
    Source Clock Delay      (SCD):    5.132ns
    Clock Pessimism Removal (CPR):    0.260ns
  Clock Uncertainty:      0.035ns  ((TSJ^2 + TIJ^2)^1/2 + DJ) / 2 + PE
    Total System Jitter     (TSJ):    0.071ns
    Total Input Jitter      (TIJ):    0.000ns
    Discrete Jitter          (DJ):    0.000ns
    Phase Error              (PE):    0.000ns

    Location             Delay type                Incr(ns)  Path(ns)    Netlist Resource(s)
  -------------------------------------------------------------------    -------------------
                         (clock sys_clk_pin rise edge)
                                                      0.000     0.000 r  <hidden>
    W5                                                0.000     0.000 r  clk
                         net (fo=0)                   0.000     0.000    clk
    W5                                                                r  clk_IBUF_inst/I
    W5                   IBUF (Prop_ibuf_I_O)         1.458     1.458 r  clk_IBUF_inst/O
                         net (fo=1, routed)           1.967     3.425    clk_IBUF
    BUFGCTRL_X0Y0                                                     r  clk_IBUF_BUFG_inst/I
    BUFGCTRL_X0Y0        BUFG (Prop_bufg_I_O)         0.096     3.521 r  clk_IBUF_BUFG_inst/O
                         net (fo=1820, routed)        1.611     5.132    cpu_inst/data_mem_inst/clk_IBUF_BUFG
    RAMB18_X0Y2          RAMB18E1                                     r  cpu_inst/data_mem_inst/mem_reg/CLKARDCLK
  -------------------------------------------------------------------    -------------------
    RAMB18_X0Y2          RAMB18E1 (Prop_ramb18e1_CLKARDCLK_DOADO[5])
                                                      2.454     7.586 r  cpu_inst/data_mem_inst/mem_reg/DOADO[5]
                         net (fo=3, routed)           0.654     8.240    cpu_inst/data_mem_inst/read_data[5]
    SLICE_X9Y5                                                        r  cpu_inst/data_mem_inst/deferred_load_data[5]_i_1/I0
    SLICE_X9Y5           LUT3 (Prop_lut3_I0_O)        0.124     8.364 r  cpu_inst/data_mem_inst/deferred_load_data[5]_i_1/O
                         net (fo=7, routed)           0.631     8.995    cpu_inst/data_mem_inst/data2[5]
    SLICE_X10Y5                                                       r  cpu_inst/data_mem_inst/ex_alu_result0_i_3/I4
    SLICE_X10Y5          LUT5 (Prop_lut5_I4_O)        0.124     9.119 r  cpu_inst/data_mem_inst/ex_alu_result0_i_3/O
                         net (fo=3, routed)           0.335     9.454    cpu_inst/dot4acc_pipeline_inst/A[5]
    SLICE_X10Y6                                                       r  cpu_inst/dot4acc_pipeline_inst/redirect_pending_target[31]_i_34/I2
    SLICE_X10Y6          LUT3 (Prop_lut3_I2_O)        0.124     9.578 r  cpu_inst/dot4acc_pipeline_inst/redirect_pending_target[31]_i_34/O
                         net (fo=1, routed)           0.788    10.366    cpu_inst/dot4acc_pipeline_inst/redirect_pending_target[31]_i_34_n_0
    SLICE_X9Y8                                                        r  cpu_inst/dot4acc_pipeline_inst/redirect_pending_target[31]_i_23/I3
    SLICE_X9Y8           LUT6 (Prop_lut6_I3_O)        0.124    10.490 r  cpu_inst/dot4acc_pipeline_inst/redirect_pending_target[31]_i_23/O
                         net (fo=1, routed)           0.000    10.490    cpu_inst/dot4acc_pipeline_inst/redirect_pending_target[31]_i_23_n_0
    SLICE_X9Y8                                                        r  cpu_inst/dot4acc_pipeline_inst/redirect_pending_target_reg[31]_i_16/S[1]
    SLICE_X9Y8           CARRY4 (Prop_carry4_S[1]_CO[3])
                                                      0.550    11.040 r  cpu_inst/dot4acc_pipeline_inst/redirect_pending_target_reg[31]_i_16/CO[3]
                         net (fo=1, routed)           0.000    11.040    cpu_inst/dot4acc_pipeline_inst/redirect_pending_target_reg[31]_i_16_n_0
    SLICE_X9Y9                                                        r  cpu_inst/dot4acc_pipeline_inst/redirect_pending_target_reg[31]_i_12/CI
    SLICE_X9Y9           CARRY4 (Prop_carry4_CI_CO[3])
                                                      0.114    11.154 r  cpu_inst/dot4acc_pipeline_inst/redirect_pending_target_reg[31]_i_12/CO[3]
                         net (fo=1, routed)           0.000    11.154    cpu_inst/dot4acc_pipeline_inst/redirect_pending_target_reg[31]_i_12_n_0
    SLICE_X9Y10                                                       r  cpu_inst/dot4acc_pipeline_inst/redirect_pending_target_reg[31]_i_5/CI
    SLICE_X9Y10          CARRY4 (Prop_carry4_CI_CO[2])
                                                      0.228    11.382 r  cpu_inst/dot4acc_pipeline_inst/redirect_pending_target_reg[31]_i_5/CO[2]
                         net (fo=18, routed)          0.472    11.854    cpu_inst/dot4acc_pipeline_inst/ex_branch_taken0
    SLICE_X7Y10                                                       r  cpu_inst/dot4acc_pipeline_inst/led_OBUF[12]_inst_i_6/I3
    SLICE_X7Y10          LUT4 (Prop_lut4_I3_O)        0.313    12.167 r  cpu_inst/dot4acc_pipeline_inst/led_OBUF[12]_inst_i_6/O
                         net (fo=42, routed)          0.441    12.609    cpu_inst/dot4acc_pipeline_inst/led_OBUF[12]_inst_i_6_n_0
    SLICE_X5Y10                                                       r  cpu_inst/dot4acc_pipeline_inst/id_ex_reg[pc][31]_i_11/I0
    SLICE_X5Y10          LUT4 (Prop_lut4_I0_O)        0.124    12.733 f  cpu_inst/dot4acc_pipeline_inst/id_ex_reg[pc][31]_i_11/O
                         net (fo=1, routed)           0.154    12.887    cpu_inst/dot4acc_pipeline_inst/id_ex_reg[pc][31]_i_11_n_0
    SLICE_X5Y10                                                       f  cpu_inst/dot4acc_pipeline_inst/id_ex_reg[pc][31]_i_3/I5
    SLICE_X5Y10          LUT6 (Prop_lut6_I5_O)        0.124    13.011 r  cpu_inst/dot4acc_pipeline_inst/id_ex_reg[pc][31]_i_3/O
                         net (fo=13, routed)          0.356    13.367    cpu_inst/dot4acc_pipeline_inst/id_ex_reg[pc][31]_i_3_n_0
    SLICE_X7Y10                                                       r  cpu_inst/dot4acc_pipeline_inst/id_ex_reg[operand_b][31]_i_4/I2
    SLICE_X7Y10          LUT5 (Prop_lut5_I2_O)        0.124    13.491 r  cpu_inst/dot4acc_pipeline_inst/id_ex_reg[operand_b][31]_i_4/O
                         net (fo=3, routed)           0.427    13.918    cpu_inst/dot4acc_pipeline_inst/id_ex_reg[operand_b][31]_i_4_n_0
    SLICE_X7Y12                                                       r  cpu_inst/dot4acc_pipeline_inst/id_ex_reg[operand_b][31]_i_1/I1
    SLICE_X7Y12          LUT3 (Prop_lut3_I1_O)        0.124    14.042 r  cpu_inst/dot4acc_pipeline_inst/id_ex_reg[operand_b][31]_i_1/O
                         net (fo=32, routed)          0.938    14.980    cpu_inst/dot4acc_pipeline_inst_n_1
    SLICE_X11Y14         FDRE                                         r  cpu_inst/id_ex_reg_reg[operand_b][31]/R
  -------------------------------------------------------------------    -------------------

                         (clock sys_clk_pin rise edge)
                                                     10.753    10.753 r  <hidden>
    W5                                                0.000    10.753 r  clk
                         net (fo=0)                   0.000    10.753    clk
    W5                                                                r  clk_IBUF_inst/I
    W5                   IBUF (Prop_ibuf_I_O)         1.388    12.141 r  clk_IBUF_inst/O
                         net (fo=1, routed)           1.862    14.003    clk_IBUF
    BUFGCTRL_X0Y0                                                     r  clk_IBUF_BUFG_inst/I
    BUFGCTRL_X0Y0        BUFG (Prop_bufg_I_O)         0.091    14.094 r  clk_IBUF_BUFG_inst/O
                         net (fo=1820, routed)        1.446    15.540    cpu_inst/clk_IBUF_BUFG
    SLICE_X11Y14         FDRE                                         r  cpu_inst/id_ex_reg_reg[operand_b][31]/C
                         clock pessimism              0.260    15.800    <hidden>
                         clock uncertainty           -0.035    15.765    <hidden>
    SLICE_X11Y14         FDRE (Setup_fdre_C_R)       -0.429    15.336    cpu_inst/id_ex_reg_reg[operand_b][31]
  -------------------------------------------------------------------
                         required time                         15.336    <hidden>
                         arrival time                         -14.980    <hidden>
  -------------------------------------------------------------------
                         slack                                  0.355    <hidden>

Slack (MET) :             0.355ns  (required time - arrival time)
  Source:                 cpu_inst/data_mem_inst/mem_reg/CLKARDCLK
                            (rising edge-triggered cell RAMB18E1 clocked by sys_clk_pin  {rise@0.000ns fall@5.376ns period=10.753ns})
  Destination:            cpu_inst/id_ex_reg_reg[operand_b][7]/R
                            (rising edge-triggered cell FDRE clocked by sys_clk_pin  {rise@0.000ns fall@5.376ns period=10.753ns})
  Path Group:             sys_clk_pin
  Path Type:              Setup (Max at Slow Process Corner)
  Requirement:            10.753ns  (sys_clk_pin rise@10.753ns - sys_clk_pin rise@0.000ns)
  Data Path Delay:        9.849ns  (logic 4.651ns (47.224%)  route 5.198ns (52.776%))
  Logic Levels:           12  (CARRY4=3 LUT3=3 LUT4=2 LUT5=2 LUT6=2)
  Clock Path Skew:        -0.084ns (DCD - SCD + CPR)
    Destination Clock Delay (DCD):    4.787ns = ( 15.540 - 10.753 ) 
    Source Clock Delay      (SCD):    5.132ns
    Clock Pessimism Removal (CPR):    0.260ns
  Clock Uncertainty:      0.035ns  ((TSJ^2 + TIJ^2)^1/2 + DJ) / 2 + PE
    Total System Jitter     (TSJ):    0.071ns
    Total Input Jitter      (TIJ):    0.000ns
    Discrete Jitter          (DJ):    0.000ns
    Phase Error              (PE):    0.000ns

    Location             Delay type                Incr(ns)  Path(ns)    Netlist Resource(s)
  -------------------------------------------------------------------    -------------------
                         (clock sys_clk_pin rise edge)
                                                      0.000     0.000 r  <hidden>
    W5                                                0.000     0.000 r  clk
                         net (fo=0)                   0.000     0.000    clk
    W5                                                                r  clk_IBUF_inst/I
    W5                   IBUF (Prop_ibuf_I_O)         1.458     1.458 r  clk_IBUF_inst/O
                         net (fo=1, routed)           1.967     3.425    clk_IBUF
    BUFGCTRL_X0Y0                                                     r  clk_IBUF_BUFG_inst/I
    BUFGCTRL_X0Y0        BUFG (Prop_bufg_I_O)         0.096     3.521 r  clk_IBUF_BUFG_inst/O
                         net (fo=1820, routed)        1.611     5.132    cpu_inst/data_mem_inst/clk_IBUF_BUFG
    RAMB18_X0Y2          RAMB18E1                                     r  cpu_inst/data_mem_inst/mem_reg/CLKARDCLK
  -------------------------------------------------------------------    -------------------
    RAMB18_X0Y2          RAMB18E1 (Prop_ramb18e1_CLKARDCLK_DOADO[5])
                                                      2.454     7.586 r  cpu_inst/data_mem_inst/mem_reg/DOADO[5]
                         net (fo=3, routed)           0.654     8.240    cpu_inst/data_mem_inst/read_data[5]
    SLICE_X9Y5                                                        r  cpu_inst/data_mem_inst/deferred_load_data[5]_i_1/I0
    SLICE_X9Y5           LUT3 (Prop_lut3_I0_O)        0.124     8.364 r  cpu_inst/data_mem_inst/deferred_load_data[5]_i_1/O
                         net (fo=7, routed)           0.631     8.995    cpu_inst/data_mem_inst/data2[5]
    SLICE_X10Y5                                                       r  cpu_inst/data_mem_inst/ex_alu_result0_i_3/I4
    SLICE_X10Y5          LUT5 (Prop_lut5_I4_O)        0.124     9.119 r  cpu_inst/data_mem_inst/ex_alu_result0_i_3/O
                         net (fo=3, routed)           0.335     9.454    cpu_inst/dot4acc_pipeline_inst/A[5]
    SLICE_X10Y6                                                       r  cpu_inst/dot4acc_pipeline_inst/redirect_pending_target[31]_i_34/I2
    SLICE_X10Y6          LUT3 (Prop_lut3_I2_O)        0.124     9.578 r  cpu_inst/dot4acc_pipeline_inst/redirect_pending_target[31]_i_34/O
                         net (fo=1, routed)           0.788    10.366    cpu_inst/dot4acc_pipeline_inst/redirect_pending_target[31]_i_34_n_0
    SLICE_X9Y8                                                        r  cpu_inst/dot4acc_pipeline_inst/redirect_pending_target[31]_i_23/I3
    SLICE_X9Y8           LUT6 (Prop_lut6_I3_O)        0.124    10.490 r  cpu_inst/dot4acc_pipeline_inst/redirect_pending_target[31]_i_23/O
                         net (fo=1, routed)           0.000    10.490    cpu_inst/dot4acc_pipeline_inst/redirect_pending_target[31]_i_23_n_0
    SLICE_X9Y8                                                        r  cpu_inst/dot4acc_pipeline_inst/redirect_pending_target_reg[31]_i_16/S[1]
    SLICE_X9Y8           CARRY4 (Prop_carry4_S[1]_CO[3])
                                                      0.550    11.040 r  cpu_inst/dot4acc_pipeline_inst/redirect_pending_target_reg[31]_i_16/CO[3]
                         net (fo=1, routed)           0.000    11.040    cpu_inst/dot4acc_pipeline_inst/redirect_pending_target_reg[31]_i_16_n_0
    SLICE_X9Y9                                                        r  cpu_inst/dot4acc_pipeline_inst/redirect_pending_target_reg[31]_i_12/CI
    SLICE_X9Y9           CARRY4 (Prop_carry4_CI_CO[3])
                                                      0.114    11.154 r  cpu_inst/dot4acc_pipeline_inst/redirect_pending_target_reg[31]_i_12/CO[3]
                         net (fo=1, routed)           0.000    11.154    cpu_inst/dot4acc_pipeline_inst/redirect_pending_target_reg[31]_i_12_n_0
    SLICE_X9Y10                                                       r  cpu_inst/dot4acc_pipeline_inst/redirect_pending_target_reg[31]_i_5/CI
    SLICE_X9Y10          CARRY4 (Prop_carry4_CI_CO[2])
                                                      0.228    11.382 r  cpu_inst/dot4acc_pipeline_inst/redirect_pending_target_reg[31]_i_5/CO[2]
                         net (fo=18, routed)          0.472    11.854    cpu_inst/dot4acc_pipeline_inst/ex_branch_taken0
    SLICE_X7Y10                                                       r  cpu_inst/dot4acc_pipeline_inst/led_OBUF[12]_inst_i_6/I3
    SLICE_X7Y10          LUT4 (Prop_lut4_I3_O)        0.313    12.167 r  cpu_inst/dot4acc_pipeline_inst/led_OBUF[12]_inst_i_6/O
                         net (fo=42, routed)          0.441    12.609    cpu_inst/dot4acc_pipeline_inst/led_OBUF[12]_inst_i_6_n_0
    SLICE_X5Y10                                                       r  cpu_inst/dot4acc_pipeline_inst/id_ex_reg[pc][31]_i_11/I0
    SLICE_X5Y10          LUT4 (Prop_lut4_I0_O)        0.124    12.733 f  cpu_inst/dot4acc_pipeline_inst/id_ex_reg[pc][31]_i_11/O
                         net (fo=1, routed)           0.154    12.887    cpu_inst/dot4acc_pipeline_inst/id_ex_reg[pc][31]_i_11_n_0
    SLICE_X5Y10                                                       f  cpu_inst/dot4acc_pipeline_inst/id_ex_reg[pc][31]_i_3/I5
    SLICE_X5Y10          LUT6 (Prop_lut6_I5_O)        0.124    13.011 r  cpu_inst/dot4acc_pipeline_inst/id_ex_reg[pc][31]_i_3/O
                         net (fo=13, routed)          0.356    13.367    cpu_inst/dot4acc_pipeline_inst/id_ex_reg[pc][31]_i_3_n_0
    SLICE_X7Y10                                                       r  cpu_inst/dot4acc_pipeline_inst/id_ex_reg[operand_b][31]_i_4/I2
    SLICE_X7Y10          LUT5 (Prop_lut5_I2_O)        0.124    13.491 r  cpu_inst/dot4acc_pipeline_inst/id_ex_reg[operand_b][31]_i_4/O
                         net (fo=3, routed)           0.427    13.918    cpu_inst/dot4acc_pipeline_inst/id_ex_reg[operand_b][31]_i_4_n_0
    SLICE_X7Y12                                                       r  cpu_inst/dot4acc_pipeline_inst/id_ex_reg[operand_b][31]_i_1/I1
    SLICE_X7Y12          LUT3 (Prop_lut3_I1_O)        0.124    14.042 r  cpu_inst/dot4acc_pipeline_inst/id_ex_reg[operand_b][31]_i_1/O
                         net (fo=32, routed)          0.938    14.980    cpu_inst/dot4acc_pipeline_inst_n_1
    SLICE_X11Y14         FDRE                                         r  cpu_inst/id_ex_reg_reg[operand_b][7]/R
  -------------------------------------------------------------------    -------------------

                         (clock sys_clk_pin rise edge)
                                                     10.753    10.753 r  <hidden>
    W5                                                0.000    10.753 r  clk
                         net (fo=0)                   0.000    10.753    clk
    W5                                                                r  clk_IBUF_inst/I
    W5                   IBUF (Prop_ibuf_I_O)         1.388    12.141 r  clk_IBUF_inst/O
                         net (fo=1, routed)           1.862    14.003    clk_IBUF
    BUFGCTRL_X0Y0                                                     r  clk_IBUF_BUFG_inst/I
    BUFGCTRL_X0Y0        BUFG (Prop_bufg_I_O)         0.091    14.094 r  clk_IBUF_BUFG_inst/O
                         net (fo=1820, routed)        1.446    15.540    cpu_inst/clk_IBUF_BUFG
    SLICE_X11Y14         FDRE                                         r  cpu_inst/id_ex_reg_reg[operand_b][7]/C
                         clock pessimism              0.260    15.800    <hidden>
                         clock uncertainty           -0.035    15.765    <hidden>
    SLICE_X11Y14         FDRE (Setup_fdre_C_R)       -0.429    15.336    cpu_inst/id_ex_reg_reg[operand_b][7]
  -------------------------------------------------------------------
                         required time                         15.336    <hidden>
                         arrival time                         -14.980    <hidden>
  -------------------------------------------------------------------
                         slack                                  0.355    <hidden>

Slack (MET) :             0.367ns  (required time - arrival time)
  Source:                 cpu_inst/id_ex_reg_reg[rs1][4]/C
                            (rising edge-triggered cell FDRE clocked by sys_clk_pin  {rise@0.000ns fall@5.376ns period=10.753ns})
  Destination:            cpu_inst/id_ex_reg_reg[operand_a][0]/R
                            (rising edge-triggered cell FDRE clocked by sys_clk_pin  {rise@0.000ns fall@5.376ns period=10.753ns})
  Path Group:             sys_clk_pin
  Path Type:              Setup (Max at Slow Process Corner)
  Requirement:            10.753ns  (sys_clk_pin rise@10.753ns - sys_clk_pin rise@0.000ns)
  Data Path Delay:        9.714ns  (logic 2.715ns (27.948%)  route 6.999ns (72.052%))
  Logic Levels:           11  (CARRY4=2 LUT3=1 LUT5=4 LUT6=4)
  Clock Path Skew:        -0.112ns (DCD - SCD + CPR)
    Destination Clock Delay (DCD):    4.786ns = ( 15.539 - 10.753 ) 
    Source Clock Delay      (SCD):    5.158ns
    Clock Pessimism Removal (CPR):    0.260ns
  Clock Uncertainty:      0.035ns  ((TSJ^2 + TIJ^2)^1/2 + DJ) / 2 + PE
    Total System Jitter     (TSJ):    0.071ns
    Total Input Jitter      (TIJ):    0.000ns
    Discrete Jitter          (DJ):    0.000ns
    Phase Error              (PE):    0.000ns

    Location             Delay type                Incr(ns)  Path(ns)    Netlist Resource(s)
  -------------------------------------------------------------------    -------------------
                         (clock sys_clk_pin rise edge)
                                                      0.000     0.000 r  <hidden>
    W5                                                0.000     0.000 r  clk
                         net (fo=0)                   0.000     0.000    clk
    W5                                                                r  clk_IBUF_inst/I
    W5                   IBUF (Prop_ibuf_I_O)         1.458     1.458 r  clk_IBUF_inst/O
                         net (fo=1, routed)           1.967     3.425    clk_IBUF
    BUFGCTRL_X0Y0                                                     r  clk_IBUF_BUFG_inst/I
    BUFGCTRL_X0Y0        BUFG (Prop_bufg_I_O)         0.096     3.521 r  clk_IBUF_BUFG_inst/O
                         net (fo=1820, routed)        1.637     5.158    cpu_inst/clk_IBUF_BUFG
    SLICE_X2Y8           FDRE                                         r  cpu_inst/id_ex_reg_reg[rs1][4]/C
  -------------------------------------------------------------------    -------------------
    SLICE_X2Y8           FDRE (Prop_fdre_C_Q)         0.478     5.636 r  cpu_inst/id_ex_reg_reg[rs1][4]/Q
                         net (fo=11, routed)          1.054     6.690    cpu_inst/instr_mem_inst/id_ex_reg_reg[rs1][4]
    SLICE_X2Y6                                                        r  cpu_inst/instr_mem_inst/ex_alu_result0_i_79/I1
    SLICE_X2Y6           LUT6 (Prop_lut6_I1_O)        0.296     6.986 r  cpu_inst/instr_mem_inst/ex_alu_result0_i_79/O
                         net (fo=1, routed)           0.493     7.480    cpu_inst/instr_mem_inst/ex_alu_result0_i_79_n_0
    SLICE_X3Y6                                                        r  cpu_inst/instr_mem_inst/ex_alu_result0_i_42/I3
    SLICE_X3Y6           LUT5 (Prop_lut5_I3_O)        0.124     7.604 r  cpu_inst/instr_mem_inst/ex_alu_result0_i_42/O
                         net (fo=33, routed)          0.999     8.603    cpu_inst/data_mem_inst/ex_alu_result0_10
    SLICE_X10Y8                                                       r  cpu_inst/data_mem_inst/pair0_reg_reg_i_50/I1
    SLICE_X10Y8          LUT5 (Prop_lut5_I1_O)        0.124     8.727 r  cpu_inst/data_mem_inst/pair0_reg_reg_i_50/O
                         net (fo=1, routed)           0.641     9.368    cpu_inst/data_mem_inst/pair0_reg_reg_i_50_n_0
    SLICE_X10Y8                                                       r  cpu_inst/data_mem_inst/pair0_reg_reg_i_30/I2
    SLICE_X10Y8          LUT5 (Prop_lut5_I2_O)        0.124     9.492 r  cpu_inst/data_mem_inst/pair0_reg_reg_i_30/O
                         net (fo=4, routed)           0.999    10.491    cpu_inst/dot4acc_pipeline_inst/redirect_pending_target_reg[31]_i_12_2
    SLICE_X9Y9                                                        r  cpu_inst/dot4acc_pipeline_inst/redirect_pending_target[31]_i_20/I3
    SLICE_X9Y9           LUT6 (Prop_lut6_I3_O)        0.124    10.615 r  cpu_inst/dot4acc_pipeline_inst/redirect_pending_target[31]_i_20/O
                         net (fo=1, routed)           0.000    10.615    cpu_inst/dot4acc_pipeline_inst/redirect_pending_target[31]_i_20_n_0
    SLICE_X9Y9                                                        r  cpu_inst/dot4acc_pipeline_inst/redirect_pending_target_reg[31]_i_12/S[0]
    SLICE_X9Y9           CARRY4 (Prop_carry4_S[0]_CO[3])
                                                      0.532    11.147 r  cpu_inst/dot4acc_pipeline_inst/redirect_pending_target_reg[31]_i_12/CO[3]
                         net (fo=1, routed)           0.000    11.147    cpu_inst/dot4acc_pipeline_inst/redirect_pending_target_reg[31]_i_12_n_0
    SLICE_X9Y10                                                       r  cpu_inst/dot4acc_pipeline_inst/redirect_pending_target_reg[31]_i_5/CI
    SLICE_X9Y10          CARRY4 (Prop_carry4_CI_CO[2])
                                                      0.228    11.375 f  cpu_inst/dot4acc_pipeline_inst/redirect_pending_target_reg[31]_i_5/CO[2]
                         net (fo=18, routed)          0.616    11.991    cpu_inst/dot4acc_pipeline_inst/ex_branch_taken0
    SLICE_X5Y10                                                       f  cpu_inst/dot4acc_pipeline_inst/if_id_reg[pc][31]_i_4/I1
    SLICE_X5Y10          LUT5 (Prop_lut5_I1_O)        0.313    12.304 f  cpu_inst/dot4acc_pipeline_inst/if_id_reg[pc][31]_i_4/O
                         net (fo=5, routed)           0.190    12.494    cpu_inst/dot4acc_pipeline_inst/if_id_reg[pc][31]_i_4_n_0
    SLICE_X5Y10                                                       f  cpu_inst/dot4acc_pipeline_inst/id_ex_reg[pc][31]_i_5/I2
    SLICE_X5Y10          LUT6 (Prop_lut6_I2_O)        0.124    12.618 f  cpu_inst/dot4acc_pipeline_inst/id_ex_reg[pc][31]_i_5/O
                         net (fo=5, routed)           0.565    13.183    cpu_inst/dot4acc_pipeline_inst/id_ex_reg[pc][31]_i_5_n_0
    SLICE_X7Y12                                                       f  cpu_inst/dot4acc_pipeline_inst/id_ex_reg[operand_b][31]_i_2/I4
    SLICE_X7Y12          LUT6 (Prop_lut6_I4_O)        0.124    13.307 r  cpu_inst/dot4acc_pipeline_inst/id_ex_reg[operand_b][31]_i_2/O
                         net (fo=99, routed)          0.600    13.907    cpu_inst/dot4acc_pipeline_inst/id_ex_reg_reg[valid]
    SLICE_X7Y11                                                       r  cpu_inst/dot4acc_pipeline_inst/id_ex_reg[operand_a][31]_i_1/I0
    SLICE_X7Y11          LUT3 (Prop_lut3_I0_O)        0.124    14.031 r  cpu_inst/dot4acc_pipeline_inst/id_ex_reg[operand_a][31]_i_1/O
                         net (fo=32, routed)          0.842    14.873    cpu_inst/dot4acc_pipeline_inst_n_4
    SLICE_X8Y13          FDRE                                         r  cpu_inst/id_ex_reg_reg[operand_a][0]/R
  -------------------------------------------------------------------    -------------------

                         (clock sys_clk_pin rise edge)
                                                     10.753    10.753 r  <hidden>
    W5                                                0.000    10.753 r  clk
                         net (fo=0)                   0.000    10.753    clk
    W5                                                                r  clk_IBUF_inst/I
    W5                   IBUF (Prop_ibuf_I_O)         1.388    12.141 r  clk_IBUF_inst/O
                         net (fo=1, routed)           1.862    14.003    clk_IBUF
    BUFGCTRL_X0Y0                                                     r  clk_IBUF_BUFG_inst/I
    BUFGCTRL_X0Y0        BUFG (Prop_bufg_I_O)         0.091    14.094 r  clk_IBUF_BUFG_inst/O
                         net (fo=1820, routed)        1.445    15.539    cpu_inst/clk_IBUF_BUFG
    SLICE_X8Y13          FDRE                                         r  cpu_inst/id_ex_reg_reg[operand_a][0]/C
                         clock pessimism              0.260    15.799    <hidden>
                         clock uncertainty           -0.035    15.764    <hidden>
    SLICE_X8Y13          FDRE (Setup_fdre_C_R)       -0.524    15.240    cpu_inst/id_ex_reg_reg[operand_a][0]
  -------------------------------------------------------------------
                         required time                         15.240    <hidden>
                         arrival time                         -14.873    <hidden>
  -------------------------------------------------------------------
                         slack                                  0.367    <hidden>




